date,1398 HK Equity,700 HK Equity,16 HK Equity,857 HK Equity,1 HK Equity,1928 HK Equity,3 HK Equity,2018 HK Equity,914 HK Equity,1099 HK Equity,2319 HK Equity
1930/1/13,5.85,54.16,128.1,11.14,74.018,39,12.475,29.9,30.75,24.2,11.6
1930/1/14,4.81,108.7,94.8,7.51,66.184,59.85,9.922,33.55,30.1,21.9,17.875
1930/1/15,5.58,132,126.6,8.39,85.538,38.05,12.158,49.7,26.15,28.35,17.675
1930/1/17,4.78,204.4,107.4,6.22,93.45,34.5,12.116,80,25.15,35.6,14.58
1930/3/15,5.65,144.7,121.2,8.51,92.45,32.5,12.13,47.5,29.2,30.95,19.95
1930/3/16,4.38,158.2,95.7,5.14,102.3,31.75,10.849,59,20.1,33.8,12.12
1930/3/17,5.12,225.2,115,5.76,96.75,36.4,12.843,93.7,26.75,36.1,15.94
1930/4/13,5.46,53.24,112.2,9.87,67.278,40.7,13.18,37.85,28.1,23.05,10.925
1930/4/14,4.62,96.64,97.65,8.98,76.034,56.6,11.102,43.3,28.8,20.4,19.925
1930/4/15,6.74,160.9,129.1,9.96,97.058,31.75,12.636,41.15,31.5,36.9,19.625
1930/5/13,5.41,61.56,103.2,9.24,63.362,39.6,12.418,43.25,25.55,21.55,13.425
1930/5/14,5.04,109.3,106,9.25,79.778,56.5,11.636,45.75,27.9,21.05,19.025
1930/5/16,4.1,169.9,90.95,5.32,90.3,29.55,11.15,62.6,18.7,35.65,12.48
1930/5/17,5.2,274.8,115.2,5.26,101.8,35.2,13.421,82.6,25.6,36.05,15.84
1930/6/14,4.9,118.2,106.3,9.79,79.202,58.55,11.584,50.45,26.6,21.45,17.925
1930/6/15,6.16,154.7,125.6,8.65,113.9,26.1,12.216,43.8,27.2,34.45,19.325
1930/6/16,4.29,176.1,93.05,5.29,84.55,25.95,11.686,65.85,18.62,36.95,13.48
1930/6/17,5.27,279.2,114.7,4.78,98,35.75,13.345,97.6,27.15,35.3,15.3
1930/7/13,5.09,72.72,103.3,9.22,63.074,41.5,12.369,36.6,22.95,21.55,15.875
1930/7/14,5.32,128.5,115.9,10.44,86.633,57.9,11.611,47.15,29.3,22.6,18.925
1930/7/15,5.36,142.8,120.1,7.79,112.4,32.9,11.766,42.2,24.05,30.3,17.85
1930/8/13,5.09,72.72,100.6,8.44,63.765,44.6,11.127,35.4,25.05,19.44,16.4
1930/8/16,4.99,204.8,109.5,5.24,99.15,31,12.116,89.5,22.1,40,14.82
1930/8/17,6.02,326.6,127.3,5.02,101.5,34.95,13.364,143,29.4,35.5,17.34
1930/9/13,5.41,81.36,105.5,8.56,68.027,47.95,11.586,35.25,24.9,19.46,17.375
1930/9/14,4.84,115.5,110.1,9.95,73.672,40.5,11.502,45.1,24.8,28.4,16
1930/9/15,4.46,129.3,100.5,5.37,100.2,23.3,10.909,48.25,22.75,27.1,13.6
1930/9/16,4.85,213,117.1,5.09,98.6,33.65,12.099,77.95,21.25,37.25,14.4
1930/10/13,5.47,85.72,102.6,9,70.677,56.35,11.326,33.4,27,21.35,17.65
1930/10/14,5.07,121.9,115.2,9.65,78.741,46.9,12.281,45.15,25.55,30,16.75
1930/10/15,4.95,146.6,103.9,6.06,106.5,28.15,11.826,49.4,23.75,32.1,15.06
1930/10/17,6.31,349.6,127.7,5.09,98.7,36.5,13.473,141.4,33.25,34.75,21.85
1930/11/15,4.69,154.3,95.3,5.51,101.7,26.2,11.435,54.35,21.15,32.55,12.34
1930/11/16,4.75,193.7,101.5,5.27,94.5,38.2,11.934,70.2,22.45,36.2,15.9
1930/11/17,6.07,398,127.6,5.25,98.3,37.95,13.855,156.3,37.5,30.7,19.84
1930/12/13,5.22,99.16,98,8.48,70.562,62.6,11.04,37.75,29,22.35,18.25
1930/12/14,5.56,113.3,118.2,8.53,74.997,38.4,12.144,41.4,28.15,27.25,16.025
1930/12/15,4.68,150.7,93.8,5.14,104.7,26.4,11.465,50.25,20.8,30.8,12.7
1930/12/16,4.65,189.7,98,5.78,87.9,33.7,11.355,70.45,21.1,31.95,14.94
1931/1/13,5.84,54.28,127.3,11.06,73.269,39.1,12.418,30,30.45,23.75,11.325
1931/1/14,4.81,108.7,94.8,7.51,66.184,59.85,9.922,33.55,30.1,21.9,17.875
1931/1/17,4.78,204.4,107.4,6.22,93.45,34.5,12.116,80,25.15,35.6,14.58
1931/3/14,4.77,107.9,95,8.45,74.075,57.95,10.506,40.15,33.25,21.25,19.425
1931/3/15,5.72,147.2,119.6,8.58,91.471,32.1,12.253,47.85,29.35,31.65,20.6
1931/3/16,4.34,158.4,94.85,5.16,100.7,31.6,10.894,59.3,20.8,35.05,12.34
1931/3/17,5.08,222.8,114.2,5.69,95.6,36,12.843,90.95,26.4,36.05,16.1
1931/5/13,5.47,61.56,103.2,9.04,63.246,41.2,12.418,44.05,25.35,21,13.525
1931/5/16,4.12,173.3,91.4,5.34,90.2,29.8,11.21,62.9,18.8,36,12.86
1931/5/17,5.21,267.6,115.3,5.19,101.6,35.95,13.769,82.6,25.85,35.6,15.76
1931/7/13,5.1,70.36,103.5,9.07,62.786,41.95,12.344,36.1,22.95,21.2,15.525
1931/7/14,5.33,128.4,117.9,10.18,86.805,57.65,11.584,46.4,29.35,22.85,18.85
1931/7/15,5.34,144.7,119.1,7.69,115.1,34.3,11.886,44,24.1,29.8,17.525
1931/7/17,5.47,313.4,121,5.03,102.9,36.25,13.436,105.1,28.9,32.75,15.22
1931/8/15,4.58,131.8,98.2,6.44,103.3,26.9,10.984,43.65,23.45,29.35,13.55
1931/8/16,4.93,201.8,109.2,5.18,99.7,30.5,12.231,88.45,21.8,39.75,14.72
1931/8/17,5.86,329,130.6,5,102.4,35.05,13.455,142.7,29.2,35.35,18.28
1931/10/13,5.43,84.64,101.6,8.88,69.813,55.1,11.251,34.25,27.05,21,17.05
1931/10/14,5.13,123.6,115.6,9.71,79.26,48.3,12.363,46.45,25.4,30.3,17.125
1931/10/16,4.67,205.8,115.8,5.34,95.95,33.75,12.562,74,21.5,37.75,14.7
1931/10/17,6.19,349.8,127.6,5.09,99.05,36.75,13.436,142.8,33.35,34.9,21.6
1931/12/13,5.24,98.92,98.35,8.5,70.504,63.35,11.04,37.65,28.75,22.25,18.4
1931/12/14,5.66,112.5,118.3,8.6,75.055,38.15,12.13,41.55,29.05,27.45,16
1931/12/15,4.68,152.5,93.6,5.08,104.6,26.55,11.42,50.55,20.85,31.1,12.64
2001/1/13,5.5,49.8,116.2,10.98,68.546,33.95,11.939,27.1,28.2,24.25,11
2001/1/14,5.24,98.92,98.35,8.5,70.504,63.35,11.04,37.65,28.75,22.25,18.4
2001/1/15,5.66,112.5,118.3,8.6,75.055,38.15,12.13,41.55,29.05,27.45,16
2001/1/16,4.68,152.5,93.6,5.08,104.6,26.55,11.42,50.55,20.85,31.1,12.64
2001/2/13,5.87,53.72,125.7,11.1,72.751,39.05,12.503,29.8,30.85,23.55,11.625
2001/2/16,4,147,84.2,4.61,97.55,26.9,10.068,51.2,15.34,28.1,11.16
2001/2/17,4.77,206.6,107.8,6.13,92.2,33.75,12.132,77.9,25.7,35.45,14.32
2001/3/13,5.52,53.72,117.7,10.5,68.488,36.8,12.221,32.7,29.2,23.95,10.875
2001/3/16,3.91,144.5,89.3,5.16,94.8,27.3,10.263,54,16.58,29,11.08
2001/3/17,5.04,206.8,115.6,5.83,96.3,33.65,12.38,82.65,27,36.55,15.4
2001/4/13,5.44,49.36,104.6,10.18,66.011,40.25,12.785,37.3,25.75,25.05,11.15
2001/4/14,4.76,112.7,95.85,8.56,75.227,63.5,10.68,41.4,33.4,21.5,19.725
2001/4/15,5.76,148,119.5,8.63,91.702,32.65,12.199,49.45,29.8,31.4,20.275
2001/4/16,4.22,158.5,92.85,5.07,100.8,30.1,10.729,58.5,20.65,33.9,12.2
2001/5/13,5.46,53.24,112.2,9.87,67.278,40.7,13.18,37.85,28.1,23.05,10.925
2001/5/14,4.62,96.64,97.65,8.98,76.034,56.6,11.102,43.3,28.8,20.4,19.925
2001/5/15,6.74,160.9,129.1,9.96,97.058,31.75,12.636,41.15,31.5,36.9,19.625
2001/5/17,5.08,243.4,116.7,5.48,97.15,35.3,12.843,114.2,27.25,34.9,15.06
2001/6/15,6.82,156.1,132.9,9.17,122.7,28.85,12.772,44.45,33.35,38.85,21.75
2001/6/16,4.12,170.4,91.7,5.37,89.15,27.8,11.27,62.75,18.5,36.4,12.76
2001/6/17,5.3,271.2,117.7,5.17,101.2,34.65,13.802,82.6,26,35.35,15.86
2001/7/13,4.89,60.84,100.1,8.25,60.597,36.55,11.773,43.8,21,19.48,13.875
2001/7/14,4.9,118.2,106.3,9.79,79.202,58.55,11.584,50.45,26.6,21.45,17.925
2001/7/15,6.16,154.7,125.6,8.65,113.9,26.1,12.216,43.8,27.2,34.45,19.325
2001/7/16,4.29,176.1,93.05,5.29,84.55,25.95,11.686,65.85,18.62,36.95,13.48
2001/8/13,5.11,72.12,104.4,9.15,64.283,42.35,12.543,37.2,23.6,21,16.1
2001/8/14,5.24,128.2,115.5,10.14,82.716,56.45,11.639,45.65,28.8,22.25,19.05
2001/8/16,4.47,184.5,110.6,5.31,91.75,30.05,11.868,71.95,20.5,38.4,13.3
2001/8/17,5.54,314.4,121,5.08,104.3,36.05,13.436,105.2,29.4,33.05,15.16
2001/9/14,5.09,126.6,117.5,11.22,81.564,48.9,12.062,49.6,28.1,27.45,17.95
2001/9/15,4.5,127.2,94.9,6.19,101.2,26.25,10.849,43,23.05,26.9,12.625
2001/9/16,4.97,202.6,109.3,5.14,99.55,32.45,12.149,87,21.8,39.4,15.42
2001/9/17,5.8,326.2,129.7,5.06,101.7,36.5,13.436,142.1,29.45,36.2,19.48
2001/10/13,5.41,81.36,105.5,8.56,68.027,47.95,11.586,35.25,24.9,19.46,17.375
2001/10/14,4.84,115.5,110.1,9.95,73.672,40.5,11.502,45.1,24.8,28.4,16
2001/10/15,4.46,129.3,100.5,5.37,100.2,23.3,10.909,48.25,22.75,27.1,13.6
2001/11/13,5.42,84.52,102.3,8.82,70.504,56.1,11.301,35.35,26.95,21.55,16.85
2001/11/16,4.75,207.2,118.4,5.4,96.9,34.7,12.81,73.75,22,38.15,14.66
2001/11/17,6.26,360,129,5.11,99.45,38.3,13.491,144.5,32.25,34.3,21.55
2001/12/14,5.13,120.3,112.1,8.04,79.432,45.5,12.144,44.3,25.8,27.95,15.25
2001/12/15,4.74,154.3,97.55,5.65,103.3,27.2,11.645,56.4,21.65,33,12.34
2001/12/16,4.79,194.5,101.5,5.52,94.7,38,11.818,69.95,22.5,35.95,15.74
2001/12/17,6.08,385,127,5.24,99.2,38.55,14,153.4,37.05,31.3,19.98
2002/1/13,5.7,51.48,118.8,11.18,70.159,35.75,12.08,27.6,29.5,24.6,11.175
2002/1/14,5.2,100.9,98.05,8.46,70.735,63.95,11.065,40.55,28.5,21.7,18.4
2002/1/15,5.77,112.8,118.5,8.69,75.861,37.7,12.13,41.2,29.3,27.35,16.025
2002/1/17,4.65,189.7,98,5.78,87.9,33.7,11.355,70.45,21.1,31.95,14.94
2002/2/15,5.5,135.8,127.4,8.44,86.172,37.7,12.171,48.55,25.65,28.05,17.5
2002/2/16,3.91,145.6,83.25,4.57,97.1,26.75,10.203,52.05,15.3,26.95,11.52
2002/2/17,4.73,205.2,107.2,6.09,92,33.55,12.017,79,25.4,35.1,14.7
2002/3/15,5.68,136.7,121.1,8.94,90.089,35.3,11.912,50.6,26.7,26.9,17.425
2002/3/16,4.04,148.3,91.85,5.34,97.7,29.25,10.609,56,18.34,29.8,11.3
2002/3/17,5.01,206.4,114.3,5.86,96.2,33.35,12.545,82.85,26.65,35.65,15.2
2002/4/13,5.37,48.56,106.4,10.28,66.472,39.9,12.926,36.5,25.7,24.9,10.975
2002/4/14,4.69,112.3,99.75,8.55,77.704,63.35,10.58,40.7,34.5,21.65,19.8
2002/4/15,5.85,149.8,121,8.75,91.817,32.5,12.267,50.45,29.95,31.5,20.05
2002/5/13,5.42,54.68,110,9.66,66.933,40.3,13.096,37.65,28.15,23.15,11.025
2002/5/14,4.62,99.08,98,8.94,77.071,57.8,11.028,44.25,29.25,20.4,20.45
2002/5/16,4.21,158.9,98.05,5.71,93,27.8,10.879,53.95,20.55,33.3,13.18
2002/5/17,5.07,248.4,117.4,5.45,97.75,35.3,12.81,113.4,27.1,34.5,14.76
2002/6/14,5.04,109.3,106,9.25,79.778,56.5,11.636,45.75,27.9,21.05,19.025
2002/6/15,6.78,157.2,133.9,9.15,122.9,28.5,12.731,44.55,32.8,37.5,21.225
2002/6/16,4.16,170.2,92.2,5.42,90.35,27.95,11.45,64.8,18.48,36.15,13.56
2002/6/17,5.4,270,118.3,5.17,101.9,35.1,13.802,82.6,25.85,35.5,15.84
2002/7/13,4.75,60.36,99.95,8.8,60.136,37,11.698,43.75,20.55,19,14.45
2002/7/14,4.97,122.8,107.7,9.93,81.967,60.3,11.721,52.5,27.55,21.6,17.65
2002/7/15,6.15,156.5,126.9,8.62,113.8,29.25,12.126,42.65,26.7,33.8,18.825
2002/8/13,5.09,72.04,104.1,9.19,65.378,42.75,12.543,36.05,24.6,22.15,16.225
2002/8/16,4.47,184.5,110.6,5.31,91.75,30.05,11.868,71.95,20.5,38.4,13.3
2002/8/17,5.55,312.6,121.4,5.02,107.5,35.6,13.455,110.2,29.1,32.9,15.26
2002/9/13,5.22,75.28,101.7,8.54,65.147,46.5,11.338,35.6,25.8,19.2,16.4
2002/9/14,5.05,125.7,117.7,11.16,81.448,48.8,12.294,49.25,28.1,27.8,17.75
2002/9/15,4.44,127.4,95.1,6.03,102.6,25.4,10.819,44.1,22.9,26.15,12.525
2002/9/16,4.9,201.8,111.9,5.18,102.8,32.25,12.05,86.55,21.75,39.95,15.18
2002/10/13,5.46,83,105.8,8.52,70.619,48.7,11.624,36.4,25.15,19.42,17.5
2002/10/14,4.84,115.5,110.1,9.95,73.672,40.5,11.502,45.1,24.8,28.4,16
2002/10/15,4.55,135.5,100.1,5.54,103.4,24.75,10.984,49.2,24.5,27.65,14.5
2002/10/17,5.8,336.2,126.9,4.95,99.85,40.65,13.345,131.2,31.15,34.4,21.85
2002/11/15,4.84,147.5,100.6,5.99,103.7,27.9,11.675,48.75,23.5,31.95,13.78
2002/11/16,4.65,204.4,117.3,5.28,95.85,34.25,12.678,72,21.75,37.25,14.74
2002/11/17,6.23,361.8,128.7,5.3,99.2,38.05,13.436,142.4,32.35,34,21.15
2002/12/13,5.6,90.84,99.9,9.21,70.907,59.5,11.413,36.1,30.85,23.3,17.975
2002/12/14,5.23,119.6,113.3,8.19,79.836,44.25,12.376,43.6,25.85,28.35,15.15
2002/12/15,4.75,153.7,97.95,5.7,103.6,27.4,11.675,55.85,22.4,33.7,12.34
2002/12/16,4.75,191,101,5.49,93.8,36.5,11.669,68.6,22.6,35.8,15.32
2003/1/13,5.81,51.92,117.7,11.3,69.352,36.45,11.967,27.2,29.4,24.55,11.15
2003/1/14,5.06,98.8,96.4,8.2,69.41,63.4,10.829,38.9,27.7,21.85,17.975
2003/1/17,4.68,189.4,100.7,5.8,90.8,33.6,11.372,70.55,21.45,31.85,15.06
2003/2/14,4.81,108.7,94.8,7.51,66.184,59.85,9.922,33.55,30.1,21.9,17.875
2003/2/15,5.58,135.1,125,8.6,85.711,37.8,12.062,50.45,26.4,28,17.65
2003/2/16,3.88,141.6,80.9,4.38,95.35,25.85,10.158,49.85,14.58,26.15,11.02
2003/2/17,4.7,205,108,6.04,91.75,33.85,12.099,78.85,25.6,37,14.92
2003/3/14,4.59,120.4,96.65,8.09,69.525,64,10.357,35,28.1,21.15,20.1
2003/3/15,5.58,135.3,122.3,8.76,89.801,35.9,11.98,50.85,26.25,26.9,17.475
2003/3/16,4.04,147.6,92,5.35,97.55,28.65,10.458,54.1,17.94,30.2,10.96
2003/3/17,4.93,207.2,113,5.85,95.35,33.15,12.446,82.9,26.1,35.35,14.96
2003/4/13,5.34,48.56,105.6,10.28,66.011,39.5,12.983,37.3,26.15,25.05,10.8
2003/4/14,4.71,109.3,99.5,8.59,77.992,64.05,10.68,41.65,35.6,21.45,20.4
2003/4/15,5.85,149.8,121,8.75,91.817,32.5,12.267,50.45,29.95,31.5,20.05
2003/4/17,5.11,225.2,115.3,5.68,95.45,36,12.992,92.2,27.25,36.35,15.74
2003/5/13,5.43,54.2,110.6,9.53,66.875,40.4,13.18,37.7,28.2,23.25,11.225
2003/5/16,4.1,155.3,94.2,5.63,92.4,28,10.744,54.25,19.86,33,13.32
2003/5/17,5.07,248.4,117.4,5.45,97.75,35.3,12.81,113.4,27.1,34.5,14.76
2003/6/13,5.4,60.64,102,9,62.843,41.35,12.418,44.25,25.05,20.75,14.05
2003/6/14,5.14,112,107.9,9.34,80.469,55.7,11.785,47.6,28.9,21.15,18.975
2003/6/15,6.72,158.1,134,9.13,118,28.45,12.592,43.55,32.7,36.95,21.075
2003/6/16,4.19,170.8,92.7,5.38,91.35,27.7,11.585,64.05,18.6,36.35,13.58
2003/7/13,4.56,59.76,97.7,8.8,58.869,35.8,11.562,42.4,19.52,19,13.9
2003/7/14,4.99,124.7,107.7,9.81,81.909,59.7,11.611,52.7,29.1,21.9,17.7
2003/7/15,6.21,155.1,125.4,8.67,112.8,29.45,12.081,42.45,26.2,32.6,18.525
2003/7/17,5.03,280.8,115.5,4.77,97.45,35.3,13.182,97.8,27.5,35.6,15.04
2003/8/15,5.31,144,118.2,7.47,113.7,33.9,11.796,43.5,24.65,29,16.775
2003/8/16,4.39,181.5,106.1,5.21,91.25,29.3,11.702,73.7,20.7,39,13.02
2003/8/17,5.62,308.6,122.2,5.01,108.5,35.6,13.491,107.2,28.45,32.8,15.2
2003/9/13,5.25,75.96,101.7,8.59,65.147,46.4,11.45,36.5,26.5,19.36,16.275
2003/9/14,5.28,129.3,119.2,11.5,83.753,48.45,12.431,52,28.55,28.5,17.75
2003/9/15,4.44,127.4,95.1,6.03,102.6,25.4,10.819,44.1,22.9,26.15,12.525
2003/10/13,5.5,83.96,105.7,8.64,72.002,50.6,11.586,36.05,25.55,19.8,18.025
2003/10/14,4.87,116,108.7,10,73.787,40.1,11.529,43.6,25.05,28.85,15.975
2003/10/16,4.91,216.8,116.9,5.12,99.45,34.25,12.132,79.95,21.5,38.3,14.84
2003/10/17,6.26,346.8,127.8,4.99,99.9,40.85,13.364,135,32.25,34.35,21.5
2003/11/14,5.09,123.8,115.6,9.56,79.375,48.4,12.417,47.55,25.2,29.85,17.1
2003/11/15,4.85,150.5,99.75,6,104.2,28.95,11.826,49.35,23.45,31.85,13.72
2003/11/16,4.64,202,115.8,5.26,95.45,33.95,12.529,71.3,21.7,36.65,14.62
2003/11/17,6.25,368,128,5.28,99.15,37.85,13.455,139.7,32.1,33.8,21.3
2003/12/13,5.58,89.56,99.2,9.12,71.368,61,11.475,36.5,31.35,23.3,17.75
2003/12/14,5.22,117.7,112.7,7.94,79.317,42,12.199,42.45,26.6,27.9,14.875
2003/12/15,4.73,154.4,97.1,5.67,103.3,27.3,11.57,54.55,22.2,33.85,12.4
2004/1/13,5.79,51.84,118.8,11.2,69.64,36.65,11.939,28.4,29,25.1,10.95
2004/1/16,4.52,149.1,93.2,5.02,103,25.75,11.21,49.8,20,30.2,12.46
2004/1/17,4.65,189,100.9,5.73,90.15,33.4,11.355,71.45,20.95,32.25,14.86
2004/2/13,5.89,53.76,125.3,10.94,72.29,39.05,12.56,29.35,30.95,23.3,11.725
2004/2/14,4.66,102.1,93.55,7.33,66.184,59.05,9.798,33.25,28.75,21.4,17.725
2004/2/15,5.57,133.9,124.6,8.76,84.905,37.7,12.035,52.35,26,27.9,17.95
2004/2/16,3.94,141.9,82.15,4.61,96.9,24.6,10.338,50,14.78,26.6,11.38
2004/3/13,5.4,54.84,114.5,10.36,67.278,36.35,12.164,32,27.8,24.25,11.1
2004/3/14,4.6,122.5,95.65,8.24,71.195,64.8,10.357,34.4,28.2,21.1,20.5
2004/3/15,5.51,133.3,120.1,8.59,88.879,35.3,12.021,52.35,26.1,27.3,17.65
2004/3/16,4.09,147.2,94.1,5.38,98.85,28.75,10.518,54,19.28,30.8,10.98
2004/4/13,5.34,48.56,105.6,10.28,66.011,39.5,12.983,37.3,26.15,25.05,10.8
2004/4/14,4.74,105,99.9,8.69,77.013,63.35,10.742,41.6,35.25,21.4,20.25
2004/4/16,4.22,158.5,92.85,5.07,100.8,30.1,10.729,58.5,20.65,33.9,12.2
2004/4/17,5.11,225.2,115.3,5.68,95.45,36,12.992,92.2,27.25,36.35,15.74
2004/5/15,6.69,158,134.4,10.04,97.634,32.8,12.69,39.85,33.05,36.25,20.35
2004/5/16,4.05,154.5,93.95,5.57,93,27.45,10.774,53.9,19.5,33.3,12.92
2004/5/17,5.03,243.8,118.1,5.37,97.7,35.15,12.86,109.9,25.95,34.15,14.74
2004/6/13,5.38,60.68,101.5,9.07,62.67,41.6,12.56,46.4,25.05,20.85,14.375
2004/6/14,5.16,109.2,106.1,9.31,80.354,55.6,11.81,46.5,28.75,20.85,18.775
2004/6/15,6.75,157.8,131.6,9.06,114.3,29.8,12.562,43.85,32,36.2,21.25
2004/7/13,4.67,61.28,98.65,8.96,59.618,36.65,11.711,40.5,19.54,18.94,14.25
2004/7/14,5.01,125.1,107.1,9.81,81.276,61.15,11.557,52.4,29.55,22.1,17.575
2004/7/16,4.28,178.9,96.75,5.35,84.4,26.45,11.868,65.2,18.96,37.85,13.5
2004/7/17,4.96,269.2,115.1,4.9,96.5,34.65,13.145,95.5,27.45,34.7,14.72
2004/8/14,5.29,129.2,114.5,10.1,82.716,56.75,11.625,47.45,29.4,23,19
2004/8/15,5.28,143,118.7,7.36,114.3,33.8,11.976,42.1,25.65,30,16.075
2004/8/16,4.41,182.6,107.7,5.23,91.65,29.6,11.802,72.65,20.75,38.65,12.92
2004/8/17,5.63,311.4,123.5,5.02,105.1,35.65,13.545,108.3,28.15,33,15.36
2004/9/13,5.23,75.8,101.6,8.48,64.283,46.05,11.35,37.75,26,19.44,15.975
2004/9/14,5.3,129.4,118.5,11.62,82.6,48.7,12.445,51.8,28.45,28.05,18.025
2004/9/15,4.4,127.4,94.65,5.81,102,26.9,10.894,47,22.7,27.7,12.875
2004/9/17,5.77,322,128.6,5.05,100.6,36.75,13.527,144.9,29.1,36.15,19.4
2004/10/13,5.51,83.84,105.1,8.61,70.965,50.3,11.562,36.25,25.9,19.96,18.225
2004/10/16,4.95,217.4,116.4,5.19,99.45,34.65,12.116,79.25,22.15,38,14.82
2004/10/17,6.37,349.4,130.4,5.02,101,40.7,13.345,136.6,31.9,34.15,21.35
2004/11/13,5.41,83.36,103,8.79,71.541,55.3,11.363,33.45,26.7,21.1,16.5
2004/11/14,5.09,122.7,115.3,9.6,78.05,46.8,12.376,46.05,25.55,31.65,17
2004/11/15,4.98,153,100.7,6.24,105.8,29.5,12.036,51,24.3,32.65,13.92
2004/11/16,4.65,200,115.4,5.3,95.5,34.05,12.479,70.05,22.2,36.2,14.68
2004/12/13,5.51,88.72,98.15,8.97,71.08,60.4,11.288,36.5,31.5,23.7,17.875
2004/12/14,5.34,118.2,112.5,8.5,79.144,40.7,12.13,43.1,27.45,27.7,14.875
2004/12/15,4.65,151,96.8,5.54,103.7,26.65,11.495,53.55,21.8,33.35,12.96
2004/12/17,6.07,388.4,124.9,5.32,98.9,38.35,14.055,153.2,37.65,30.8,20.15
2005/1/15,5.8,113.5,117.6,8.74,75.112,37.25,11.994,41.35,29.1,27.45,15.825
2005/1/16,4.48,147.4,93.05,4.94,102.6,25.9,11.21,49.5,19.34,29.5,12.52
2005/1/17,4.71,193.3,102.6,5.97,90.7,34,11.438,74,21.65,32.6,14.46
2005/2/13,5.72,53.08,121.3,10.64,70.274,38.3,12.221,28.95,30.8,23.2,11.725
2005/2/14,4.63,102.1,93.15,7.39,65.205,54.65,9.686,33.6,28.9,21.1,17.625
2005/2/15,5.67,135.2,124.4,8.56,84.386,37.2,11.939,51.25,26.1,27.25,18.175
2005/2/16,3.99,143.9,82.7,4.71,95.15,24.95,10.353,50,14.7,26.9,11.44
2005/3/13,5.37,55.08,115.7,10.46,66.99,35.8,12.221,33,28.1,25.1,11.05
2005/3/14,4.55,124.5,94.15,8.06,71.771,66.15,10.27,34.75,28.3,21.1,20.225
2005/3/15,5.43,132.1,119.8,8.45,88.245,34.5,11.966,52.1,25.4,27.5,17.95
2005/4/13,5.2,47.44,103.9,9.85,64.974,37.55,12.644,36.75,25.9,24.7,10.775
2005/4/16,4.13,156.6,91.25,4.86,98.8,29.2,10.609,58.5,20.5,34.45,12.26
2005/4/17,5.11,228.8,117,5.7,95.45,36.95,13.058,91.7,28.1,36.25,15.46
2005/5/14,4.62,98.52,96.95,8.77,71.195,57.1,10.903,45.2,28.75,20.25,19.9
2005/5/15,6.52,157.6,132.9,9.93,95.849,33.15,12.677,42.6,32.15,36.3,20.325
2005/5/16,4.03,153.2,93.2,5.54,92.6,27.55,10.789,52.4,19.3,33.1,12.62
2005/5/17,4.96,243.8,116.6,5.24,97.1,34.8,12.777,107.1,25.45,33.7,14.32
2005/6/13,5.36,60.08,100.2,9,60.942,40.05,12.362,46.05,24.6,21,14.15
2005/6/14,5.17,108.4,107.7,9.38,79.605,54.85,11.81,47.15,28.4,21,18.875
2005/6/15,6.62,154.7,131,8.91,114.3,30.1,12.472,43.5,32.6,37.8,21.5
2005/6/17,5.34,271.6,118.3,5.16,100.8,34.7,13.835,81.43,25.4,35.75,15.94
2005/7/13,4.82,61.68,100.2,8.97,60.597,37.25,12.12,40.25,20.95,18.72,14.2
2005/7/16,4.2,176.4,97.55,5.23,83,25.5,11.702,65.5,18.48,36.6,13.2
2005/7/17,4.96,271,115.4,4.94,96.65,34.8,13.218,96.2,27.45,34.5,14.98
2005/8/13,5.07,74.2,104.8,9.13,66.011,42.7,12.449,36.5,24.95,22.15,16.025
2005/8/14,5.24,133.5,114.7,10.12,82.37,56.1,11.652,48.6,29.85,23.2,18.85
2005/8/15,5.34,142.4,119.1,7.38,113.1,34.4,12.006,42.2,26.9,29.85,16.875
2005/8/16,4.48,184.6,111,5.27,92.5,29.9,11.851,74.95,21.4,38.75,13.04
2005/9/13,5.29,77.52,102.5,8.7,65.09,46.3,11.512,37.45,26.25,19.74,16.225
2005/9/14,5.33,128.3,118.4,11.48,81.621,48.2,12.281,49.7,27.85,28,18.525
2005/9/16,4.98,210.2,117.1,5.24,103.2,33,12.083,86.55,22.35,40.55,15.28
2005/9/17,5.8,321.8,128.5,5.03,100.4,36.65,13.527,143.8,29.15,36.4,19.24
2005/10/15,4.61,139.7,100.9,5.59,103.9,25.6,11.195,48.85,24.85,28.45,14.8
2005/10/16,4.96,217.4,116.2,5.35,99.25,34.9,12.149,79.15,22.35,38.65,14.9
2005/10/17,6.37,349.4,130.4,5.02,101,40.7,13.345,136.6,31.9,34.15,21.35
2005/11/13,5.34,82.36,102,8.71,70.159,54.25,11.276,31,26.65,21.1,16.475
2005/11/14,5.03,124,114.5,9.36,77.359,45.25,12.404,45.7,25.85,32,16.675
2005/11/15,4.97,152.3,100.7,6.19,104.8,29.2,11.901,51.3,24.15,33.2,13.68
2005/12/13,5.51,89.96,98,9.06,70.907,61.65,11.226,37.1,31.2,23.8,17.95
2005/12/14,5.48,118.9,114.8,8.64,80.239,41.1,12.253,43.2,27.15,27.95,15.125
2005/12/16,4.77,190,101.5,5.47,93.4,37.25,11.653,69,22.45,35.45,15.62
2005/12/17,6.02,376,123.3,5.31,98.95,37.95,14.091,149.8,38.1,30.7,20.1
2006/1/14,4.96,99.12,97.1,8.14,69.295,63.3,10.792,38.95,26.15,22.55,17.85
2006/1/15,5.71,120,116.6,8.53,73.154,35.95,11.871,41.65,28.7,27.15,15.8
2006/1/16,4.41,146,92.1,4.88,102.5,25.45,11.074,46.95,19.32,29.5,12.34
2006/1/17,4.73,195.1,103.4,6.04,90.15,33.65,11.455,75,21.75,32.8,14.54
2006/2/13,5.71,53.4,120.8,10.62,70.85,36.3,12.249,29.3,30.75,23.35,11.775
2006/2/14,4.66,101.7,92.3,7.43,65.32,60.6,9.773,33.5,29.95,21.05,17.525
2006/2/15,5.61,134.2,124.8,8.57,86.46,38.35,11.912,51.4,25.85,27.5,18.175
2006/2/17,4.74,207.4,108.2,6.07,91.65,32.75,12.149,79.7,25.15,37.55,15
2006/3/13,5.5,55.76,116.5,10.66,67.278,36.45,12.249,32.75,28.55,25.45,11.35
2006/3/14,4.52,127,94.4,8.1,72.347,66.25,10.407,34.75,28.65,21.1,20.1
2006/3/15,5.44,131.7,121.7,8.41,87.669,33.95,11.994,53.45,25.75,27.5,18.05
2006/3/17,4.95,209.2,112,5.88,95.45,33.2,12.463,85.3,26.4,35.4,15.3
2006/4/15,5.85,149.8,121,8.75,91.817,32.5,12.267,50.45,29.95,31.5,20.05
2006/4/16,4.11,159,91.4,4.85,99.8,29.65,10.624,58,20.55,34.9,12.26
2006/4/17,5.03,228,117,5.65,95.7,37.3,13.091,90.7,27.9,35.9,15.62
2006/5/13,5.5,54.96,111.7,9.73,67.509,41.45,13.237,37.65,29.05,23.05,10.975
2006/5/14,4.62,98.52,96.95,8.77,71.195,57.1,10.903,45.2,28.75,20.25,19.9
2006/5/15,6.49,156,131.8,9.86,95.215,32.75,12.704,43.6,31.15,35.1,21.85
2006/5/16,3.98,153.9,91.55,5.36,92.7,26.95,10.759,51.9,18.78,32.4,12.3
2006/6/13,5.3,60.04,99.95,8.93,60.942,39.9,12.193,45.5,24.4,20.85,13.8
2006/6/14,5.16,108.2,107.6,9.37,77.992,54.35,11.516,47.35,27.4,21,18.725
2006/6/16,4.18,173.8,92.95,5.45,92.1,27.25,11.66,64.45,18.74,37.45,13.36
2006/6/17,5.34,273.6,124.1,5.13,101.6,34.4,13.835,81.43,25.7,35.55,15.7
2006/7/15,6.11,146.5,123.3,8.51,108.9,29,12.021,41.25,25.9,30.5,18.025
2006/7/16,4.18,174.3,97,5.14,82.4,24.8,11.686,63.8,18.26,36.2,12.96
2006/7/17,4.94,271.8,115.8,4.88,97.25,34.4,13.218,97.5,27.4,34.8,15.02
2006/8/13,5,75.12,103.1,9.04,64.802,42.55,12.406,36.6,24.4,21.55,16.2
2006/8/14,5.22,132.9,114.5,10.12,82.485,55.55,11.68,48.75,29.8,23.8,18.95
2006/8/15,5.34,140.9,117,7.31,114.2,34.6,11.901,42.05,26.75,29.85,16.875
2006/9/13,5.28,77.4,102,8.7,65.378,46.1,11.375,37.45,26.1,19.58,16.225
2006/9/16,5.05,215,118.1,5.24,102.2,32.95,12.066,88,22.95,40.75,15.64
2006/9/17,5.74,324.2,128.4,5.02,99.35,36.8,13.509,139.1,29.65,36.3,18.86
2006/10/14,4.91,119.7,111.7,10.02,75.458,42.95,11.625,44.55,25.25,27.9,16.325
2006/10/15,4.63,139.6,100.5,5.76,103.9,27.8,10.999,49.45,24.75,28.95,15.225
2006/10/16,5,217.4,116.9,5.57,98.7,35.5,12.116,79.4,23,38.85,15.12
2006/10/17,6.38,352,129.9,5.04,100.9,39.6,13.418,134.6,31.8,35.25,22
2006/11/13,5.32,82.4,102,8.67,69.986,54.9,11.226,31.6,26.35,20.7,16.825
2006/11/14,4.99,123.6,114.1,9.31,77.589,43.15,12.445,47.3,25.3,32.05,16.5
2006/11/15,4.87,154.5,100.3,6.05,104.1,29,11.736,52.9,24.25,33.2,13.74
2006/11/17,6.16,377,127.3,5.44,98.2,37.5,13.364,153.7,32.15,33.35,21.55
2006/12/13,5.59,92,97.75,9.14,70.389,61.9,11.239,37.3,30.35,23.65,17.975
2006/12/16,4.82,189.9,101.7,5.52,93.85,37.4,11.719,68.9,22.35,35.7,15.84
2006/12/17,5.89,366,123,5.22,98.2,37.3,14,138.9,35.9,30.05,19.7
2007/1/13,5.75,51.12,121.3,11.1,71.138,36.85,11.91,28.45,29.6,26.2,11.1
2007/1/14,4.95,98.8,96.5,8.09,69.928,65.5,10.717,38.1,26.15,22.75,17.675
2007/1/15,5.75,124.4,118.2,8.57,72.52,37.05,11.912,41.25,28.45,27.45,16.075
2007/1/16,4.29,140.2,91.65,4.56,100.4,23.6,11.044,45.05,18.56,29,12.06
2007/2/13,5.63,54.4,121.7,10.72,71.08,36.1,12.136,29.95,29.95,23.45,11.35
2007/2/14,4.7,104.9,95.3,7.55,65.09,59.2,9.624,34.7,30.8,21.3,18.4
2007/2/17,4.76,205.4,108.5,6.05,91.6,32.1,12.248,82.45,25.15,37.7,14.74
2007/3/13,5.46,55.92,116.2,10.64,67.739,35.9,12.447,31.95,28.25,25.9,11.2
2007/3/14,4.58,126.1,94.1,8.1,72.751,64.6,10.357,34.15,28.9,21.15,20.4
2007/3/16,4.13,146.5,94.6,5.41,98.15,28.55,10.548,54,18.48,31.6,11.28
2007/3/17,4.97,211.8,113,5.92,96,33.3,12.364,83,26.5,35.95,15.38
2007/4/14,4.78,100.3,100,8.7,77.128,60.25,10.754,41.5,35.1,20.9,20.575
2007/4/15,5.85,149.8,121,8.75,91.817,32.5,12.267,50.45,29.95,31.5,20.05
2007/4/16,4.07,161.8,91.9,4.88,99.25,29.75,10.669,59.35,20.8,35.4,12.4
2007/4/17,5.01,227.2,117,5.78,95.45,37.7,13.14,90.85,27.8,35.65,15.26
2007/5/13,5.55,55.04,112,9.97,68.085,41.55,13.011,38.75,29.1,22.8,10.875
2007/5/14,4.6,94.76,95.5,8.78,71.483,55.1,10.816,44.05,28.35,19.9,19.775
2007/5/15,6.42,153,129.6,9.58,92.854,32.45,12.69,42.4,30.45,33.8,20.825
2007/6/13,5.24,59.96,99.1,8.89,59.848,39.4,11.785,44,23.95,21.05,13.85
2007/6/16,4.26,176.6,94.95,5.59,92.7,27.35,11.63,67.5,18.82,36.75,13.74
2007/6/17,5.3,272.8,122,5.12,101,35.05,13.802,92.55,26.8,35.4,15.64
2007/7/14,4.99,125.4,106.9,9.78,81.736,59.9,11.516,52.45,29.1,22.15,17.625
2007/7/15,5.95,144.7,122.2,8.4,110,29.05,11.961,40.25,25,29.9,18.375
2007/7/16,4.19,176.3,98.15,5.26,83.35,25.25,11.719,65.2,18.44,37,13.3
2007/7/17,4.88,269,115.5,4.84,97.2,34.2,13.218,97.5,27.75,34.5,14.88
2007/8/13,4.93,72.04,102.6,8.8,63.938,42.55,12.319,35.95,23.95,20.9,16.25
2007/8/14,5.16,128.3,115.3,10.12,82.428,52.35,11.693,48.7,29.5,23.6,18.925
2007/8/15,5.39,142.1,117.1,7.3,115.3,35.15,11.871,42,26.85,30.1,16.7
2007/8/17,5.65,320.6,123,5.02,104.6,35.75,13.564,110.4,28.95,33.05,15.42
2007/9/15,4.33,126.4,93.85,5.77,101,26.55,10.864,45.45,22.7,26.8,12.725
2007/9/16,5.06,213.2,118.1,5.23,102.1,33.05,12.05,87.6,22.95,40.05,15.62
2007/9/17,5.76,320.6,128.5,4.98,99.35,37.45,13.509,137.5,29.55,35.7,19.08
2007/10/13,5.47,83.44,102.4,8.55,71.311,49.95,11.413,36.5,25.6,19.92,17.9
2007/10/14,4.96,119.6,112.7,10.08,76.264,43.25,11.584,44.5,25.35,28,16.55
2007/10/15,4.86,142,102.5,6.29,104.1,27.65,11.24,49.5,25.05,28.85,15.7
2007/10/16,5,216.2,117.2,5.52,98,34.8,12.116,79.15,22.2,38.85,14.88
2007/11/13,5.27,81.48,101.5,8.63,69.295,54.55,11.201,31.7,26.25,20.65,16.075
2007/11/14,5,123.1,113.5,9.18,77.935,44.25,12.431,46.2,25.55,32.2,15.725
2007/11/16,4.69,204.2,104,5.39,95.85,35.05,12.579,72.25,22.8,36.6,14.9
2007/11/17,6.25,391,128.8,5.58,99,38,13.382,156.5,32.15,33.25,21.7
2007/12/15,4.67,150.9,96.6,5.42,103.5,26.85,11.48,53.05,21.95,33.65,13.04
2007/12/16,4.83,190.2,102.8,5.51,92.6,37.4,11.835,68.8,22.4,35.65,15.92
2007/12/17,5.89,378,121.8,5.15,97.9,38.05,13.927,143,35.1,30,19.66
2008/1/13,5.64,51.12,120.6,10.9,70.504,36.9,11.995,26.7,28.75,25.95,11.125
2008/1/14,5.04,100.3,96.7,8.11,70.101,66.1,10.692,37.05,26.85,22.75,17.975
2008/1/15,5.72,127.3,118.5,8.78,72.347,37.15,12.117,44.05,28.9,28.4,16.4
2008/1/16,4.35,142.6,91.55,4.68,99.35,22.8,11.059,47.45,18.46,29.65,11.82
2008/2/13,5.63,54.12,122.4,10.58,71.426,36.4,12.08,30.65,29.65,23.65,11.2
2008/2/16,3.99,143.9,82.7,4.71,95.15,24.95,10.353,50,14.7,26.9,11.44
2008/2/17,4.82,204,108.4,6.04,91.35,31.6,12.364,83.2,25.8,37.25,14.78
2008/3/13,5.56,56.88,114.9,10.8,68.431,36,12.531,32.2,28.4,27,11.375
2008/3/16,4.11,146.3,93.7,5.36,97.1,27.5,10.428,52.95,18.52,31.1,11.02
2008/3/17,5.02,212.2,113,5.89,96.4,33.7,12.413,82.3,26.75,36.05,15.58
2008/4/13,5.17,48.24,103.4,9.89,64.226,38,12.785,37.3,26,24.45,10.725
2008/4/14,4.9,101.9,99.85,8.73,76.725,58.9,10.804,41.55,34.1,20.45,20.65
2008/4/15,6.05,154.5,123,9.32,90.607,34.6,12.472,54.5,30.9,34.6,21.15
2008/4/16,4.11,160,92.8,4.88,99,29.6,10.729,58,20.65,35.25,12.22
2008/5/13,5.6,54.92,111.9,10.26,68.2,42,13.124,39.05,29.1,23.35,10.9
2008/5/14,4.65,94.72,95.25,8.93,72.059,52.55,11.003,43.95,28.35,19.96,19.525
2008/5/15,6.54,154,131.1,9.58,94.006,33,12.677,42.25,31.25,34.25,20.575
2008/5/17,5.01,244.8,116.5,5.25,97.65,34.4,12.81,108.5,25.3,34,14.4
2008/6/15,6.69,155.1,128.6,9.02,112.9,29.95,12.276,42.55,32.45,37.25,20.35
2008/6/16,4.28,175.9,94.05,5.72,92.5,27.25,11.721,65.6,18.72,37.05,13.92
2008/6/17,5.3,273.4,121.6,5.1,101.3,36,13.884,96.25,26.9,35.6,15.92
2008/7/13,4.74,60.48,98.9,8.9,59.618,36.8,11.872,40.9,20.5,18.44,14.3
2008/7/14,5.02,125.3,107.6,9.8,81.967,58.95,11.543,53.2,29,22.2,17.975
2008/7/15,5.5,134.8,115.1,7.96,105.2,28.05,11.6,39.05,23.7,29.55,17.625
2008/7/16,4.14,177,97.7,5.23,81.9,25.05,11.488,65.95,18.68,37.3,13.08
2008/8/13,4.95,71.28,102.7,8.82,64.398,42.85,12.449,35.95,24.25,20.7,16.075
2008/8/14,5.14,129.8,115.3,10.24,80.584,52.05,11.707,49.5,29,23.5,18.8
2008/8/16,4.56,188.8,111.9,5.31,94.15,30.6,12.033,75.15,22,40,13.22
2008/8/17,5.65,328.6,122.1,5.04,104.5,36.05,13.545,112.2,28.75,33.25,15.16
2008/9/14,5.32,126.1,118.5,11.46,81.391,47.85,12.294,50,28.1,28.05,18.675
2008/9/15,4.48,129.4,97.9,5.9,103.6,27.5,11.044,47.2,23.75,27.35,13.125
2008/9/16,5.06,215,120.8,5.23,102.2,34.5,12.099,90.2,22.85,40.05,15.64
2008/9/17,5.82,321.8,133.7,5.01,99.7,37.55,13.564,136,30.3,36.4,19.48
2008/10/13,5.51,85.2,102.6,8.68,72.002,50.7,11.475,36.15,26.25,19.98,18.05
2008/10/14,4.93,118.5,111,9.88,75.285,42.15,11.598,43.55,24.85,27.4,16.525
2008/10/15,4.87,142.1,101.8,6.14,102.6,28.1,11.33,48.75,24.65,28.85,15.275
2008/11/13,5.22,80.28,102,8.61,69.352,54.35,11.189,30.85,25.95,20.3,15.625
2008/11/16,4.74,205.6,105.7,5.4,96.1,35.35,12.612,71.65,22.9,36.75,15.32
2008/11/17,6.2,385.6,129.8,5.51,98.7,38.1,13.509,159.2,31.8,32.8,21.8
2008/12/14,5.68,118.6,114.1,8.52,79.663,39.85,12.13,42.85,27.35,28.05,14.925
2008/12/15,4.63,149.7,95.55,5.3,101.8,26,11.345,53.8,21.45,33.3,12.94
2008/12/16,4.85,190.9,103.1,5.51,92.4,37.5,11.802,68.85,22.95,34.95,16.24
2008/12/17,5.9,394,121.5,5.13,96.7,38.45,14,148.9,36.4,30.1,20.35
2009/1/13,5.69,50.64,123.5,10.92,71.829,37.45,11.995,27.85,28.7,25.8,11.325
2009/1/14,4.94,98.6,97.1,8,69.179,65.9,10.655,37.2,26.45,22.9,18.15
2009/1/15,5.73,127.2,119.1,8.81,71.887,36.8,12.103,45.65,29.35,29.55,16.65
2009/1/17,4.68,195.6,104,6.18,90,34.55,11.603,74.75,21.8,33.4,14.52
2009/2/15,5.54,132.6,123.2,8.59,85.538,38.2,11.898,50.6,25.9,26.6,17.725
2009/2/16,3.99,143.9,82.7,4.71,95.15,24.95,10.353,50,14.7,26.9,11.44
2009/2/17,4.87,204.2,108.9,6,91.2,31.65,12.314,83.45,26.95,37.05,14.92
2009/3/15,5.48,132.2,120.1,8.37,87.842,33.65,11.912,54.05,25.85,27.3,18.05
2009/3/16,4.12,145.7,93.45,5.25,97.3,27.65,10.383,53.4,18.04,30.45,10.9
2009/3/17,4.93,209.8,112.6,5.76,95.5,33.9,12.281,82.15,25.8,35.7,15.18
2009/4/13,5.23,49.52,104.4,10,64.571,38.55,12.701,36.95,27.4,24.7,10.825
2009/4/14,4.93,104.7,99.95,8.72,77.186,60.9,10.953,41.55,33.35,20.05,21
2009/4/15,6.21,159.9,125.4,9.93,95.446,36.65,12.786,55,30.6,35.9,22.6
2009/5/13,5.59,54.76,111.2,10.24,68.143,41.35,13.096,39.95,28.5,23.55,11.7
2009/5/14,4.67,95.76,95.8,8.94,72.463,55.6,10.854,41.85,27.55,20.05,19.45
2009/5/16,3.96,155.1,92.55,5.35,92.55,27.2,10.924,54.65,18.12,32.9,12.56
2009/5/17,5.04,250.8,117.5,5.32,98.45,34.95,12.942,109.7,25.7,34.15,14.46
2009/6/14,5.17,110.6,107.7,9.39,78.799,52.9,11.461,48.65,27.5,21,18.825
2009/6/15,6.61,155,127.3,8.87,112,29.45,12.111,41.85,31.45,37,20.25
2009/6/16,4.28,175.9,94.05,5.72,92.5,27.25,11.721,65.6,18.72,37.05,13.92
2009/6/17,5.22,277.4,121.5,5.08,100,36.1,13.636,99.5,26.4,35.5,15.84
2009/7/13,4.74,60.28,98.75,8.98,59.618,36.4,12.046,38.35,20.55,18.5,14.425
2009/7/14,4.95,121.2,106.1,9.65,80.181,57.25,11.42,52.75,28.2,22.05,18.025
2009/7/15,5.52,146,119.7,8.02,108.6,28.8,11.721,42,25.15,30.65,18.25
2009/8/13,4.97,71.48,103.2,8.87,65.954,42.25,12.418,36.5,24.85,21.2,16.175
2009/8/16,4.58,188.2,111.6,5.33,94.25,30.85,12.017,75.2,21.9,40.75,13.28
2009/8/17,5.62,330.2,123.9,5,105.2,36,13.491,111.2,28.8,33.1,15.5
2009/9/13,5.39,78.08,103,8.81,65.205,46.4,11.363,38.05,26.8,19.78,16.8
2009/9/14,5.32,126.1,118.5,11.46,81.391,47.85,12.294,50,28.1,28.05,18.675
2009/9/15,4.72,133.6,100,6.3,109.9,28.4,11.585,48.05,24.65,28.25,13.425
2009/9/16,5.06,213.8,120.9,5.22,102.3,35.2,12.231,86.6,22.25,39.2,15.26
2009/10/13,5.49,82.76,102.1,8.89,70.619,50.4,11.425,34.85,25.95,20.2,17.6
2009/10/14,4.97,117.9,113.3,9.93,76.264,42.65,11.994,43.95,25.35,27.6,16.8
2009/10/15,4.98,141.9,101.7,6.3,102.4,28.35,11.15,48.9,24.9,29.25,15
2009/10/17,6.32,349,129.7,5,100.8,38.55,13.418,131,31.75,35.1,22.35
2009/11/15,4.88,152,98.2,5.96,103.3,28.55,11.811,51.95,24,32.9,13.82
2009/11/16,4.58,202.4,104.3,5.2,94.05,34.65,12.496,69.95,22.15,35.3,14.98
2009/11/17,6.27,387.8,129.3,5.56,98.7,37.8,13.473,163,32.05,32.95,21.25
2009/12/13,5.6,92.48,97.4,9.08,70.562,62.9,11.251,37.3,30.25,24.25,17.8
2009/12/14,5.38,115.8,112.8,8.24,78.338,39.85,12.199,42.1,27.05,27.2,14.5
2009/12/15,4.55,150.7,94.6,5.23,101.8,26.15,11.285,54.6,21.15,33.25,12.86
2009/12/16,4.85,188.2,105.2,5.44,92.95,34.55,11.686,68.2,22.9,33.95,16.04
2010/1/13,5.75,50.68,124.5,10.94,73.211,37.35,11.91,28.15,28.8,25.8,11.5
2010/1/14,4.95,99.48,96.95,8,69.41,63.95,10.73,35.9,26.7,23,18.075
2010/1/17,4.71,198,104.7,6.18,90.95,35.3,11.95,75,22.15,35.25,14.78
2010/2/14,4.64,106.7,95.15,7.67,64.917,58.2,9.537,34.85,30.9,21.5,18.35
2010/2/15,5.56,133,124.8,8.57,85.826,37.7,11.925,49.95,25.95,27.35,18
2010/2/16,3.99,143.9,82.7,4.71,95.15,24.95,10.353,50,14.7,26.9,11.44
2010/2/17,4.86,202.6,108.3,6.12,91.5,31.95,12.331,82.65,26.75,37.75,15.58
2010/3/14,4.51,123.3,93.15,7.98,71.887,63,10.307,33.75,27.75,20.75,19.875
2010/3/15,5.43,131.1,119.3,8.3,88.188,32.4,11.871,53.3,25.85,27.15,18.25
2010/3/16,4.12,145,92.45,5.29,98.3,28.15,10.398,52.2,17.68,29.95,10.82
2010/3/17,4.91,212.4,113.5,5.68,95.65,33.8,12.298,82.3,26,35.35,15.12
2010/4/13,5.23,49.88,106.4,10.02,65.666,39.45,12.814,38.75,27.6,24.8,10.975
2010/4/14,4.89,112.6,100.5,8.86,77.877,65.05,11.077,42.35,32.5,20.45,21.375
2010/4/15,6.27,161.8,128.1,9.95,96.54,37.25,12.841,51.9,31,35.95,21.675
2010/4/17,5.04,226.4,117.6,5.77,95.7,37.2,13.14,91.5,27.9,35.75,15.2
2010/5/13,5.64,55.36,111.5,10.26,68.431,41.7,13.293,40,28.35,24.05,12.05
2010/5/16,3.99,156.4,93,5.36,93.85,27.45,10.984,54.6,18.3,33.75,12.74
2010/5/17,5.1,250.4,116.8,5.29,100.7,34.6,12.942,111,25.2,34.45,14.7
2010/6/13,5.24,61.04,98.7,8.79,59.445,40.45,11.835,44.85,23.65,20.25,14.15
2010/6/14,5.23,113.5,107,9.5,78.568,51.85,11.611,49.15,27.8,21.25,19.025
2010/6/15,6.51,153.2,125.3,8.82,110.6,29.2,11.961,41.25,31.5,37.5,20.45
2010/6/16,4.19,175.1,92.8,5.66,91.85,26.85,11.537,63.9,18.52,37.4,14.02
2010/7/13,4.8,60.88,100,9.12,61.173,38.1,12.083,35.9,20.6,18.44,14.425
2010/7/14,4.99,122.2,106.3,9.8,81.794,57.1,11.475,50,28.4,22.2,17.875
2010/7/15,5.66,148.9,120.8,8.08,111,29.55,11.751,42.6,26,32.3,18.675
2010/7/17,4.87,271.6,115.9,4.77,98.25,34.4,13.309,99.35,27.6,34.1,14.74
2010/8/15,5.35,142.8,116,7.27,115.9,36.55,11.931,42.35,27,30.3,16.575
2010/8/16,4.64,188,110.7,5.31,93.95,32.45,11.983,75.3,21.75,40.85,13.54
2010/8/17,5.47,326.6,122.2,4.99,103.3,35.75,13.509,110.9,28.95,33,15.72
2010/9/13,5.49,79.8,103.1,8.83,65.205,47.7,11.338,38.35,27.3,20.25,16.85
2010/9/14,5.19,122,117.9,11.06,79.836,46.75,12.13,48.85,27.75,28.3,18.425
2010/9/15,4.6,128.6,99.2,5.98,108.1,27.05,11.36,46.85,24.8,27.95,13.275
2010/10/13,5.45,81.96,102.6,8.82,70.504,50.5,11.363,35.8,26.05,20.55,18
2010/10/14,4.89,115.7,111.6,9.68,75.17,41.9,11.966,43.8,24.85,26.75,16.575
2010/10/16,5,216.2,117.2,5.52,98,34.8,12.116,79.15,22.2,38.85,14.88
2010/10/17,6.39,351.2,131.8,5,101.1,38.95,13.382,134.2,31.3,35.55,22.55
2010/11/14,5.05,125.7,114.5,9.21,79.836,45.1,12.526,44,25.05,32.2,15.45
2010/11/15,4.81,150.4,97.5,5.84,101.9,27.6,11.705,50.65,23.95,32.45,13.42
2010/11/16,4.66,208.2,105.9,5.27,94.75,35.3,12.529,72.45,22.95,36.7,15.32
2010/11/17,6.2,385.4,130,5.57,97.95,37.6,13.455,169.4,31.6,32.85,20.7
2010/12/13,5.58,93.24,97.35,8.99,70.735,62.3,11.226,37.5,30.05,24.9,17.825
2010/12/14,5.36,115.5,113.6,8.16,77.992,40.3,12.089,42.9,27.35,27.7,14.5
2010/12/15,4.54,150.4,94.5,5.17,101.2,26.25,11.285,54.75,21.15,32.8,12.96
2011/1/13,5.76,51.04,123.2,10.88,72.52,36.8,11.939,28.2,28.35,25.55,11.875
2011/1/16,4.22,138,90.05,4.45,97.95,22.3,10.879,46.5,17.38,28.4,11.3
2011/1/17,4.76,200.8,105.7,6.17,92.25,35.65,11.967,75.05,22.55,36.15,15.04
2011/2/13,5.63,54.12,122.4,10.58,71.426,36.4,12.08,30.65,29.65,23.65,11.2
2011/2/14,4.75,106,95.3,7.78,65.838,57.6,9.699,34.8,31.05,21.85,18.425
2011/2/15,5.51,131.6,123.9,8.52,86.921,38.05,11.857,48.2,26,26.6,18
2011/2/16,3.82,135.9,80.65,4.47,93.6,24.25,10.083,50,14.18,25.9,11.02
2011/3/13,5.55,56.32,114.6,10.88,68.661,36,12.616,31.95,27.8,27.45,11.1
2011/3/14,4.5,123.5,93.85,7.88,72.117,64.55,10.282,34.05,27.85,21.15,19.9
2011/3/15,5.38,131.7,118.8,8.19,86.451,31.25,11.775,53.8,25.7,27.1,18
2011/3/16,4.15,148.1,93.45,5.42,99.15,28.7,10.488,53,18.36,31.25,10.96
2011/4/13,5.26,50.08,106.7,9.98,65.954,39.65,12.814,37.75,27.55,24.6,11.2
2011/4/14,4.81,105,99.65,8.85,78.684,62.9,11.065,41.3,30.15,20.3,21.1
2011/4/16,4.14,159.5,93.7,4.91,98.95,29.45,10.789,57.95,21.5,35.7,12.42
2011/4/17,4.97,225,116.8,5.68,95.55,36.85,12.959,93.3,27.75,35.45,15.02
2011/5/15,6.58,158.6,131.5,9.52,93.718,33,12.69,42.7,32.25,37.2,20.85
2011/5/16,3.95,156.5,91.25,5.32,93.05,27.55,10.864,56.15,18.46,33.75,12.38
2011/5/17,5.1,254.6,116.6,5.31,101.9,34.6,12.975,99.4,24.95,34.1,14.98
2011/6/13,5.17,60.96,96.4,8.64,58.869,39.75,11.648,43.7,22.85,19.9,13.8
2011/6/14,5.24,116.4,105.6,9.5,78.511,53.7,11.42,48.6,27.6,20.95,18.8
2011/6/15,6.58,154.3,125.9,8.82,110.9,28.85,11.931,41.95,31.5,37.15,20.25
2011/7/13,4.95,62.16,101.7,9.35,62.037,39.65,12.319,36.85,22.3,18.8,14.275
2011/7/14,4.98,121.6,106.2,9.91,81.276,57.55,11.557,47.55,28.6,22.05,17.9
2011/7/16,4.24,180,100.1,5.31,82.6,25.5,11.653,65.5,18.84,38.05,13.36
2011/7/17,5.02,278.4,115.9,4.78,98.95,34.7,13.364,102.6,27.55,34.55,14.92
2011/8/14,5.23,132.3,116.3,10.56,82.773,52.15,11.734,46.95,29.2,23.65,18.725
2011/8/15,5.34,140.8,115.9,7.33,114.2,36.5,11.901,42.95,27.1,29.95,16.6
2011/8/16,4.74,188.7,109.4,5.27,93.25,31.95,12.017,76.3,21.55,41.35,13.36
2011/8/17,5.3,310.6,120.7,4.93,101.1,34.95,13.436,106.7,28.2,32.55,15.6
2011/9/13,5.49,80.44,102.6,8.6,65.435,48.15,11.226,36.75,27.25,19.62,16.55
2011/9/14,5.17,122.2,118.1,10.68,80.412,46.5,12.13,48.55,27.8,29.2,18.25
2011/9/15,4.7,127.4,103.1,5.75,104.9,26.65,11.195,47.85,23.7,28.05,13.3
2011/9/17,5.87,330.8,135.6,5,101,37.3,13.6,139.6,30.1,36.05,19.58
2011/10/13,5.52,83.8,103.9,8.91,71.368,51.4,11.375,35.4,26.6,21.3,17.75
2011/10/16,4.91,215.8,114.5,5.55,95.4,35.2,12.132,77.95,21.65,38.4,14.84
2011/10/17,6.4,351.6,129.5,5.03,100.7,37.95,13.436,134.5,30.6,35.1,22.2
2011/11/13,5.36,82.24,101.5,8.74,69.698,55.1,11.214,31.5,26.95,20.9,16.05
2011/11/14,5.05,127.6,115,9.01,79.605,46.2,12.499,43.5,25.05,31.6,15.475
2011/11/15,4.78,151.5,98,5.75,102.1,27.9,11.781,49.5,23.45,32.8,13.58
2011/11/16,4.6,200,104.6,5.19,93.8,35.1,12.083,68.85,23.3,34.9,15.3
2011/12/13,5.43,94.92,96.2,8.76,69.352,61.4,11.102,37.3,29.2,24.15,17.85
2011/12/14,5.33,113.4,113.7,8.07,76.495,40.1,12.13,41.9,27.1,28.1,14.825
2011/12/15,4.52,147.6,93.9,5.08,101.3,25.8,11.225,53.3,20.9,30.6,12.78
2011/12/17,5.96,405.4,122.8,5.15,96.4,39.65,13.891,153,37.6,30.25,21
2012/1/15,5.68,127.1,119.5,8.77,82.485,36.55,11.966,44.9,29.3,29.5,16.85
2012/1/16,4.16,136.1,89.8,4.39,97,22.3,10.819,44.8,17.3,27.75,11.5
2012/1/17,4.77,198.8,106.4,6.12,91.6,34.75,11.901,75.2,22.7,36.3,14.94
2012/2/13,5.63,54.12,122.4,10.58,71.426,36.4,12.08,30.65,29.65,23.65,11.2
2012/2/14,4.82,107.6,95.6,7.94,67.163,59.4,9.91,34.8,30.6,22.15,18.975
2012/2/15,5.58,129.6,123.3,8.54,85.826,37.45,11.871,48.75,26.25,26.8,17.95
2012/2/16,3.73,133.3,80.8,4.5,91.95,24.75,10.263,49.6,14.16,26.05,11.18
2012/3/13,5.49,55.68,114.6,10.84,67.624,35.95,12.503,32.1,27.35,26.05,10.925
2012/3/14,4.44,120.4,93.2,7.78,70.907,64.1,10.233,33.5,27,20.6,19.3
2012/3/15,5.48,131.8,115.9,8.21,86.451,31.4,11.761,53.85,26.2,27.2,17.575
2012/4/13,5.25,50,107.5,9.9,66.184,39.1,12.898,38.55,27.4,25.15,11.4
2012/4/16,4.15,160,94.8,4.97,97.6,29.4,10.909,58.2,21.55,35.4,12.5
2012/4/17,5.02,231,117.7,5.68,95.5,37.35,13.074,94.85,28,35.9,14.96
2012/5/14,4.72,100.8,98.45,8.99,75.458,56.6,11.127,43.35,27.5,20.1,19.5
2012/5/15,6.5,157,129.9,9.4,93.314,32.9,12.663,45,31.7,36,20.325
2012/5/16,3.92,154.2,90,5.36,92.2,27.35,10.849,57.7,18.8,33.2,12.24
2012/5/17,5.08,258.2,116,5.31,101.6,34.5,13.008,96,24.9,34.25,14.78
2012/6/13,5.17,60.96,96.4,8.64,58.869,39.75,11.648,43.7,22.85,19.9,13.8
2012/6/14,4.87,115.6,106.2,9.45,77.589,53.7,11.461,48.15,27.65,21.4,18.25
2012/6/15,6.68,157.2,127,8.93,113.2,29.15,12.006,41.9,31.75,38.1,20.65
2012/6/17,5.17,270.6,119.2,5.03,99.75,36.15,13.382,95.75,26.3,35.15,15.68
2012/7/13,4.9,61.96,102.3,9.25,61.634,39.2,12.207,37.5,22.65,19.04,14.3
2012/7/16,4.29,180.9,102.1,5.39,84.75,26.25,11.653,67,20,38.5,13.62
2012/7/17,5.19,281.2,116.2,4.79,99.35,34.3,13.473,104.8,27.25,34.5,14.5
2012/8/13,5.13,73.48,104,9.2,66.242,42.95,12.636,36.15,25.85,21.1,16
2012/8/14,5.24,133.3,115.8,10.8,83.695,52.2,11.734,47.25,29.55,23.6,18.875
2012/8/15,5.26,134.9,113.4,7.29,111.8,34.6,11.931,42.55,26.5,29.5,16.525
2012/8/16,4.79,187.8,111.3,5.34,95.75,32.7,12.066,76,21.85,41.95,13.48
2012/9/13,5.48,82.56,103.1,8.69,66.069,47.05,11.313,35.2,27.45,19.22,16.35
2012/9/14,5.16,122.9,117.9,10.54,80.124,46.65,12.103,47.4,27.85,29.25,18.225
2012/9/16,4.83,207,116.7,5.11,99.5,34.45,12.017,79.3,21.6,37.6,14.84
2012/9/17,5.86,333,134.8,5.02,100.4,37.2,13.473,139.5,30.65,36.1,19.46
2012/10/15,5.04,144,101.9,6.39,104.8,27.4,11.15,48.8,25.6,29.15,14.9
2012/10/16,4.82,213.4,113.2,5.47,96.1,34.75,12.182,77,20.6,38.25,14.88
2012/10/17,6.4,350.2,131.9,4.99,99.8,38.1,13.491,135,30.9,34.65,21.9
2012/11/13,5.35,81.8,101.3,8.71,69.064,54.7,11.214,30.8,26.8,20.85,16.4
2012/11/14,5.05,129.2,115,9.05,79.548,46.1,12.581,43.4,25.15,32.55,15.2
2012/11/15,4.87,155,101.2,5.93,103.9,28.9,11.856,49.35,23.55,33.3,13.96
2012/12/13,5.36,93.48,96.4,8.69,69.871,62.3,11.139,35.25,29.2,23.55,17.65
2012/12/14,5.29,113.7,113.4,8.09,75.861,40.95,12.021,42.6,27.35,27.8,15.125
2012/12/16,4.79,185.1,102.6,5.47,92.05,34.15,11.603,66.6,22.55,33.45,15.6
2012/12/17,6,393.2,122.4,5.21,96.15,39.35,13.855,147.6,36.45,30.05,20.95
2013/1/14,4.95,99.32,96.9,8.03,69.179,63.5,10.655,36.3,27.15,22.75,18.5
2013/1/15,5.71,127.8,123.6,8.79,82.6,37.4,12.021,47.3,29.3,29.8,17
2013/1/16,4.17,137.4,90,4.45,99.05,22.45,10.879,46.5,17.44,29,11.48
2013/1/17,4.77,199.7,106.7,6.28,92.05,34.85,11.983,75,22.9,36.1,15.08
2013/2/13,5.63,54.12,122.4,10.58,71.426,36.4,12.08,30.65,29.65,23.65,11.2
2013/2/14,4.76,108,95.7,7.81,67.624,59,9.897,34.8,30.35,22.1,19.7
2013/2/15,5.65,130.2,123.2,8.59,86.345,38.65,11.816,48.8,26.45,27.1,18.325
2013/2/17,4.94,203.6,108,6.17,91.7,31.55,12.231,85.15,26.95,38,15.5
2013/3/13,5.37,55.64,111.6,10.68,67.278,35.8,12.39,31.1,26.75,25.9,10.725
2013/3/14,4.46,117.6,92.05,7.7,70.504,62.75,10.158,33.6,26.75,20.35,19.25
2013/3/15,5.55,133.6,115.4,8.24,86.451,31.3,11.721,53.7,26.35,27.4,17.925
2013/3/17,5.06,215.4,113.3,5.7,95.9,33.8,12.38,85.1,26.7,35.25,15.42
2013/4/15,6.63,170.5,126.5,10.06,98.844,36.2,12.895,54.5,31.35,40.05,22.025
2013/4/16,4.32,164.5,96.55,5.33,99.2,30.3,11.18,59.35,22.55,35.35,12.84
2013/4/17,5.02,230.6,119.3,5.69,94.8,37.25,13.041,95.5,28.4,35.8,15.06
2013/5/13,5.56,53.76,109,10.06,67.048,41,13.237,41,27.9,23.5,12.025
2013/5/14,4.69,101.5,98.85,9.24,76.61,56.35,11.164,43,28.4,20.1,19.6
2013/5/15,6.47,156.8,129.2,9.42,93.142,32.7,12.608,44.85,31,35.7,20.5
2013/5/16,3.87,155.1,87,5.29,91.15,27.2,10.759,58.75,18.2,32.7,12.3
2013/6/13,5.09,59.56,96.45,8.31,59.445,38.95,11.338,41.4,22.5,20.15,13.425
2013/6/14,4.96,116.1,107,9.49,78.453,53.85,11.502,48.9,27.35,21.3,17.75
2013/6/16,4.11,169.5,90.4,5.41,89.85,26.35,11.256,62.45,17.98,35.9,13.22
2013/6/17,5.19,272.4,120.5,5.05,99.3,37.1,13.436,97.5,26.55,34.8,15.62
2013/7/15,5.78,150.5,122.7,8.12,112.1,30.95,11.871,43.25,26.85,32.85,18.9
2013/7/16,4.31,181.2,103,5.41,85.95,26.55,11.554,66.35,19.94,38.3,13.72
2013/7/17,5.26,284.4,118.7,4.83,100.8,35.45,13.527,109.4,27.9,35.15,14.62
2013/8/13,5.28,74,105.6,9.33,66.587,44.4,12.574,37.4,26.65,20.7,15.5
2013/8/14,5.28,133.2,117.7,10.86,83.695,52.55,11.748,47.45,29.5,23.65,19.275
2013/8/15,5.25,144.1,111.9,7.43,111.7,33.5,11.916,42.3,26.85,28.55,16.775
2013/9/13,5.46,82.16,101.7,8.67,65.205,46.25,11.425,35,26.95,19,16.775
2013/9/16,4.81,208,116.4,5.04,99.25,33.75,11.868,80.7,21.8,37.25,14.92
2013/9/17,5.78,334,136.8,4.99,100.7,37.9,13.4,141.3,32.35,36.1,19.7
2013/10/14,4.88,114.4,113,9.57,75.4,41.65,12.103,42.7,24.6,26.4,16.55
2013/10/15,4.99,142.9,101.3,6.26,105.6,28.15,11.375,48.05,25.15,28.45,15.4
2013/10/16,4.69,210,113.6,5.32,95.4,34.05,12.083,76.85,20.45,37.15,14.8
2013/10/17,6.37,349.2,132.8,4.99,99.9,37.9,13.545,140,31.05,35.25,21.7
2013/11/13,5.16,78.52,100.2,8.5,68.661,54.25,11.127,30,26.35,20.35,16.325
2013/11/14,5.11,129.5,115.7,8.83,80.066,46.9,12.636,43.9,25.2,33.05,14.9
2013/11/15,4.75,152.2,98.95,5.69,102.3,28.05,11.69,53.5,22.75,33,13.64
2013/11/17,6.17,387.6,126,5.49,97,37.4,13.4,179.2,32.5,32.4,21.05
2013/12/13,5.38,93.24,96.8,8.72,69.179,62.65,11.127,35.75,29.3,23.3,17.425
2013/12/16,4.76,186.3,102.5,5.76,91.25,34.35,11.603,66.9,22.75,32.85,15.76
2013/12/17,6.2,395.6,123.5,5.41,96.2,41.35,13.873,145.9,36.15,30.05,21.45
2014/1/13,5.81,50.96,123.3,11,73.384,36.6,11.995,28.7,28,25.45,12
2014/1/14,4.93,98.6,96.75,7.98,69.064,63.35,10.605,36.05,27.3,22.9,18.575
2014/1/15,5.68,126,121.2,8.73,82.024,37.55,11.98,46.45,29.2,29.3,16.825
2014/1/16,4.15,137.1,89.3,4.48,97.9,22.35,10.954,44.7,17.44,28.95,11.28
2014/2/13,5.77,54.36,124,10.62,71.714,36.5,12.136,31.45,30.45,24.05,11.325
2014/2/14,4.79,109.7,96.5,7.82,68.085,59.5,9.947,35,30.35,22.45,19.225
2014/2/17,4.96,202.8,108.5,6.14,93.15,33.1,12.314,86.2,27.05,36.95,15.16
2014/3/13,5.43,55.16,107.9,10.66,66.645,35.8,12.616,31,26.8,26.95,10.65
2014/3/14,4.43,112.8,91.65,7.67,69.583,61.05,10.146,32.15,26.5,20.75,19.1
2014/3/16,4.23,153.3,94.85,5.39,99.1,29.1,10.563,53,19.22,31.4,10.92
2014/3/17,5.09,214.6,112.1,5.69,96.15,34.45,12.347,83.75,27.5,35.8,15.5
2014/4/14,4.84,105.2,100.6,8.85,78.165,63.35,11.152,41.25,30.25,20.25,21.05
2014/4/15,6.59,161.2,125.9,9.93,97.404,34.45,12.882,54.2,31.4,37.6,21.025
2014/4/16,4.33,165,97.2,5.34,99,30.85,11.165,58.05,22.4,34.75,13.02
2014/4/17,5.02,230.6,119.3,5.69,94.8,37.25,13.041,95.5,28.4,35.8,15.06
2014/5/13,5.49,53.96,109.3,10,66.587,40.65,13.209,42.55,27.3,23.5,11.95
2014/5/14,4.79,102.8,100.7,9.23,76.783,57.55,11.189,43,29.05,20.4,19.525
2014/5/15,6.49,161.3,129.7,9.37,93.257,31.95,12.69,44.15,30.55,36.25,20.55
2014/6/13,5.07,60.16,97.25,8.27,60.309,39.3,11.524,41.5,22.05,20.7,13.425
2014/6/16,4.13,168.3,89.95,5.34,89.05,26.15,11.058,63.5,17.22,35.5,13.16
2014/6/17,5.21,277.4,120.7,5.02,98.9,37.15,13.273,97.05,26.3,35.05,15.52
2014/7/14,5.01,122.8,105.2,9.99,80.642,57.05,11.557,48.35,29.4,22.15,18.625
2014/7/15,5.72,151.7,122.6,8.03,112,32.45,11.841,42.85,26.15,32.25,18.8
2014/7/16,4.38,183.5,103.4,5.48,86.45,26.95,11.702,68.1,20.25,38.65,13.5
2014/7/17,5.27,284.8,119.3,4.88,100.6,35.55,13.545,107.2,28.1,35.15,15.04
2014/8/13,5.28,74,105.6,9.33,66.587,44.4,12.574,37.4,26.65,20.7,15.5
2014/8/14,5.25,130.1,116.8,10.68,83.061,53.15,11.857,46.8,29.1,23.45,19.45
2014/8/15,5.25,143.4,110.2,7.28,113.7,33.9,11.826,42.05,26.95,28.8,16.725
2014/8/17,5.4,324,122.3,4.95,102,35.1,13.473,114.1,28.75,33.05,15.84
2014/9/15,4.72,128,103.8,5.72,105.1,25.85,11.3,47.6,24,28.3,13.225
2014/9/16,4.8,208.6,115.2,4.99,99.7,34.15,11.884,80.6,21.1,37.65,14.8
2014/9/17,5.73,337,135.3,4.97,100.6,38.05,13.345,142,33.3,35.6,20.15
2014/10/13,5.52,83.8,103.9,8.91,71.368,51.4,11.375,35.4,26.6,21.3,17.75
2014/10/14,4.89,113.4,113.4,9.5,75.516,41.35,12.212,43.2,24.55,26.8,16.6
2014/10/15,4.91,142.6,102.3,6.3,106,27.8,11.42,46.95,24.95,28.2,14.72
2014/10/16,4.72,209,114,5.36,96.9,35,12.215,77.9,20.5,37.95,14.84
2014/11/13,5.19,82.16,100.5,8.59,68.949,55.4,11.102,30.65,26.6,20.65,16.3
2014/11/14,5.11,131.9,116.4,8.68,80.872,47.7,12.8,43.85,25.35,34.1,15.3
2014/11/16,4.51,192.6,99.75,5.13,93.35,34.55,11.835,68.8,23,34.9,15.14
2014/11/17,6.14,388,127.4,5.42,97,37.4,13.455,175.1,33.8,32.25,21.05
2014/12/15,4.48,146.5,93.85,5.02,101.5,25.4,11.195,51.3,21,31.7,12.56
2014/12/16,4.71,186.8,102.1,6.02,91.35,34,11.57,68.9,22.6,33.2,15.84
2014/12/17,6.24,397.2,127.5,5.41,96.25,40.55,13.873,140.9,35.75,30.75,21.4
2015/1/13,5.86,51.64,123.3,10.9,73.557,36.1,11.939,27.9,28.2,25.3,11.75
2015/1/14,4.94,101.7,96.6,8.01,69.179,63.9,10.568,35.65,28.9,22.65,18.9
2015/1/15,5.74,126.9,122.2,8.86,82.14,38.1,12.117,45.7,29.2,29.25,17.1
2015/1/16,4.05,137,87.3,4.38,97.55,21.65,10.924,45.7,16.94,28.65,10.84
2015/2/13,5.75,54.88,123.5,10.64,71.483,37.5,12.193,31.75,30.95,23.9,11.225
2015/2/16,3.91,138.2,82.6,4.67,93.5,25.85,10.473,49.95,14.5,26.65,11.78
2015/2/17,5.1,206.6,109.1,6.1,93.1,32.9,12.331,88.35,26.95,36.8,15.02
2015/3/13,5.41,54.84,106.2,10.58,65.09,35.55,12.588,30.95,25.3,25.95,10.825
2015/3/16,4.21,151.3,94.55,5.31,98.9,29.15,10.563,53.2,18.64,30.7,10.84
2015/3/17,5.06,214.6,112,5.66,96.9,34.5,12.38,83.5,27.95,36,15.34
2015/4/13,5.17,49.2,107,9.67,65.954,38.55,12.757,38.75,26.7,25.35,11.475
2015/4/14,4.79,103.2,100.4,8.68,78.453,61.3,11.052,41.8,30.35,20.15,20.25
2015/4/15,6.91,157.6,126,10.1,95.618,33.6,12.895,52.8,31.55,36.6,20.475
2015/4/16,4.35,165.3,97.6,5.33,99.3,30.35,11.195,58.55,21.95,35.75,13.56
2015/5/13,5.55,54.88,109.7,10.02,66.587,40.45,13.124,43.4,27.35,23.15,12.175
2015/5/14,4.82,108.8,102.1,9.21,77.186,57,11.239,43,29.15,20.35,19.425
2015/5/15,6.61,162.3,132.1,9.55,97.058,32.55,12.8,44,31.5,37.45,20.725
2015/5/17,5.15,259,116,5.32,102.5,34.65,12.81,91.75,25.8,34.45,15.08
2015/6/15,6.52,155.2,126.3,8.83,112.1,29.1,11.886,40.35,31.65,37.2,20.4
2015/6/16,4.11,173,89.5,5.3,88.6,26.35,11.157,64.85,17.4,36.05,13.34
2015/6/17,5.13,273,118.7,4.96,98.75,36.9,13.164,96.95,26,34.7,15.22
2015/7/13,4.91,64.28,102.6,9.18,61.461,39.1,12.046,38.8,22.6,18.68,14.65
2015/7/14,5,123.8,105.8,10.08,80.124,57.25,11.543,48.85,28.9,23.25,18.55
2015/7/15,5.66,150,122.7,8.01,112.2,31.7,11.976,42,25.15,31.85,18.875
2015/7/16,4.34,184.8,105.7,5.47,87.05,26.85,11.702,67.85,20.05,38.4,13.5
2015/8/13,5.29,73.6,105.5,9.28,65.954,44.6,12.574,38.9,26.6,20.6,15.5
2015/8/14,5.26,130.3,116.8,10.74,83.234,53.25,11.884,46.6,29.3,23.75,19.3
2015/8/16,4.87,191.1,110.3,5.34,97.8,31.8,12.132,78.85,22.3,41.1,13.54
2015/8/17,5.55,318.8,122,4.86,102,34.75,13.491,115.8,27.9,32.7,15.7
2015/9/14,5.13,123.4,117.7,10.44,79.605,46,12.021,47.3,27.85,28.8,18.225
2015/9/15,4.73,131.2,100.4,5.68,104.2,25.6,11.255,47.1,23.8,28,13.225
2015/9/16,4.82,209.8,115.2,4.96,99.85,35.95,12.116,83,21.6,37.3,14.74
2015/9/17,5.73,338.8,135.1,4.95,100.7,38.25,13.491,137.6,31.7,35.75,20.7
2015/10/13,5.55,84.36,103.3,8.99,70.389,53.45,11.4,34.1,26.75,21.8,17.95
2015/10/14,4.93,114.4,115,9.32,75.861,42.25,12.253,42.75,24.75,28.05,16.775
2015/10/15,5,145,103.9,6.45,107.7,30.65,11.51,47.9,25.05,29.2,14.96
2015/11/13,5.33,83.92,101.5,8.83,69.755,56.7,11.152,30.6,27.25,21.45,16.75
2015/11/16,4.5,193.2,100.2,5.16,93.6,34.25,11.95,68.2,22.8,35.5,15.04
2015/11/17,6.04,383,127.4,5.25,98,36.7,13.473,170,32.8,32,20.55
2015/12/14,5.26,111.9,112.5,8.25,74.421,40.8,11.925,41.6,27.1,27.25,14.825
2015/12/15,4.47,147.5,93.5,5.05,100.1,24.9,11.119,51.15,20.65,30.75,12.88
2015/12/16,4.57,184,99.7,5.91,90.25,33.25,11.405,68.35,21.75,32.65,15.4
2015/12/17,6.14,389,125.7,5.36,95.9,40.65,13.8,139.4,34.75,30.65,21.5
2016/1/13,5.82,53.44,125,10.92,74.939,36.15,11.995,28.45,27.85,25.8,11.8
2016/1/14,4.94,102.5,97.35,8.05,69.122,62.75,10.593,36,29.45,22.7,18.725
2016/1/15,5.68,121.9,121.3,8.72,81.276,36.95,12.048,45.9,28.75,29.35,17.275
2016/1/17,4.73,196.7,105.7,6.17,90.6,34.6,11.967,75.75,22.8,35.75,14.66
2016/2/15,5.66,130.5,123.8,8.68,87.266,38.95,11.789,48.4,26.5,27.35,18.375
2016/2/16,3.98,139.3,84.1,4.97,94.9,25.6,10.443,51.1,14.54,27.1,11.58
2016/2/17,5.13,212,108.3,6.03,92.8,32.95,12.231,87.35,26.35,36.4,15
2016/3/15,5.58,135.6,115.8,8.21,86.451,30.85,11.802,53.95,26.65,28.3,17.85
2016/3/16,4.23,150.9,94.45,5.19,99.1,29.05,10.609,52.95,18.86,30.8,10.8
2016/3/17,5.19,220.8,114.3,5.84,96.9,34.75,12.545,85.45,28.25,36.45,15.74
2016/4/13,5.15,48.92,107.9,9.49,66.587,37.95,12.701,38.5,27.35,24.75,11.45
2016/4/14,4.79,104.3,99.45,8.74,77.877,60.55,11.077,40.75,31.8,20.3,20.275
2016/4/15,6.94,160,126,10.5,95.1,34,12.882,52.05,31.4,37.75,20.5
2016/5/13,5.56,58.44,109.8,9.81,66.702,40.6,13.152,44,27,23.35,12.25
2016/5/14,4.82,106.5,101.9,9.23,77.532,57.5,11.239,43,28.5,20.3,19.15
2016/5/16,3.87,159.9,86.6,5.29,91.45,27.45,10.774,59.95,18.2,32.85,12.62
2016/5/17,5.14,258.8,115.2,5.34,100.6,34.45,12.926,89.6,25.7,34.45,15.04
2016/6/14,4.95,116.6,106.9,9.58,77.704,53.85,11.529,52.1,26.9,21.65,17.75
2016/6/15,6.39,154.1,125.4,8.61,112.9,29.2,11.871,42.3,29.9,36.15,20.5
2016/6/16,4.05,168.8,87.75,5.18,87.85,25.6,10.909,64.15,17.52,35.05,13.06
2016/6/17,5.19,272.6,118,4.97,98,37.1,13.255,96,25.6,35.2,15.3
2016/7/13,4.89,65.96,102.3,9.12,60.654,39.5,11.996,37.95,22.05,18.84,15.425
2016/7/14,4.98,124.3,106.2,10.18,80.354,56.45,11.557,49.35,28.4,23.2,18.575
2016/7/15,5.68,150,123.8,8.01,112.1,31.6,11.946,43.45,25.15,31.5,18.675
2016/8/13,5.31,73.32,104.8,9.04,66.357,44.55,12.512,38.35,26.75,20.8,15.85
2016/8/16,4.85,195.4,108.4,5.39,97.8,31.65,12.066,79.3,21.65,41.2,13.34
2016/8/17,5.65,323.2,123.1,4.87,101.8,35.05,13.509,115.2,28,32.9,17.1
2016/9/13,5.54,84.24,102.6,8.82,66.414,47.75,11.4,36.1,26.95,18.98,17.075
2016/9/14,5.09,121,118.3,10.32,79.317,44.2,11.966,46.2,27.2,27.3,18.175
2016/9/15,4.84,135.4,102.9,5.83,106,26.8,11.45,47.1,24.25,28.15,13.275
2016/9/16,4.82,209.8,115.2,4.96,99.85,35.95,12.116,83,21.6,37.3,14.74
2016/10/13,5.53,84.28,103.1,9.08,70.216,53.4,11.35,32.9,26.95,21.55,17.725
2016/10/14,4.88,113,113.4,9.29,74.479,42.55,12.212,42.55,24.6,28.45,16.325
2016/10/15,5.04,146.6,106.3,6.5,107.5,30.55,11.555,46.55,25.15,28.75,14.56
2016/10/17,6.41,355.6,133.2,5.04,100.6,37.6,13.509,142.7,31.4,35.7,21.85
2016/11/15,4.7,149.1,96.75,5.48,101,27.3,11.615,54.75,22.3,32.75,13.32
2016/11/16,4.48,196.9,100,5.21,93.5,34.55,11.835,70.1,22.05,35.45,15.04
2016/11/17,6.06,391.8,125.6,5.24,98.05,36.35,13.436,173.5,33.65,31.55,20.8
2016/12/13,5.29,94.6,96.85,8.65,69.64,63.7,11.09,35.9,29.4,23.3,17.375
2016/12/14,5.21,108,110.9,8.06,73.442,40.45,11.83,40.65,26.9,26.85,14.4
2016/12/15,4.58,151.8,94.25,5.3,102.4,25.4,11.18,51.4,20.55,30.8,12.96
2016/12/16,4.57,183.9,99.45,5.88,90,33,11.405,68.65,22.2,32.45,15
2017/1/13,5.84,53.48,126,10.92,75.688,36.6,11.995,29.55,27.8,24.9,12.05
2017/1/14,4.88,105.8,98.5,8.1,69.986,64.95,10.68,35.55,30.6,22.95,18.65
2017/1/17,4.74,197.7,105.8,6.24,90.4,34.4,12,76.2,23,36.3,14.36
2017/2/14,4.86,116,97.3,7.94,67.221,57.5,10.034,35.4,30.45,22.35,19.75
2017/2/15,5.68,130.8,123.3,8.71,87.439,39.1,11.871,49.05,26.45,27.3,18.375
2017/2/16,3.92,138.2,84.05,4.82,95.05,26.05,10.353,49.95,15.46,27.15,11.7
2017/2/17,5.06,212.2,108.1,6.04,93.3,32.3,12.347,87.25,26.45,36.2,15.08
2017/3/14,4.42,109.3,91.55,7.69,69.986,62.25,10.146,32.7,27.75,21.1,18.725
2017/3/15,5.59,133.8,116,8.13,86.451,29.95,11.816,54,26.8,28.6,17.95
2017/3/16,4.32,152.3,95.55,5.42,98.85,29.4,10.759,53.85,19.08,31.4,10.82
2017/3/17,5.16,222,114.9,5.86,97.1,35.1,12.463,86.15,28.2,37.4,15.76
2017/4/13,5.08,50,108.1,9.36,65.493,37.85,12.729,38.2,27.35,24.4,11.275
2017/4/14,4.81,105.1,99.7,8.78,78.856,61.1,11.077,41.9,30.85,20.55,20.475
2017/4/15,6.79,158.8,125.8,10.62,94.754,34,12.841,50.55,31.2,37.5,20.55
2017/4/17,5.02,230.6,119.3,5.69,94.8,37.25,13.041,95.5,28.4,35.8,15.06
2017/5/13,5.56,58.44,109.8,9.81,66.702,40.6,13.152,44,27,23.35,12.25
2017/5/16,3.9,162.9,88.35,5.42,91.95,27.65,10.849,60.65,18.48,34.25,12.54
2017/5/17,5.13,259.8,116.1,5.35,100.8,34.15,12.975,91.55,25.7,34.45,15.36
2017/6/13,4.83,60.2,100.1,8.52,62.555,38.95,11.959,41.45,21.95,20.45,13.425
2017/6/14,4.94,115.6,106.7,9.55,77.244,53.1,11.516,51.8,27.25,21.35,17.925
2017/6/15,6.43,154.3,126.3,8.63,113.6,29.5,11.916,41.95,29.55,36.4,20.575
2017/6/16,4.11,168.9,87.35,5.19,88.7,25.95,10.959,65.6,17.7,35.3,13.08
2017/7/13,4.93,66,102.4,9.19,61.23,39.45,11.996,36.05,23.4,19.12,15.2
2017/7/14,4.97,123.5,106,10.16,80.181,55.75,11.543,49.4,28.7,23.95,18.725
2017/7/15,5.69,153.6,124.5,8.01,115.1,32.15,11.901,43.7,25.4,31.5,19.1
2017/7/17,5.29,285,119,4.88,100.3,34.8,13.527,108.4,27.7,34.65,15.22
2017/8/15,5.17,142,109,7.2,113.1,33.55,11.766,41.9,26.9,31,16.825
2017/8/16,4.88,193,109.2,5.38,98.4,31.8,12.017,79.5,21.6,39.45,13.24
2017/8/17,5.6,329.4,122.6,4.82,101.2,35.35,13.564,113.5,28.1,32.6,16.78
2017/9/13,5.54,83.76,102.6,8.76,67.048,47.65,11.425,36.8,26.2,18.9,17.175
2017/9/14,5.19,124,117.7,10.72,79.144,42.5,12.089,45.3,27.05,28.05,18.075
2017/9/15,4.8,134.3,101.8,5.85,103.7,26.95,11.225,48.85,24.4,28.55,13.6
2017/10/13,5.44,84.04,102.1,8.98,70.965,53.1,11.251,33.35,26.95,21.3,17.9
2017/10/14,4.92,112.7,113.4,9.38,75.458,44.5,12.089,43,24.5,28.55,16.2
2017/10/16,4.68,208.8,113.4,5.31,96.45,33.85,12.182,76.8,20.5,37.9,14.44
2017/10/17,6.35,354.8,133.2,5.05,100.8,37.45,13.509,146.4,31.3,34.85,21.55
2017/11/14,5.05,129.1,115.1,8.63,80.354,47.35,12.786,43,24.85,32.05,15.55
2017/11/15,4.75,151.2,97.85,5.59,102,28,11.66,55.05,22.4,32.65,13.72
2017/11/16,4.46,194.8,101,5.18,93.6,36.35,11.95,72.05,22.05,34.85,14.98
2017/11/17,6.19,403.4,126,5.2,98.25,36.25,13.455,173.3,35.05,31.5,20.5
2017/12/13,5.27,93.16,96.55,8.55,68.027,64.65,11.077,36.45,29.2,22.9,17.35
2017/12/14,5.31,105.3,110.6,8.25,72.52,37.95,11.707,40.2,26.55,26.4,13.8
2017/12/15,4.67,151.6,94.85,5.2,101.2,26.3,11.255,51.5,20.6,31.15,13.14
2018/1/13,5.94,54.08,127.9,11.14,75.227,37.5,12.023,29.5,28.6,25.2,11.875
2018/1/16,3.98,136,84.35,4.29,96.7,22.5,10.834,46.45,16.6,28.4,10.8
2018/1/17,4.77,199.7,106.5,6.32,91.7,34.8,12.017,78.25,23.55,36.2,14.36
2018/2/13,5.71,55,123.3,10.52,71.08,37.9,12.164,31.65,30.65,23.3,11.1
2018/2/14,4.84,116.9,96.85,7.91,67.855,58.35,9.972,36.05,29.3,22.3,19.35
2018/2/15,5.68,129.9,123.4,8.98,87.554,39.75,11.953,47.7,26.25,27.45,18.15
2018/2/16,3.96,142.3,85.6,5.11,95.85,27.6,10.413,50.6,16.26,28.75,11.82
2018/3/13,5.27,52.64,105.2,10.4,63.995,34.15,12.616,31.15,24.85,25.75,10.8
2018/3/14,4.41,115.6,91.75,7.69,69.755,61.4,10.282,32.75,28.65,21.1,19.025
2018/3/15,5.65,135.9,116,8.24,87.266,30.2,11.939,53.8,27.6,28.75,18.225
2018/3/16,4.33,157.9,95.4,5.4,100.6,31.5,10.654,53.45,19.68,31.3,11
2018/4/13,5.06,49.44,108.1,9.31,65.781,39.1,12.898,36.9,28,24.35,11.225
2018/4/14,4.81,105.1,99.7,8.78,78.856,61.1,11.077,41.9,30.85,20.55,20.475
2018/4/16,4.28,165.7,97.3,5.23,97.45,30.05,11.21,57.85,21.85,34.85,13.4
2018/4/17,4.93,228,118.2,5.63,94.1,36.5,12.711,95.45,27.6,35.35,14.72
2018/5/15,6.61,161.1,131,9.49,96.482,32.05,12.8,45.2,31.2,37.6,20.875
2018/5/16,3.85,161.1,87.1,5.3,89.1,27.1,10.789,60,18.04,34.2,12.36
2018/5/17,5.08,264,115.1,5.31,99.1,33.8,13.074,82.6,25.8,33.85,15.26
2018/6/13,4.82,60.12,100.6,8.59,62.498,40.65,11.847,41.05,21.95,20.6,13.425
2018/6/14,4.94,116.2,106.9,9.59,77.474,52.7,11.42,52.05,27.05,21.1,17.875
2018/6/15,6.37,154.3,126.3,8.56,114,29.85,11.901,43.35,29.1,35.9,20.7
2018/7/13,4.92,65.56,102.3,9.24,61.691,39.8,11.959,35.9,23.05,19.26,15.65
2018/7/14,4.97,122.9,106.6,10.18,79.836,54.25,11.57,48.4,28.6,24.3,18.975
2018/7/16,4.36,185,108.1,5.5,87.8,27.75,11.785,67.75,19.9,37.75,13.48
2018/7/17,5.3,286.8,119.2,4.91,100.5,34.65,13.527,115.8,28.3,34.55,15.48
2018/8/14,5.24,128.8,116,10.76,82.946,53.15,11.898,46.05,29.05,23.7,19.3
2018/8/15,5.12,139.4,107.9,7.16,110.9,32.7,11.721,41.6,26.35,30.45,16.725
2018/8/16,4.9,203,110,5.34,98.15,31.8,11.967,80,21.25,39.35,13.2
2018/8/17,5.48,325.8,121.9,4.79,100.8,35.05,13.418,112.3,27.6,32.25,16.58
2018/9/13,5.49,80.48,103.5,8.74,69.122,47.55,11.437,37.05,26.45,18.54,17.05
2018/9/14,5.14,122.9,118.1,10.56,78.223,43.1,11.966,46,26.7,28.7,17.9
2018/9/15,4.75,135.3,105.7,5.86,103.6,28.5,11.225,47.95,24.85,29.45,13.9
2018/9/17,5.8,346,134.6,4.96,101.1,39,13.436,143.8,30.9,36.1,20.9
2018/10/13,5.41,85.96,102.2,9.09,71.426,58,11.313,34.1,26.9,21.75,18.15
2018/10/16,4.77,212.4,115.1,5.39,97.45,34.15,12.264,77.55,21.1,38.8,14.78
2018/10/17,6.33,354.6,133.1,5.05,102.1,37.35,13.564,140.3,32.35,34.95,21.45
2018/11/13,5.53,85.2,100,9.26,71.483,58.4,11.288,31.45,29,22.95,17.55
2018/11/14,4.98,125.8,112.8,8.54,79.605,45.85,12.54,42.75,24.6,31.7,15.45
2018/11/15,4.75,151.4,97.1,5.41,102,27.05,11.645,55.5,22.55,32.45,13.74
2018/11/16,4.48,195.4,100.3,5.18,94.9,36.95,12.017,73.85,22.2,35.55,15.08
2018/12/13,5.25,93.44,97.4,8.6,69.467,63.4,11.04,36.1,30.1,23.1,18
2018/12/14,5.34,111.9,111.7,8.41,73.557,38.75,11.68,40.3,26.55,27.15,13.975
2018/12/15,4.68,151.3,94.65,5.09,103,26.25,11.15,50.65,20.7,31.15,12.78
2018/12/17,6.25,394.2,127.9,5.35,96.55,40.25,13.745,137.1,35,31,21.6
2019/1/15,5.45,123,119.6,8.5,80.815,35.55,12.226,45.5,27.5,27.6,17.25
2019/1/16,4.04,139.8,85.85,4.5,96.5,23.15,10.864,48.35,17.48,28.35,11.42
2019/1/17,4.78,199.5,105,6.24,91.2,34.85,11.967,76.75,24,35.7,14.24
2019/2/13,5.6,55,121.9,10.44,71.023,36.25,12.277,31,28.95,23.3,11.075
2019/2/14,4.84,116.5,98.15,7.95,68.258,57.9,9.947,36.3,29.95,22.8,19.325
2019/2/15,5.68,129.9,123.4,8.98,87.554,39.75,11.953,47.7,26.25,27.45,18.15
2019/2/16,3.92,141.2,84.95,5.09,95.6,26.75,10.458,52.85,16.92,28.85,11.7
2019/3/13,5.2,51.84,106.3,10.36,64.341,36,12.757,30.65,25.6,26.15,10.875
2019/3/14,4.41,113.5,91.45,7.69,70.619,61.8,10.146,31.95,29,21,18.325
2019/3/15,5.7,145,117.3,8.43,87.785,31.2,12.076,53.5,27.9,29.55,18.15
2019/4/13,5.26,50.6,110.9,9.47,67.106,39.4,13.011,35.1,28.8,24.55,11
2019/4/16,4.38,165.7,98,5.43,97.4,30.75,11.315,56.4,22.15,35.85,13.76
2019/4/17,4.91,230.2,116.2,5.56,93.7,35.6,12.595,100.3,27.45,35.2,14.76
2019/5/14,4.82,107.6,100.8,9.28,77.244,57.2,11.363,42.95,27.6,20.25,19.025
2019/5/15,6.7,161.4,131.2,9.62,97.116,31.7,12.772,45.3,31.55,39.55,21.25
2019/5/16,3.83,157.2,86.25,5.21,88.45,27.25,10.744,60.25,17.98,35,12.3
2019/5/17,5.07,268.4,114.4,5.26,99.6,33.9,12.992,82.6,25.65,33.7,15.36
2019/6/13,4.75,59.92,99.75,8.41,61,40.2,11.661,42,21.25,20.65,14.35
2019/6/14,4.94,115.8,108,9.67,79.49,53.35,11.447,50.4,26.9,20.9,17.825
2019/6/15,6.34,154.2,128.8,8.64,116.8,30,12.111,43.1,28.3,36,20.85
2019/6/17,5.23,278.8,118,4.97,98.7,37.2,13.364,97.05,25.7,35.6,15.44
2019/7/13,4.92,66.76,102.1,9.24,61.691,40.4,11.822,33.85,22.55,18.94,15.425
2019/7/16,4.33,183.3,107.4,5.4,87.85,27.55,11.802,67.8,19.4,37.1,13.2
2019/7/17,5.34,298,119.6,4.95,100.1,35,13.436,116.8,29.35,35.15,16.24
2019/8/13,5.3,74.04,103.9,8.94,65.666,44.05,12.543,35.35,26.4,21.15,15.825
2019/8/14,5.24,129.8,117.5,10.86,84.444,54.25,12.158,48.1,29.2,24.35,19.275
2019/8/15,5.06,139.6,106.5,7.08,108.7,31.6,11.42,41.05,25.75,30.7,16.1
2019/8/16,4.91,201.8,109.1,5.32,97.25,30.5,11.95,81.5,20.75,38.8,13.12
2019/9/13,5.59,82.04,108.7,8.93,70.735,48.7,11.487,37,26.65,18.86,16.975
2019/9/14,5.12,125.2,117.9,10.52,78.856,44.65,11.83,46.55,26.65,29.9,17.55
2019/9/16,4.92,209.4,117.4,4.99,101.2,34.3,12.182,84.2,21.85,37.4,14.3
2019/9/17,5.81,344.2,134.2,4.93,100.9,39,13.418,141.4,30.85,35.5,20.9
2019/10/15,5.05,147.1,105.5,6.49,107.5,28.6,11.63,47.55,25.1,28.85,14.72
2019/10/16,4.71,212.8,114.8,5.38,97.65,34.3,12.281,77.95,20.8,37.45,14.68
2019/10/17,6.13,346.2,130.5,4.99,100.8,36.85,13.491,136.3,32.6,34.75,20.85
2019/11/13,5.55,83.8,99.7,9.49,70.85,57,11.251,31.3,28.6,23.25,17.3
2019/11/14,4.95,124.4,112.5,8.47,79.202,45.25,12.445,43.3,24.4,31.15,15.3
2019/11/15,4.85,153.1,96.8,5.51,103.8,27.05,11.736,55.6,22.45,31.4,13.68
2019/12/13,5.19,92.76,96.8,8.48,68.661,61.5,10.879,35.75,29.35,22.5,17.75
2019/12/14,5.37,115.7,113.3,8.38,74.594,38.55,11.789,40.25,26.55,27.55,14.45
2019/12/16,4.56,182.2,98.75,5.92,88.8,32.8,11.355,68,21.65,32.25,14.94
2019/12/17,6.28,401.2,128,5.42,96.55,40.05,13.727,140.6,35.35,31.95,21.65
2020/1/14,4.78,104.1,98.2,8.05,69.467,65.35,10.605,35.95,29.9,22.7,18.675
2020/1/15,5.58,124.1,120.5,8.55,81.218,35.4,12.171,46.05,27.55,28.15,17.3
2020/1/16,3.92,135.4,82.9,4.23,93.6,21.7,10.518,47.4,16.36,26.55,11.2
2020/1/17,4.71,197.7,105,6.13,91.7,34.9,11.967,76.6,24.25,35.45,14
2020/2/13,5.67,55.32,122.4,10.74,70.389,36,12.447,31.9,29.3,23.85,11.025
2020/2/14,4.71,112.9,98.15,8.15,66.875,57.8,9.873,36.6,30.2,22.4,19.5
2020/2/15,5.68,129.9,123.4,8.98,87.554,39.75,11.953,47.7,26.25,27.45,18.15
2020/2/17,5.11,214,108.5,6.11,92.8,32.1,12.38,88,26.8,35.9,15.54
2020/3/13,5.34,52.56,105.6,10.44,64.514,37.8,12.503,32.1,26.55,26.1,10.775
2020/3/14,4.34,111.6,90.9,7.62,69.467,59.5,9.96,31.95,29.1,21,17.75
2020/3/15,5.69,142.6,117.3,8.37,87.324,32.2,12.007,53.3,27.7,29.7,18.125
2020/3/17,5.19,228.2,114.8,5.87,97,35.65,12.545,85.35,28.05,37.45,15.5
2020/4/15,6.7,153.1,123.8,9.97,94.754,33.1,12.554,48.65,31.8,36.5,20.7
2020/4/16,4.34,161.9,98.2,5.35,97.15,30.55,10.969,55.05,21.75,35,13.36
2020/4/17,4.95,236.6,117.3,5.56,93.9,36,12.711,102.3,27.4,35.4,14.86
2020/5/13,5.64,61.88,111.6,9.93,67.278,41,13.463,44.45,27.3,22.5,13.525
2020/5/14,4.84,111.9,100.8,9.28,78.108,57.4,11.487,42.35,26.55,20.2,19.45
2020/5/15,6.73,158.6,131.1,9.57,96.598,31.6,12.813,44.65,31.6,39.6,21.175
2020/5/16,3.87,158.5,87.8,5.24,89.2,27.55,10.834,59.95,18.38,35.65,12.24
2020/6/13,4.57,58.04,96.95,8.22,58.811,38.85,11.462,41.5,20.65,19.94,14.55
2020/6/14,4.93,115.8,107.1,9.71,78.453,54.6,11.447,50.05,26.7,21.25,17.6
2020/6/16,4.2,170.7,89.4,5.28,90.45,26,11.074,65.85,18.04,36.1,13.04
2020/6/17,5.18,280,118.1,4.92,98.5,37.2,13.345,96.05,25.4,35.65,15.44
2020/7/15,5.67,155.5,124.3,7.97,115,32.1,11.976,44.6,25.2,31.8,19.025
2020/7/16,4.36,185.6,109,5.4,87.55,27.85,11.851,69.45,19.54,37.45,13.36
2020/7/17,5.38,297,118.9,4.94,100.4,35.1,13.418,123.6,29.1,35.1,16.42
2020/8/13,5.15,72.8,102,8.61,64.341,42.8,12.145,33.75,25.8,20.35,15.5
2020/8/14,5.22,131.9,118.2,10.76,85.02,53.85,12.54,48.7,28.9,24.85,19
2020/8/15,5.01,136.2,104.3,6.8,105.8,30.45,11.285,38.8,25.05,29,15.65
2020/9/13,5.59,82.04,108.7,8.93,70.735,48.7,11.487,37,26.65,18.86,16.975
2020/9/16,4.97,209,116.8,4.96,99.6,33.9,12.248,82.55,21.7,36.95,14.04
2020/9/17,5.85,346.4,132.9,4.91,100.6,39.05,13.382,143.5,31.95,35.4,21
2020/10/14,4.94,114.3,111.7,9.4,74.824,44.9,12.144,42.3,25,29.4,16.225
2020/10/15,5.03,146.9,104.4,6.39,106.4,27.95,11.766,47,24.35,29.25,14.7
2020/10/16,4.72,214.2,114.2,5.54,98.2,34.45,12.331,80.05,21,37.25,15.04
2020/10/17,6.3,349.6,132,5.01,101.5,37.5,13.545,140.1,34.4,34.75,21.6
2020/11/13,5.54,83.8,99.85,9.59,70.389,56.55,11.301,31.35,29.1,22.35,17.375
2020/11/14,4.94,125.7,112.4,8.54,79.375,44.8,12.526,44.2,24.15,31.3,15.75
2020/11/15,4.88,155.1,99.6,5.63,104.5,27.15,11.871,56.75,22.75,31.15,13.48
2020/11/17,6.12,420,125.3,5.16,97.7,37.3,13.382,174.1,35.25,31.85,20.6
2020/12/13,5.19,92.72,97.05,8.44,69.698,60.7,10.829,36.25,28.5,22.2,17.8
2020/12/16,4.55,181.7,98.65,5.86,88.2,32.65,11.339,67.55,21.25,32.05,14.7
2020/12/17,6.23,397.4,127.5,5.41,96.6,40.7,13.8,139.6,34.9,32.35,22.65
2021/1/13,5.9,53.68,129.4,11.12,74.824,38.2,11.967,29.75,29.2,24.85,11.975
2021/1/14,4.91,104,98.7,8.07,69.41,64.5,10.556,36.3,30.8,22.7,18.9
2021/1/15,5.72,128.7,122.9,8.57,80.988,36.55,12.048,48.4,27.65,28.7,17.425
2021/1/16,3.86,133.1,81.3,4.18,93.2,20.9,10.083,47.35,15.92,26.25,10.86
2021/2/13,5.55,54.36,120.6,10.66,68.719,35.3,12.164,31.4,28.35,24.2,10.95
2021/2/14,4.68,116.1,99.3,8.12,68.2,58.9,10.109,35.4,29.9,22.3,19.575
2021/2/17,5.07,211,111.7,6.14,93.1,31.75,12.38,88.1,26.85,35.4,15.42
2021/3/13,5.34,50.48,105.1,10.38,64.283,38.25,12.56,31.25,26.15,26.05,10.675
2021/3/14,4.43,114.5,91.4,7.86,70.735,58.75,9.897,31.75,29.9,21.1,18.65
2021/3/16,4.32,158.1,95.05,5.31,100,30.8,10.744,55.7,19.44,31.15,10.9
2021/3/17,5.22,228.8,115.1,5.9,96.95,35.3,12.512,86.45,27.85,37.3,15.6
2021/4/14,4.81,105.1,99.7,8.78,78.856,61.1,11.077,41.9,30.85,20.55,20.475
2021/4/15,6.97,159.1,124.6,10.18,97.289,33.35,12.636,49.35,32.05,39.2,21.275
2021/4/16,4.39,163.5,98.65,5.55,97.5,29.05,11.119,55.2,21.6,35.3,13.78
2021/4/17,4.96,236.4,116.5,5.52,93.15,36,12.711,106,27.5,35.15,14.94
2021/5/13,5.52,60.8,111.9,9.82,67.567,41,13.35,43.3,27.1,22.2,13.45
2021/5/14,4.9,111.7,101.4,9.3,77.935,57.75,11.499,43,27.1,20.05,19.425
2021/5/15,6.7,156.8,131,9.42,98.671,32.05,12.759,44.85,31.2,38.75,21.225
2021/6/13,4.62,57.16,95.8,8.11,57.889,37.35,11.462,40.4,21,19.36,13.75
2021/6/16,4.29,172.9,88.95,5.31,91.05,25.9,11.124,67.15,18.04,35.55,13.04
2021/6/17,5.12,279.2,116.6,4.86,98.5,36.7,13.364,96.15,25.1,35.35,15.28
2021/7/14,4.97,121.5,106.3,10.16,79.144,55.5,11.475,47.95,28.3,23.85,18.8
2021/7/15,5.65,156.6,123.8,7.98,115.4,31.75,11.916,44.5,25.05,32.35,19.475
2021/7/16,4.38,184.6,109.7,5.38,89.2,27.65,11.868,70.3,20.45,37.5,13.2
2021/7/17,5.36,297,118.8,4.91,100.8,36,13.382,109.2,29.2,35.15,16.3
2021/8/13,5.08,72,100.5,8.61,63.304,43.05,11.897,35,25.7,20,15.75
2021/8/14,5.18,130.7,116.7,10.74,84.617,53.3,12.335,47.75,28.65,25,18.725
2021/8/15,4.93,131.6,104,6.63,102.7,29.5,11.21,37.6,24.65,27,15.55
2021/8/17,5.48,326,122.4,4.86,101.3,35.05,13.509,117.2,28.1,32.25,16.94
2021/9/15,4.73,133.8,105,5.71,103.5,27.8,11.225,48.55,24.1,29,13.675
2021/9/16,5.03,211.2,118.7,5,99.7,34.25,12.264,81.85,21.45,38.15,13.96
2021/9/17,5.88,347.2,131.8,4.91,100.2,39.55,13.4,140.6,32.35,35,20.8
2021/10/13,5.42,89.56,101,9.04,71.023,59.7,11.301,33.8,27.15,23.35,18.45
2021/10/14,4.93,115.4,113.1,9.36,74.882,44.8,12.199,42.55,25.15,29.4,16.225
2021/10/15,5.03,146.9,104.4,6.39,106.4,27.95,11.766,47,24.35,29.25,14.7
2021/10/16,4.72,214.2,114.2,5.54,98.2,34.45,12.331,80.05,21,37.25,15.04
2021/11/13,5.51,84.36,99.6,9.44,69.986,56.25,11.326,31.75,28.35,22.7,17.7
2021/11/14,4.96,124.2,112.8,8.7,79.548,45.5,12.8,43.85,24.5,30.7,15.6
2021/11/16,4.49,193.6,100.4,5.2,95.75,38.15,11.868,72.4,22.1,35.45,15.38
2021/11/17,6.23,430,126.4,5.19,97.8,37.2,13.418,176.8,35.45,31.3,21.4
2021/12/15,4.73,150.3,94.05,5.13,103,26.25,11.165,50.45,20.95,32.1,12.84
2021/12/16,4.56,182.2,98.4,5.95,87.9,33.3,11.322,68.4,21.35,32,14.64
2021/12/17,6.25,399.8,126.6,5.44,96.5,40.25,13.727,142.5,36.15,32.55,22.25
2022/1/13,5.97,53.8,129.6,11.16,74.421,38.2,11.995,29.35,29.35,24.9,11.95
2022/1/14,4.98,105.4,98.9,8.03,69.237,61.85,10.556,36.65,31.25,22.9,18.425
2022/1/15,5.75,131.6,122,8.7,81.506,37.85,12.048,46.6,27.45,28.7,17.225
2022/1/16,3.92,139,81.95,4.51,94.55,23.25,10.158,49.85,16.52,27.7,10.96
2022/2/13,5.49,52.88,119.3,10.7,68.488,35.45,12.249,31.55,28,24.7,11.075
2022/2/16,3.98,141.7,87.95,5.11,96,27.4,10.654,52.35,16.7,28.9,11.88
2022/2/17,5.18,215,113,6.21,93.25,31.8,12.397,88.1,27.65,36.3,15.38
2022/3/13,5.32,49.08,103.9,10.24,64.053,37.65,12.531,32,26.15,27.3,10.65
2022/3/16,4.31,159.5,94.65,5.32,102.4,30.35,10.563,54.95,19.1,31.85,10.92
2022/3/17,5.14,225.2,114.9,5.79,96.45,35.05,12.645,86.5,27.55,36.95,15.28
2022/4/13,5.25,51,113,9.52,67.278,39.75,13.18,36,28.95,24.65,10.9
2022/4/14,4.8,104.9,99.25,8.76,78.914,61.1,10.99,42,30,20.7,21.25
2022/4/15,6.98,162.7,125.7,10.14,96.367,32.6,12.54,49.4,33,39.55,21.025
2022/4/16,4.31,162.8,98.6,5.6,96.9,28.3,10.969,55.75,20.85,34.95,13.56
2022/5/13,5.53,60.6,111.9,9.71,68.315,40.95,13.237,43.85,27.3,22.6,13.15
2022/5/14,4.97,112.3,101.4,9.47,77.532,58.8,11.512,44.1,26.6,20.1,19.6
2022/5/15,6.8,158.8,133.3,9.53,99.19,32.35,12.772,45.25,31.65,38.2,21.3
2022/5/17,5.11,275.4,113.8,5.32,99.65,34.3,13.041,82.6,25.9,34.8,15.52
2022/6/15,6.45,157,128.9,8.73,116.4,28.85,12.292,43.5,29.65,35.5,20.975
2022/6/16,4.38,177.1,89,5.4,90.75,26.05,11.157,67.95,18.12,35.8,13.22
2022/6/17,5.15,281.6,116.8,4.84,99.05,36.6,13.473,96.55,25.25,35.3,15.52
2022/7/13,4.86,65.52,102.1,9.28,62.094,40.55,11.909,33.65,22.25,19.16,15.375
2022/7/14,5.05,124.1,106.8,10.48,80.412,56.45,11.57,48.05,29.2,23.95,19.05
2022/7/15,5.57,154.5,124,7.91,114.5,30.9,11.811,41.45,24.45,32.3,19.15
2022/7/16,4.39,185.2,109.3,5.37,88.4,27.8,11.934,70.05,20.2,37,13.2
2022/8/13,5.16,72,100.2,8.7,62.843,43.25,11.549,37,25.95,19.5,15.7
2022/8/14,5.22,130.7,117.3,10.88,84.098,53.05,12.526,48.4,28.95,25.8,18.875
2022/8/16,4.96,204.8,110.1,5.31,98.05,31,12.05,81.75,21.1,39.7,13.18
2022/8/17,5.62,324,122.9,4.86,102.7,35.25,13.345,119.5,28.25,33.9,16.94
2022/9/14,5.05,121.1,116.7,10.26,77.877,44.6,11.802,45.1,26.35,28.7,17.5
2022/9/15,4.68,132.4,105,5.8,103.2,27.15,11.315,48.65,24.05,28.35,13.675
2022/9/16,5.03,214.6,118.3,5.03,100.4,33.7,12.231,82.5,21.6,39.2,14.32
2022/9/17,5.84,346.2,130.4,4.88,99.75,39.5,13.364,136.6,32.4,34.7,20.55
2022/10/13,5.4,87.84,100.2,9.1,71.138,56.8,11.264,34.55,27.35,22.55,18.825
2022/10/14,4.99,119.3,114,9.64,76.668,45.2,12.281,44.3,25.25,29.1,16.275
2022/10/15,5.08,146.3,104.4,6.22,107.5,28,11.826,48.8,24.05,30.25,14.74
2022/11/13,5.55,84.92,99.35,9.42,70.562,56.55,11.288,33.1,28.85,22.6,17.325
2022/11/16,4.6,195.8,102,5.4,96.5,37.75,11.868,71.85,21.95,36.1,15.5
2022/11/17,6.33,426.8,127.4,5.29,98.65,37.3,13.455,177,36.15,31,21.1
2022/12/14,5.55,113,115.8,8.72,74.709,37.55,11.884,41.25,26.55,27.25,15.475
2022/12/15,4.73,150.8,94.95,5.09,103.4,25.65,11.21,51.45,21.4,31.55,12.52
2022/12/16,4.49,181.5,97.9,5.82,88.75,33.2,11.289,67.5,21.25,31.55,14.5
2022/12/17,6.28,405.8,127,5.49,96.6,39.7,13.836,142.5,35.85,33.25,23.5
2023/1/13,5.94,53.8,128.5,11.14,73.845,38.4,12.08,30,29.35,25,11.825
2023/1/14,4.81,104.4,97.55,7.93,68.143,60.05,10.543,36.15,30.8,22.9,18.8
2023/1/15,5.84,132.7,124,8.92,83.983,38.15,12.171,47.8,27.6,29.1,17.3
2023/1/17,4.73,197.8,104.6,6.08,91.4,35.15,11.967,77.5,24.9,36,14.22
2023/2/15,5.7,134.8,123.9,8.89,87.785,38.95,11.857,49.9,26.15,27.75,17.9
2023/2/16,3.99,141.9,87.55,5.18,95.4,27.05,10.579,53.05,16.08,28.6,11.7
2023/2/17,5.19,214.8,114,6.11,92.5,32.25,12.298,86.9,27.55,36.5,15.4
2023/3/15,5.69,145.2,117.8,8.3,86.748,31.9,12.021,54,28.1,29.25,17.85
2023/3/16,4.3,159.7,95.3,5.37,101.4,31,10.563,54.8,19.98,30.9,11.12
2023/3/17,5.17,223,114.9,5.79,97.8,35.25,12.727,95.25,28.3,36.5,15.24
2023/4/13,5.21,50.32,112.2,9.41,66.875,39.85,12.955,35.6,28,23.35,10.75
2023/4/14,4.73,105.8,97.5,8.77,78.165,62.6,10.928,43.55,29.95,20.55,21
2023/4/15,6.81,160.9,124.3,10.06,95.1,31.8,12.622,48.3,33.25,38.2,21.325
2023/5/13,5.38,58.56,108.2,9.43,66.702,39.75,12.983,42.4,26.75,22,13.15
2023/5/14,4.99,111.1,102,9.45,76.898,59.25,11.586,44.3,27.25,20.6,19.55
2023/5/16,3.88,159.1,86.95,5.2,88.15,27.3,10.759,60,18.14,35.5,12.1
2023/5/17,5.12,275.2,113.1,5.33,100.3,34.65,13.091,82.6,26,34.75,15.52
2023/6/14,4.84,114.2,105.6,9.66,77.071,54.2,11.283,49.2,27.1,21.05,17.425
2023/6/15,6.63,158.1,129.2,8.86,118.2,28.9,12.261,44,29.9,36.7,20.875
2023/6/16,4.45,176.1,88.95,5.42,91.65,26.55,11.058,66.2,18.04,36.25,13.18
2023/6/17,5.2,280.2,116.6,4.85,99.05,35.75,13.509,96,25.35,35.95,15.44
2023/7/13,5.1,66.52,103.5,9.45,63.592,42.2,12.245,34.45,22.9,19.74,15.475
2023/7/14,5.13,124.3,107.4,10.8,80.815,56.75,11.611,48.6,30.1,23.8,18.95
2023/7/15,5.59,154.5,124,7.92,114.4,33.35,11.901,41.95,26.1,32.4,19.175
2023/8/13,5.14,71.16,100.1,8.5,62.728,43.65,11.537,35.55,26.35,19.72,15.475
2023/8/16,5,203.6,110.5,5.28,99,30.8,12.033,81,21.9,39.05,13.12
2023/8/17,5.62,324,122.9,4.86,102.7,35.25,13.345,119.5,28.25,33.9,16.94
2023/9/13,5.6,81.84,107.2,8.85,69.698,48.1,11.413,37.1,26.65,18.84,17.825
2023/9/14,5.03,118.9,116.8,10.2,77.589,43.25,11.802,44.3,26.3,28.55,17.175
2023/9/15,4.55,130.9,102.8,5.58,101.5,26.35,11.134,47.4,23.45,27.8,13.15
2023/9/16,4.88,218.2,118.6,5.06,100.3,33.4,12.281,81.45,21.55,38.6,14.5
2023/10/13,5.28,86.04,101.6,8.94,70.504,57.05,11.276,33.8,26.4,21.55,17.7
2023/10/14,5.02,119.6,114.4,9.6,76.956,45.3,12.267,43.7,25.15,29.05,16.175
2023/10/15,5.14,149.2,106.9,6.32,108.2,28.1,11.946,49,24.4,30.2,15.22
2023/10/17,6.16,348.6,130.7,4.97,101.1,37.3,13.527,140.6,34.55,35.1,21.4
2023/11/15,4.86,155.5,98.9,5.65,104,26.25,11.826,56.1,22.25,31.6,13.4
2023/11/16,4.64,194.3,102,5.39,96.2,37.9,11.884,72.55,21.95,35.55,15.52
2023/11/17,6.16,419.6,129,5.3,99.1,37.15,13.527,169.5,36,30.5,21
2023/12/13,5.19,93.44,97.05,8.45,69.352,61.4,10.866,36.1,28.8,22,17.825
2023/12/14,5.53,112.8,116.6,8.59,74.824,37.35,11.789,40.85,26.55,27.35,15.425
2023/12/15,4.79,152.2,95.85,5.26,104.4,26.3,11.285,50.7,21.3,32.2,12.7
2023/12/16,4.49,179.7,97.25,5.81,88.1,33.15,11.24,67.45,21.2,31.45,14.34
2024/1/13,5.94,54.16,130.5,11.1,74.882,38.95,12.136,28.2,28.8,24.3,11.7
2024/1/14,4.76,100.2,96.85,7.87,67.912,59.75,10.245,35.45,31.05,22.35,18.275
2024/1/17,4.73,197.8,105.8,6.18,92.3,34.9,12.017,78.4,25.95,35.6,14.22
2024/2/14,4.65,115.6,97.5,7.9,68.431,59.35,10.034,34.05,28.45,21.9,19.35
2024/2/15,5.7,135.1,124,8.81,87.151,37.9,11.857,49.25,26.2,27.45,17.725
2024/2/16,3.93,140.4,86.7,5.07,95.55,26.35,10.398,52.95,16.24,28.2,11.38
2024/2/17,5.14,211.2,114.4,6.11,94.5,32.15,12.38,82.8,26.8,36.1,15.14
2024/3/14,4.56,117.4,91.65,8.29,70.907,60.6,10.096,32.65,30.65,20.7,18.475
2024/3/15,5.58,143,118.5,8.17,87.209,32.05,12.076,53.7,27.65,29.5,17.675
2024/3/16,4.23,158.8,93.1,5.14,100.3,30.1,10.594,57.1,19.08,30.95,10.92
2024/3/17,5.16,225.2,114.3,5.78,97.8,35.05,12.727,98,27.7,37.55,15.26
2024/4/13,5.28,50.88,113.7,9.56,68.027,40.55,13.124,35.9,28.35,23.95,11
2024/4/14,4.71,106.5,97.5,8.83,78.511,63.45,10.978,42.9,30.25,20.5,20.975
2024/4/15,6.78,161.6,125.7,9.97,96.77,32.65,12.745,46.35,33.25,38.05,21.45
2024/4/17,4.99,238,115,5.51,95.05,35.45,12.694,106.2,27.5,35.4,15.1
2024/5/13,5.39,59.88,108.6,9.45,65.032,39.95,13.096,43.7,26.6,22,13.225
2024/5/16,3.9,160.5,86.45,5.13,88.75,27.9,10.879,60,18.28,35.95,12.22
2024/5/17,5.11,273.6,114.1,5.32,101.7,34.5,13.207,82.6,25.45,35,15.88
2024/6/13,4.48,55.72,95.5,7.91,57.947,35.35,11.437,38.5,20.45,18.6,13.4
2024/6/14,4.84,114.9,105.5,9.62,77.359,54.85,11.393,50.75,27.75,20.7,17.2
2024/6/15,6.72,163.7,129.3,9.1,117.8,28.6,12.156,46.5,30.15,36.8,19.675
2024/6/16,4.31,173.8,88.55,5.18,87,26,11.091,66.1,17.64,34.8,12.82
2024/7/13,5.14,66.16,104.3,9.26,63.707,42.8,12.294,35.55,22.9,19.9,15.525
2024/7/14,5.19,124.5,107.9,10.9,80.815,57,11.543,48.45,30,23.8,18.925
2024/7/15,5.56,151.5,122.6,7.84,114.6,33.85,11.886,43.05,25.9,31.5,19.025
2024/7/17,5.39,302.2,118.5,4.9,101.4,36.35,13.4,105,28.6,34.85,16.2
2024/8/15,4.7,125,97.7,6.35,98.55,27.95,10.969,38.45,22.35,25.9,14.95
2024/8/16,4.9,201,108.8,5.27,98.8,30.5,11.967,81.95,22.1,39.4,13.02
2024/8/17,5.76,327.4,123.8,4.82,101.5,34.85,13.291,119.4,28.55,34.05,17.4
2024/9/13,5.57,80.52,105.5,8.72,68.488,47.75,11.45,37.7,26.15,18.8,17.725
2024/9/14,5.09,118.5,116.5,10.4,77.877,42.55,12.007,45.75,26.2,29,17.175
2024/9/15,4.49,130.7,101.4,5.54,100.9,25.9,11.089,48.45,23.35,28.65,13.475
2024/10/13,5.21,85.76,101,8.86,69.583,57.35,11.239,33.9,25.9,21.65,17.925
2024/10/14,4.99,119.5,114.3,9.58,76.84,45.15,12.267,43.3,24.55,28.9,16
2024/10/16,4.81,215.4,115,5.69,98.95,34.5,12.38,77.45,21.9,37.75,15.3
2024/10/17,6.15,347.4,129.6,4.93,100.5,37.4,13.455,136.8,33.65,34.85,20.85
2024/11/14,5.08,125.5,113.9,8.99,82.37,46.45,12.8,43.55,25.8,28.85,15.525
2024/11/15,4.79,156.1,98.3,5.71,104,26.4,11.721,56,21.95,32.35,13.36
2024/11/16,4.61,192.2,101.2,5.35,95.6,38.65,11.868,71.2,22.25,35.25,15.6
2024/11/17,6.23,415.8,130,5.34,98.75,37.6,13.6,169.8,36.05,31.4,20.95
2024/12/13,5.26,93.84,97.5,8.54,69.928,62.45,10.978,37.6,29.7,22.5,18
2024/12/14,5.46,112.7,117,8.63,74.882,38.5,12.007,40.95,26.55,27.5,15.65
2024/12/15,4.8,151.8,95,5.38,104.7,26.75,11.27,50.3,21.3,32.2,12.72
2025/1/13,5.91,53.44,129.9,11.04,74.709,38.55,12.164,28.35,28.75,24.5,11.525
2025/1/16,3.95,144.3,82.8,4.64,94.2,23.55,10.083,49.9,16.1,27.65,11.08
2025/1/17,4.72,200.8,106.3,6.25,91.65,35.35,12,80,25.55,35.7,14.38
2025/2/13,5.52,52.96,117.7,10.72,68.085,35.55,12.08,31.45,27.45,24.5,10.85
2025/2/14,4.63,115.1,98.45,7.9,68.661,62.05,10.121,33.95,28.35,21.55,19.275
2025/2/15,5.66,135.8,123.9,8.84,87.554,35.7,11.953,50.6,26.45,27.8,17.825
2025/2/16,3.84,139,85.6,4.94,93.7,26.15,10.278,51.95,15.32,28.05,11.06
2025/3/13,5.39,48.16,104,10.14,63.765,38.45,12.644,32.3,26.25,26.7,10.5
2025/3/14,4.57,111.7,92.5,8.22,71.483,59.7,10.183,32.9,30.35,21.15,17.775
2025/3/15,5.57,142.7,119.7,8.28,89.109,32.8,12.117,48.2,27.75,30,17.625
2025/3/16,4.23,158.8,93.1,5.14,100.3,30.1,10.594,57.1,19.08,30.95,10.92
2025/4/13,5.37,51.12,114,9.69,67.567,42.05,13.096,36.05,27.75,23.5,10.975
2025/4/14,4.63,104.7,96.5,8.8,77.82,61.45,10.73,44.85,29,20.3,20.6
2025/4/16,4.25,159.9,98.35,5.61,96.4,28.15,10.954,55,20.4,34.65,13.4
2025/4/17,5.1,242.8,116.2,5.53,96.85,35.55,12.711,106.9,27.4,35.3,14.98
2025/5/15,6.8,158.8,133.3,9.53,99.19,32.35,12.772,45.25,31.65,38.2,21.3
2025/5/16,4.02,164.5,88.1,5.33,89.9,28.75,10.939,60.55,18.8,36.35,12.54
2025/5/17,5.16,277.2,115.1,5.34,101.7,34.55,13.207,82.6,25.7,35.7,15.68
2025/6/13,4.4,56.68,96.5,7.86,58.235,34.75,11.562,40.35,20.05,18.36,12.95
2025/6/14,4.81,115.1,105.3,9.58,78.165,55,11.365,51.3,27.25,20.85,17.3
2025/6/15,6.7,162,128.9,9.04,116.8,28.6,12.141,44.8,29.2,35.5,20
2025/7/13,5.1,66.88,103.1,9.21,63.362,41.95,12.307,37.6,23.65,20.25,15.325
2025/7/14,5.2,124.9,107.9,10.82,82.14,56.4,11.502,48.05,30.4,23.75,18.85
2025/7/16,4.38,188,109.8,5.35,88.8,28.35,11.917,69.2,20.85,38.15,13
2025/7/17,5.4,301.6,117.7,4.9,101.5,36.4,13.491,106.5,28.4,34.45,15.72
2025/8/14,5.26,129.8,117.7,10.98,85.25,52.85,12.431,47.5,28.85,26.65,18.55
2025/8/15,4.63,130.9,96.2,6.24,102.3,27.3,10.984,40.05,21.35,26.6,15.075
2025/8/16,4.93,199.5,110.2,5.22,98,30.15,12,80.6,21.7,39.05,14.58
2025/8/17,5.96,328.4,125.2,5,101.7,34.6,13.345,123.3,29.05,34,17.08
2025/9/13,5.61,81.92,105.6,8.68,68.661,48.6,11.499,37.8,26.05,18.88,17.8
2025/9/14,5.02,117.9,116.9,10.4,78.108,41.3,11.953,46.3,25.95,28.9,16.95
2025/9/15,4.53,131,102.5,5.55,100.8,26.75,11.074,47.85,23.75,28,13.65
2025/9/17,5.71,341.6,126.2,4.83,99.3,38.95,13.327,127.5,31.7,34.5,19.98
2025/10/13,5.14,85.24,100.5,8.72,68.949,57.35,11.177,33.55,25.35,20.9,17.8
2025/10/16,4.79,214.8,115.9,5.64,98.5,35.05,12.43,74.4,22.2,37.6,15.36
2025/10/17,6.16,352,130.2,4.97,100.1,37.75,13.418,135.7,34.5,34.95,21.2
2025/11/13,5.52,87.6,99.05,9.32,70.562,56.95,11.276,33,28.8,22.85,17.575
2025/11/14,5.09,124.7,114.8,8.77,82.716,46.55,12.854,45.05,25.45,28.7,15.625
2025/11/15,4.75,156.4,98.35,5.73,103.6,26.75,11.675,55,21.95,32.7,13.06
2025/11/16,4.67,193,100.9,5.36,95.1,38,11.95,70.5,23.05,35.25,16.32
2025/12/13,5.26,93.84,97.5,8.54,69.928,62.45,10.978,37.6,29.7,22.5,18
2025/12/14,5.46,112.7,117,8.63,74.882,38.5,12.007,40.95,26.55,27.5,15.65
2025/12/15,4.8,151.8,95,5.38,104.7,26.75,11.27,50.3,21.3,32.2,12.72
2025/12/17,6.28,405.8,127,5.49,96.6,39.7,13.836,142.5,35.85,33.25,23.5
2026/1/15,5.83,137,126.1,8.83,83.753,39,12.076,47.85,27.3,29.55,17.3
2026/1/16,3.85,141.8,80.7,4.37,93.05,23.05,9.992,50.45,15.38,27.35,10.66
2026/1/17,4.8,205,107.1,6.3,92.3,35.1,12.033,80.9,25.35,35.7,14.78
2026/2/13,5.41,53.4,117.3,10.58,68.258,35.55,12.136,31.05,27.15,24.45,10.65
2026/2/14,4.59,117.2,98.65,8,68.085,63.75,10.27,33.85,28.45,21.7,19.4
2026/2/15,5.71,135.6,123.6,9.02,88.13,34.6,11.98,52.1,26.55,27.35,17.7
2026/2/16,3.87,142.7,88,5.17,95.1,26.95,10.473,53.55,15.58,28.85,11.4
2026/3/13,5.41,49.68,105.2,10.18,65.205,39.9,12.644,33.5,26.1,26.05,10.575
2026/3/14,4.63,110.8,93.3,8.36,73.039,58.9,10.282,37,31.8,21.3,19.3
2026/3/15,5.57,140.8,119.4,8.35,89.973,32.5,12.144,46.3,27.8,29.75,19.35
2026/4/13,5.41,51.8,113.9,9.88,67.451,42.65,13.18,37.35,27.8,22.85,10.825
2026/4/16,4.23,161.8,99.1,5.62,95.4,28.55,11.014,55.05,20.55,33.55,13.4
2026/4/17,5.14,241.6,116.8,5.52,96.9,36.85,12.777,106.6,27.7,35.1,14.94
2026/5/14,4.97,111.4,102.2,9.39,77.128,58.75,11.599,44.4,27.4,20.9,19.5
2026/5/15,6.95,158.8,136.4,9.64,95.1,31.9,12.772,45.55,32.85,40.15,22.375
2026/5/16,4.02,163.8,88.65,5.35,89.6,29.05,10.984,58.85,18.78,35.2,12.88
2026/5/17,5.19,278,114.8,5.29,101.9,34.9,13.223,82.6,25.7,35.55,15.76
2026/6/13,4.7,58.08,98.75,7.96,59.157,36.05,11.636,40.85,20.55,19.18,13.475
2026/6/14,4.9,118.4,105.7,9.82,78.972,57.2,11.529,51.7,27,21,17.875
2026/6/15,6.6,159.9,126.5,8.75,114.2,27.95,12.081,42.5,27.5,33.8,19.575
2026/6/17,5.25,284,116.5,4.87,98.9,36.1,13.564,97.55,26,36.2,15.22
2026/7/13,5.11,69.48,103.4,9.24,63.304,40.5,12.381,36.6,23.75,21.6,15.625
2026/7/16,4.41,186.3,110.6,5.28,90.3,30.05,12.066,69.15,21.15,37.65,13.06
2026/7/17,5.47,301,117.8,5.05,101.5,36.05,13.4,103.5,28.25,34.25,15.66
2026/8/13,5.19,71.36,100.4,8.65,62.728,43.45,11.475,35.3,26.75,20.75,15.625
2026/8/14,5.24,129.4,118.2,11.24,85.02,52.4,12.472,48,28.75,27.6,18.625
2026/8/15,4.59,128.6,96.6,6.29,100.3,26.45,10.999,40.7,21.6,26.75,14.9
2026/8/16,4.94,200.4,111,5.26,98.75,30.7,12.05,82,22.4,40.05,15.42
2026/9/13,5.58,81.8,105.8,8.66,69.122,48.75,11.537,37.35,25.8,19.32,17.425
2026/9/14,4.98,116.5,116.4,10.32,77.589,42.45,11.925,46.1,25.7,28.8,16.65
2026/9/16,4.85,213,116.7,4.98,99.2,32.3,12.132,77.6,21.4,37.75,14.54
2026/9/17,5.74,337.6,126,5,99.4,38.95,13.4,126.1,31.75,34.4,20.35
2026/10/15,5.13,149,106.6,6.19,106.5,28.8,12.006,49.55,24.6,30.75,15.12
2026/10/16,4.72,212.2,115.5,5.52,97.3,35.5,12.397,75.85,22.05,37.55,15.14
2026/10/17,6.14,347,129.2,4.95,99.95,37,13.436,136.3,33.65,34.85,21.75
2026/11/13,5.51,87.4,99.75,9.23,70.677,57.05,11.4,34,29,22.5,17.425
2026/11/14,5.17,125.7,114.7,8.76,82.946,46.9,12.854,46.25,25.9,29,15.65
2026/11/15,4.78,155.7,98.75,5.75,102.9,26.5,11.705,55.35,21.9,32.5,12.76
2026/12/13,5.26,93.84,97.5,8.54,69.928,62.45,10.978,37.6,29.7,22.5,18
2026/12/14,5.46,112.7,117,8.63,74.882,38.5,12.007,40.95,26.55,27.5,15.65
2026/12/16,4.49,179.7,97.25,5.81,88.1,33.15,11.24,67.45,21.2,31.45,14.34
2026/12/17,6.28,405.8,127,5.49,96.6,39.7,13.836,142.5,35.85,33.25,23.5
2027/1/14,4.67,97.88,96.2,7.74,66.645,59.95,10.084,34.6,29.5,21.85,17.5
2027/1/15,5.73,136,126.3,8.7,83.061,40.15,12.185,48,26.75,28.65,17.25
2027/1/16,3.87,140.5,80.35,4.51,93.15,24.55,9.947,50.45,15.08,26.9,10.6
2027/1/17,4.78,204.4,107.4,6.22,93.45,34.5,12.116,80,25.15,35.6,14.58
2027/2/13,5.4,52.84,119,10.56,68.719,36.3,12.136,31.5,27.4,24.5,10.65
2027/2/14,4.68,123.3,99.15,8.15,69.41,65.35,10.456,34.3,28.6,21.65,19.575
2027/2/15,5.66,135.9,121.6,9,88.418,35.4,11.953,51.35,26.35,27.15,17.5
2027/2/17,5.08,210.2,114.7,6.02,96.3,32.05,12.397,84.15,26.7,36,15.44
2027/3/13,5.45,50.12,105.6,10.24,65.493,40.8,12.672,36.25,26.55,27,11
2027/3/14,4.62,104.3,93.05,8.42,73.787,56.55,10.481,39.05,31.75,20.95,19.575
2027/3/15,5.5,141.9,120.3,8.34,90.607,32.3,12.171,45,28.55,29.6,19.25
2027/3/17,5.12,224.8,114.4,5.75,96.85,34.85,12.777,95.2,26.85,36.85,15.12
2027/4/15,6.82,162.6,127.9,10.64,97.174,32.6,12.759,46.15,33,38.25,21.05
2027/4/16,4.23,159.5,98.95,5.81,94.55,28.1,10.924,53.65,20.15,33.9,13.3
2027/4/17,5.11,244.6,117.2,5.49,97,35.55,12.777,108.4,26.65,34.4,15.06
2027/5/13,5.41,60.08,108.2,9.5,64.859,39.8,13.039,44.35,26.5,20.95,13.15
2027/5/14,4.96,111.4,103,9.42,77.186,58.25,11.673,43.15,27.05,20.7,19.025
2027/5/15,6.92,157.9,135,9.6,118.2,31.6,12.786,45.25,32.9,39,22.4
2027/5/16,4.08,171.2,89.25,5.35,90.35,28.95,11.089,59,18.78,36.05,12.78
2027/6/13,4.76,59.56,98.4,7.98,59.675,36.15,11.86,42.05,20.6,19.5,13.325
2027/6/14,4.9,118.4,106.9,9.75,79.49,57.65,11.57,50.85,26.8,20.95,18.175
2027/6/16,4.41,170.9,88.75,5.1,83.5,25.65,11.355,63.25,17.62,34.7,12.8
2027/6/17,5.22,288,115.7,4.83,98.35,36.1,13.473,99.1,26.15,35.8,15.04
2027/7/15,5.44,145.6,119.7,7.47,111.3,32.55,11.781,41.4,24.05,30.35,18
2027/7/16,4.45,189,110.8,5.37,91.35,30.55,12.083,70.3,20.65,38.6,13.26
2027/7/17,5.48,308.4,119.3,5.07,101.8,36,13.382,104.5,29.05,33.3,15.6
2027/8/13,5.14,72.4,100.1,8.65,62.267,44.9,11.375,34.55,26.3,19.4,15.075
2027/8/14,5.2,128.4,117.1,11.28,84.156,52,12.212,47.65,28.45,27,19
2027/8/15,4.71,132.2,98.65,6.55,103.9,28,11.195,42.8,23.05,28.35,14.45
2027/9/13,5.54,83.56,107.4,8.71,69.698,48.75,11.574,36.65,25.45,19.46,17.725
2027/9/16,4.97,215.8,118.5,5,99,33.3,12.231,78.55,21.5,38,14.6
2027/9/17,5.81,338.4,126.2,5.01,99.7,39.85,13.382,133,31.7,34.55,21.15
2027/10/14,4.95,118.1,113.9,9.46,76.38,44.05,12.171,43.8,24.75,28.25,16.025
2027/10/15,5.13,149.1,105.6,6.16,107.4,28.9,12.036,49.2,24.65,31.45,15.28
2027/10/16,4.69,210.6,115.9,5.41,96.25,34.45,12.38,74.05,21.9,37.9,14.8
2027/10/17,6.39,347.8,128.6,4.98,99.75,36.5,13.491,137.6,33,34.85,21.25
2027/11/13,5.55,88.28,99.95,9.19,70.677,58.15,11.4,34.3,29.9,22.95,17.2
2027/11/14,5.18,125.1,114,8.7,82.543,46.9,12.663,45.95,25.6,28.85,15.8
2027/11/15,4.69,153.2,96.3,5.54,101.2,26.15,11.615,54.95,21,31.85,12.54
2027/11/17,6.18,411.4,129.5,5.35,98.05,37.55,13.745,165.1,35.2,31.1,20
2027/12/13,5.23,96.64,97.7,8.5,70.274,62.05,11.065,38.4,29.15,22.65,18.125
2027/12/16,4.49,179.7,97.25,5.81,88.1,33.15,11.24,67.45,21.2,31.45,14.34
2027/12/17,6.25,401.2,129,5.52,96.55,39.65,13.855,137.3,36.05,33.65,23.6
2028/1/13,5.95,53.56,129.3,11.06,74.191,37.55,12.164,29.55,29.75,24.2,11.55
2028/1/14,4.67,100.6,96.15,7.69,67.394,59.75,10.133,32.95,29.45,21.55,17.35
2028/1/15,5.72,136.9,127.9,8.6,83.695,39.65,12.171,47.6,26.85,28.75,17.425
2028/1/16,3.92,141.6,80.85,4.56,94.5,26.2,10.128,49.55,15.1,27.15,10.74
2028/2/13,5.57,53.64,120,10.66,69.467,36.95,12.249,32.95,28.35,24.5,10.825
2028/2/14,4.65,124.5,99.3,8.18,70.043,64.9,10.382,35.15,28.3,21.55,19.9
2028/2/17,5.09,207,113.5,5.91,95.9,32.4,12.347,81.75,27.05,35.9,15.3
2028/3/13,5.44,49.36,104.6,10.18,66.011,40.25,12.785,37.3,25.75,25.05,11.15
2028/3/14,4.72,107,93.65,8.49,73.442,57.4,10.407,39.55,34.25,20.65,19.65
2028/3/16,4.23,158.8,93.1,5.14,100.3,30.1,10.594,57.1,19.08,30.95,10.92
2028/3/17,5.15,226,114.4,5.77,96.9,36.25,12.81,95.3,26.85,36.7,15.38
2028/4/14,4.62,101.7,96.95,8.95,77.935,59.45,10.779,43.65,28.15,19.9,19.55
2028/4/15,6.91,163.6,127.4,10.14,96.54,32.2,12.704,44.55,32.95,37.25,21.05
2028/4/16,4.27,161,99,5.92,94.2,28.2,11.014,54.5,20.05,33.6,13.3
2028/4/17,5.08,243.4,116.7,5.48,97.15,35.3,12.843,114.2,27.25,34.9,15.06
2028/5/13,5.5,60.84,108.5,9.55,65.435,40.2,13.011,44.25,27,21.65,13.275
2028/5/14,5.04,113.3,104,9.26,77.244,57.05,11.723,43.2,27.35,21.1,19.175
2028/5/15,6.73,155.2,132.6,9.34,121,30.5,12.718,43.65,32.6,37.1,22
2028/6/13,4.89,60.84,100.1,8.25,60.597,36.55,11.773,43.8,21,19.48,13.875
2028/6/16,4.41,170.5,88.05,5.06,82,25.2,11.355,63,17.38,34.7,12.96
2028/6/17,5.2,282.8,114,4.84,98.85,35.85,13.4,97.4,26.2,35.55,15.04
2028/7/14,5.28,128.9,107.6,10.68,82.37,56.95,11.502,48.4,29.95,23.4,18.575
2028/7/15,5.4,146.5,120,7.62,111.8,32.3,11.841,42.05,23.5,30,18.35
2028/7/16,4.43,189,113.1,5.36,91.1,30.05,11.967,70.65,20.75,38.15,13.26
2028/7/17,5.42,304.8,121.4,5.03,102.1,36.2,13.436,104,28.75,32.8,15.46
2028/8/13,5.05,71.24,99.05,8.27,62.037,44.05,11.139,34.25,25.35,19.78,14.925
2028/8/14,5.14,127.8,117.6,10.96,82.6,51.35,12.185,48.25,28.05,26.25,17.725
2028/8/15,4.52,130.7,98.05,6.49,104.6,27.35,10.969,44.3,22.95,29.25,14.35
2028/8/17,5.92,323,125.7,5,100.8,34.1,13.309,137,29.3,33.35,17
2028/9/15,4.53,131,102.5,5.55,100.8,26.75,11.074,47.85,23.75,28,13.65
2028/9/16,4.97,216.6,119.1,4.98,99.35,33.55,12.314,79.55,21.25,37.95,14.64
2028/9/17,5.74,333,126.3,4.91,99.75,40.35,13.345,131.2,31.5,34.2,20.9
2028/10/13,5.2,86.6,101.4,8.77,70.216,55.65,11.201,34.35,25.5,21.4,17.6
2028/10/14,5.05,120.1,114.7,9.57,77.359,44.7,12.294,44.4,25.15,30.05,16.35
2028/10/15,5,149.8,106.5,6.07,107.2,28.3,12.066,48.8,23.6,32.15,14.76
2028/10/16,4.63,208,115,5.38,95.1,34,12.397,74,21.45,37.6,15.1
2028/11/13,5.55,88.4,99.55,9.1,71.253,58.4,11.388,34,30.3,22.65,17.45
2028/11/14,5.26,124,113.4,8.41,81.967,46.45,12.554,45.65,26.25,28.9,15.725
2028/11/16,4.76,195.3,100.9,5.35,94.6,38.45,11.934,69.9,22.95,36.2,16.38
2028/11/17,6.15,419.2,128.8,5.28,97.75,37.9,13.891,172.2,36.85,31.15,20.45
2028/12/15,4.75,150.9,94.45,5.27,103.9,26.3,11.375,50.1,21.25,31.15,12.7
2028/12/16,4.54,183.6,97.15,5.84,88.1,33.1,11.24,69.75,20.8,31.65,14.72
2028/12/17,6.32,408.2,129.9,5.48,97.8,40.3,13.964,142.5,36.45,33.7,23.15
2029/1/13,5.82,53.44,128.6,11.08,73.845,38.15,12.39,29.55,30.4,24.2,11.825
2029/1/14,4.86,106.4,95.05,7.62,66.126,58.4,10.022,34.5,30.65,22,17.875
2029/1/15,5.6,134.6,128.2,8.42,83.753,39.2,12.212,49.7,26.4,28.4,17.725
2029/1/16,4.03,144.9,83.8,4.75,96.35,26.8,10.233,49.5,15.16,27.3,10.74
2029/2/16,3.84,141.9,86.85,4.99,93.95,27.1,10.278,53.95,15.44,28.4,11.18
2029/3/13,5.44,49.36,104.6,10.18,66.011,40.25,12.785,37.3,25.75,25.05,11.15
2029/3/16,4.25,157.3,92.75,4.99,100.3,31.2,10.548,57.85,19.02,32.2,10.88
2029/3/17,5.17,228,114.1,5.75,96.35,36.15,12.81,93,27.3,36.15,15.2
2029/4/13,5.42,52.4,112.6,9.83,67.106,42.3,13.18,37.45,27.8,22.9,10.85
2029/4/14,4.67,101.9,98.55,8.97,78.165,57.9,11.114,43,29.1,20,19.95
2029/4/15,6.87,164.2,128.3,10,97.174,32,12.731,43.5,31.75,37.15,20.575
2029/4/16,4.21,158.9,98.05,5.71,93,27.8,10.879,53.95,20.55,33.3,13.18
2029/5/13,5.42,60.72,105.8,9.27,64.226,39.7,12.898,43.5,26.5,20.85,13.325
2029/5/14,5.02,109.8,104.5,9.22,78.914,55.9,11.723,43.2,27.3,21.2,19.025
2029/5/15,6.75,155.7,131.4,9.19,121,29.95,12.772,43.35,32.5,37,22.125
2029/5/17,5.2,274.8,115.2,5.26,101.8,35.2,13.421,82.6,25.6,36.05,15.84
2029/6/15,6.1,153.1,124.7,8.68,112.4,26.65,12.081,42.25,26.3,33.2,18.8
2029/6/16,4.24,172.4,90.7,5.18,82.85,25.3,11.471,64.15,18.14,36,13.04
2029/6/17,5.28,284,114.5,4.83,98.5,36,13.509,99,27,35.45,15.38
2029/7/13,5.06,69.92,103.6,9.14,63.131,40.7,12.232,36.75,23.05,21.05,15.55
2029/7/14,5.28,130.4,112.3,10.44,84.732,57.7,11.516,47.65,29,22.95,18.825
2029/7/15,5.46,144.4,119.8,7.83,111.7,32.95,11.796,41.95,24.4,30.45,18
2029/7/16,4.39,186.5,111,5.26,90.8,29.6,11.901,72.4,20.35,37.55,12.96
2029/8/13,5.06,72.36,100.3,8.42,62.786,44.3,11.177,34.9,25.3,19.86,15.875
2029/8/14,5.14,126.5,117.6,11,81.391,50.5,12.007,50.55,28,27.05,17.975
2029/8/16,4.94,201.4,109,5.22,98.85,29.95,12.066,86.4,22.15,39.75,14.98
2029/8/17,5.93,319.8,125.4,4.98,100.2,34.55,13.327,141.2,29.1,34.85,17.02
2029/9/14,4.91,115.6,112.1,10.1,74.709,41.5,11.625,45.5,25.1,28.05,16.05
2029/9/15,4.4,127.3,98.95,5.19,98.6,24.25,10.849,46.4,22.85,27.1,13.225
2029/9/16,4.99,217.6,118.5,5.13,99.7,34.2,12.347,80.5,21.4,38.95,14.9
2029/9/17,5.8,336.2,126.9,4.95,99.85,40.65,13.345,131.2,31.15,34.4,21.85
2029/10/13,5.34,83.68,101.4,8.91,69.295,53.85,11.189,33.65,26.5,21.05,17
2029/10/14,5.11,121.7,115.4,9.84,78.28,46.95,12.267,45.7,25.6,29.75,16.6
2029/10/15,4.97,148,105.2,6.19,106.5,28.8,12.021,48.85,23.65,31.9,14.56
2029/11/13,5.57,89.68,99.55,9.17,70.619,58.65,11.35,35,30.25,23.05,17.725
2029/11/16,4.78,193,100.4,5.34,94.4,38.9,11.983,70.8,22.8,36,16.1
2029/11/17,6.15,411.6,128.2,5.24,97.35,38.4,13.891,166.6,38.7,31.05,20.5
2029/12/14,5.63,113.4,117.6,8.78,75.861,38.9,12.226,41.75,26.55,27.55,15.9
2029/12/15,4.73,150.8,94,5.19,104.9,26.35,11.39,50.25,21.1,31,12.86
2029/12/16,4.58,187.6,97.4,5.78,87.9,33.15,11.24,70.1,20.8,31.6,14.8
2029/12/17,6.29,406,130.4,5.45,98.1,40.35,13.927,139.4,36.75,33.8,23.25
