37,1,1,1,4,1,1,1,2,2,1,3,2,5993,1,0,18,3,3,1,7,2,4,7,5,0,7,0
54,2,1,1,4,1,4,2,3,3,1,3,2,10502,7,0,17,3,1,1,33,2,1,5,4,1,4,0
34,2,1,7,3,1,1,1,1,2,2,3,0,6074,1,1,24,4,4,0,9,3,3,9,7,0,6,1
39,1,1,1,1,1,4,2,2,4,1,4,1,12742,1,0,16,3,3,1,21,3,3,21,6,11,8,0
28,2,1,1,3,2,1,1,2,1,2,2,2,2596,1,0,15,3,1,2,1,2,3,1,0,0,0,1
24,1,2,4,1,2,4,2,3,2,3,3,1,4162,1,1,12,3,3,2,5,3,3,5,4,0,3,0
29,1,1,9,5,6,2,1,2,1,2,4,0,3983,0,0,17,3,3,0,4,2,3,3,2,2,2,0
36,1,2,2,2,2,2,1,2,3,3,3,1,7596,1,0,13,3,2,2,10,2,3,10,9,9,0,0
33,1,1,4,4,2,3,2,2,1,4,2,1,2622,6,0,21,4,4,0,7,3,3,3,2,1,1,0
34,1,1,2,4,4,3,2,3,2,5,4,0,6687,1,0,11,3,4,0,14,2,4,14,11,4,11,0
24,1,3,22,1,5,4,1,1,1,9,3,1,1555,1,0,11,3,3,1,1,2,3,1,0,0,0,1
35,1,1,10,4,2,1,2,3,2,5,3,0,6142,3,1,16,3,3,0,10,4,3,5,2,0,4,0
30,1,1,3,3,4,4,2,3,1,4,1,0,2657,5,1,11,3,3,0,8,5,3,5,2,0,4,1
54,1,1,8,4,1,3,2,3,2,2,3,0,3780,7,0,11,3,3,0,19,3,3,1,0,0,0,0
34,1,1,1,3,1,4,2,2,1,2,2,1,3294,5,0,17,3,1,1,7,2,2,5,4,0,2,0
47,1,2,2,4,1,4,2,2,1,6,4,0,3294,1,1,18,3,1,0,3,3,2,3,2,1,2,0
36,0,2,15,4,3,4,1,1,2,3,4,2,5406,1,0,24,4,1,1,15,4,2,15,12,11,11,0
35,1,1,1,4,2,4,1,2,1,2,3,1,2258,6,0,12,3,2,1,10,2,3,8,0,1,7,0
29,1,2,19,3,1,3,1,2,2,3,3,2,8620,1,0,14,3,3,2,10,3,3,10,7,0,4,0
56,1,1,14,4,1,2,2,3,1,4,2,1,4963,9,1,18,3,1,3,7,2,3,5,4,4,3,1
45,1,1,10,2,1,1,1,3,1,4,4,1,2654,3,0,21,4,4,2,8,3,2,2,2,0,2,0
46,1,1,1,4,2,4,1,3,3,5,1,2,9396,7,0,16,3,3,1,17,3,3,4,2,0,3,0
39,1,1,10,1,2,3,1,3,3,8,3,0,13464,7,0,21,4,3,0,9,3,3,4,3,2,2,0
52,1,2,3,4,3,3,1,2,4,7,1,1,16856,1,0,11,3,1,0,34,3,4,34,6,1,16,0
32,0,1,1,3,1,3,2,2,1,2,2,1,2332,6,0,20,4,3,0,5,3,3,3,0,0,2,0
46,2,1,18,1,2,1,2,3,3,5,3,1,10527,5,0,11,3,4,0,28,3,2,2,2,1,2,0
28,1,1,17,2,2,3,1,3,2,2,1,2,4558,1,0,12,3,4,1,10,2,3,10,0,1,8,0
29,1,1,23,2,1,3,1,4,1,4,3,1,2700,1,0,24,4,3,1,10,3,3,10,7,0,7,0
39,1,2,24,1,3,2,2,2,4,3,4,1,12031,0,0,11,3,1,1,21,2,2,20,9,9,6,0
33,1,1,9,3,2,1,1,3,1,4,4,1,2781,0,0,13,3,2,1,15,5,3,14,10,4,10,0
38,1,2,3,3,1,1,1,3,3,3,3,2,10609,0,0,12,3,3,2,17,6,2,16,10,5,13,0
27,2,1,5,2,1,4,2,3,1,2,4,0,2379,0,1,14,3,3,0,6,3,2,5,4,0,2,0
19,2,2,1,1,4,3,2,1,1,6,1,0,2325,0,0,21,4,1,0,1,5,4,0,0,0,0,1
54,1,1,17,3,4,3,2,3,3,1,3,1,10739,8,0,11,3,3,1,22,2,3,10,7,0,8,0
53,1,1,23,4,1,4,2,3,4,8,4,0,14275,6,0,18,3,3,0,33,0,3,12,9,3,8,0
33,0,2,8,1,1,2,2,2,1,6,4,0,2342,0,0,19,3,4,0,3,2,2,2,2,2,2,0
29,1,2,2,3,2,1,1,2,2,3,2,1,6644,2,0,19,3,2,2,10,2,3,0,0,0,0,0
33,2,1,3,3,1,1,1,3,1,4,1,0,3348,1,1,11,3,1,0,10,3,3,10,8,9,7,1
42,1,1,29,3,1,2,1,3,2,1,2,1,4434,1,0,13,3,4,1,10,3,2,9,8,7,8,0
34,2,1,10,4,4,4,1,2,2,5,3,1,5063,1,0,14,3,2,1,8,3,2,8,2,7,7,0
42,1,2,5,2,3,4,1,3,5,7,3,1,18303,6,0,13,3,2,0,21,3,4,1,0,0,0,0
26,1,2,1,3,1,3,1,3,2,3,3,1,5296,1,0,17,3,2,1,8,3,3,8,7,7,7,0
55,1,1,1,4,2,2,1,4,4,8,4,2,14732,2,0,13,3,4,2,31,4,4,7,7,0,0,0
50,2,2,1,4,1,2,1,3,2,3,3,2,6728,7,0,12,3,4,2,12,3,3,6,3,0,1,1
37,1,1,7,4,2,4,1,3,2,4,1,1,4284,5,1,22,4,3,1,16,2,3,5,3,0,4,0
45,0,2,26,3,3,1,1,2,2,3,1,1,4385,1,0,15,3,1,1,10,2,3,10,7,4,5,0
43,2,2,15,3,1,4,1,2,2,3,4,1,6804,3,0,18,3,3,1,7,5,3,2,2,2,2,0
39,1,2,5,3,4,4,1,3,2,6,4,1,2086,3,0,14,3,3,1,19,6,4,1,0,0,0,1
38,1,2,2,2,3,4,1,3,3,3,2,0,7351,7,0,16,3,3,0,10,2,3,1,0,0,0,0
31,1,1,1,4,2,3,1,3,1,4,2,0,2501,1,0,17,3,2,0,1,4,3,1,1,1,0,0
51,1,1,1,3,1,3,1,3,1,4,4,1,2723,1,0,11,3,2,0,1,0,2,1,0,0,0,0
36,1,1,1,3,4,3,2,1,3,1,1,2,10252,2,1,21,4,3,1,17,2,3,7,7,7,7,0
39,1,1,6,1,2,4,1,2,3,5,1,1,9991,4,0,15,3,1,1,9,5,3,7,7,1,7,0
32,2,1,24,4,1,1,1,3,2,2,4,1,5309,1,0,15,3,4,2,10,2,3,10,8,4,7,0
27,1,1,8,3,2,2,2,4,1,4,3,1,3517,7,0,17,3,1,0,5,0,3,3,2,0,2,0
39,0,1,9,3,1,4,1,3,5,7,4,0,19431,2,0,13,3,3,0,21,3,2,6,0,1,3,0
34,1,1,7,4,2,1,1,3,1,4,4,0,2972,1,0,13,3,3,0,1,4,1,1,0,0,0,0
34,1,1,27,2,2,4,2,3,1,4,2,0,2311,2,0,15,3,4,0,9,3,3,3,2,1,2,0
43,1,2,16,3,3,4,2,3,4,7,4,1,16064,5,1,22,4,3,1,22,3,3,17,13,1,9,0
31,1,1,2,4,1,2,1,3,1,2,3,1,3477,1,0,14,3,4,1,6,2,4,5,2,0,3,0
31,1,2,6,4,1,2,1,1,2,3,3,1,6172,4,1,18,3,2,0,12,3,2,7,7,7,7,1
38,1,1,1,4,1,2,2,4,2,5,4,0,7625,0,0,13,3,3,0,10,4,2,9,7,1,8,0
36,0,2,1,5,2,4,2,3,2,3,4,0,6653,4,0,15,3,2,0,7,6,3,1,0,0,0,0
42,1,1,24,3,2,4,1,3,3,1,1,1,7406,1,1,21,4,4,1,10,5,2,10,9,5,8,0
43,2,2,26,2,1,3,1,3,4,7,4,1,16959,1,1,12,3,4,2,25,3,4,25,12,4,12,0
36,2,2,3,4,2,1,1,2,3,3,4,1,9699,4,0,11,3,1,1,16,2,3,13,9,1,12,0
51,1,1,4,4,1,1,1,3,1,4,3,1,2461,9,1,12,3,3,3,18,2,4,10,0,2,7,1
51,2,2,2,3,3,2,1,3,3,3,2,1,10596,2,0,11,3,2,0,14,5,3,4,2,3,2,0
33,2,1,6,3,1,3,1,3,2,5,4,2,7725,3,0,23,4,3,1,15,2,1,13,11,4,7,0
25,1,3,2,3,5,3,2,3,1,9,2,1,2187,4,0,14,3,3,0,6,3,3,2,0,1,2,0
33,2,2,10,3,3,2,1,2,2,3,4,0,4682,3,0,14,3,3,0,9,6,2,7,7,0,1,0
42,1,1,13,3,2,2,1,4,2,5,1,1,5538,5,0,18,3,3,2,10,2,2,0,0,0,0,0
20,1,2,2,3,2,3,2,3,1,6,3,0,2783,1,0,19,3,1,0,2,3,3,2,2,2,2,0
42,1,3,2,1,4,3,1,3,1,9,3,2,2696,0,1,11,3,3,1,4,5,3,3,2,1,0,0
41,1,2,3,3,1,3,1,2,2,3,2,2,8938,2,0,11,3,3,1,14,5,3,5,4,0,4,0
27,1,1,5,1,4,3,1,2,3,8,4,2,12808,1,1,16,3,2,1,9,3,3,9,8,0,8,0
30,1,1,1,1,1,4,1,2,2,2,4,1,5126,1,1,12,3,3,2,10,1,2,10,8,3,0,0
30,2,1,5,4,1,2,1,2,1,4,4,2,3761,9,0,12,3,2,1,10,3,2,5,4,0,3,0
37,1,1,2,2,6,4,1,2,1,2,3,0,2090,6,1,15,3,2,0,7,3,3,0,0,0,0,1
24,1,1,21,2,4,3,1,2,1,2,1,2,2296,0,0,14,3,2,3,2,3,3,1,1,0,0,0
38,1,1,29,3,4,4,1,3,2,1,4,1,6261,3,0,18,3,1,1,9,3,1,7,7,1,7,0
56,1,3,8,4,1,4,1,3,5,7,2,0,19717,6,0,14,3,1,0,36,4,3,7,3,7,7,0
32,1,1,4,3,1,3,2,2,2,1,3,1,6162,1,0,12,3,3,1,14,3,3,14,13,6,8,0
30,1,2,2,1,4,3,1,3,1,6,2,1,2476,1,0,18,3,1,1,1,3,3,1,0,0,0,0
38,1,1,9,2,1,3,2,3,1,2,4,0,2288,1,0,12,3,3,0,2,3,3,2,2,2,1,0
25,1,2,18,1,1,1,1,4,2,3,3,1,6232,2,0,11,3,2,0,6,3,2,3,2,1,2,0
39,0,1,1,3,1,4,1,3,2,2,4,1,6472,1,1,15,3,4,1,9,2,3,9,8,5,8,0
59,1,2,25,3,1,1,2,3,3,3,1,0,7637,7,0,11,3,4,0,28,3,2,21,16,7,9,0
30,1,2,8,2,6,3,1,3,3,3,3,2,7264,5,0,11,3,1,1,10,2,4,8,4,7,7,0
56,2,2,6,3,1,3,2,4,4,3,1,1,13212,9,0,11,3,4,3,36,0,2,7,7,7,7,0
28,1,2,5,4,2,1,1,3,2,3,4,0,4908,1,0,14,3,2,0,4,3,3,4,2,0,2,0
38,2,1,6,4,1,1,1,2,2,1,3,1,5321,2,0,11,3,4,1,10,1,3,8,3,7,7,0
28,1,2,9,4,1,2,1,3,2,3,4,0,5253,1,0,16,3,4,0,7,1,3,7,5,0,7,0
19,1,1,2,3,1,2,1,2,1,2,4,0,1102,1,0,22,4,3,0,1,3,2,1,0,1,0,1
34,1,1,7,4,1,1,2,3,3,8,2,0,11994,0,0,11,3,3,0,13,4,3,12,6,2,11,0
51,1,1,7,4,2,2,1,2,2,1,3,1,6132,2,0,17,3,3,0,10,2,3,1,0,0,0,0
32,2,1,10,3,1,1,1,3,1,4,3,1,3433,6,0,13,3,1,1,10,3,2,5,2,1,3,0
35,1,1,1,4,1,3,2,1,1,4,4,1,2977,1,0,12,3,4,1,4,5,3,4,3,1,1,0
59,0,3,2,4,5,3,2,2,5,7,4,1,18844,9,0,21,4,4,1,30,3,3,3,2,2,2,0
30,1,1,10,3,2,1,2,3,3,1,3,0,9667,9,0,14,3,2,0,9,3,3,7,7,0,2,0
29,1,1,4,3,4,4,2,2,1,4,1,2,2109,1,0,13,3,3,1,1,2,3,1,0,0,0,0
52,1,1,4,2,1,4,2,3,4,7,4,1,16555,2,0,13,3,4,0,31,2,1,5,2,1,4,0
36,2,1,3,2,2,4,1,3,1,2,2,0,2088,4,0,12,3,3,0,13,3,2,8,7,7,2,0
29,1,1,13,2,6,4,1,2,2,2,2,1,4025,4,1,13,3,1,1,10,2,3,4,3,0,3,0
35,1,1,18,5,1,2,1,4,2,4,1,1,5208,1,0,11,3,4,0,16,2,3,16,15,1,10,0
25,2,2,24,1,1,3,1,1,1,6,4,0,1118,1,1,14,3,4,0,1,4,3,1,0,1,0,1
54,1,1,19,4,2,4,2,3,2,1,1,2,5485,9,1,11,3,2,2,9,4,3,5,3,1,4,0
32,1,2,7,3,1,4,1,2,2,3,3,1,5484,1,0,14,3,3,1,13,3,2,13,8,4,8,0
52,0,2,2,4,1,1,1,2,5,7,3,0,19068,1,1,18,3,4,0,33,2,4,33,7,15,12,0
31,1,1,9,1,1,3,1,3,3,1,2,2,10648,1,0,25,4,4,1,13,6,4,13,8,0,8,0
19,0,1,10,3,2,1,2,2,1,4,2,0,1859,1,1,25,4,2,0,1,2,4,1,1,0,0,1
35,1,2,8,4,1,1,2,3,1,6,4,1,2572,1,0,16,3,2,1,3,1,2,3,2,0,2,0
27,2,1,15,3,1,4,2,2,1,4,1,1,4774,0,0,19,3,4,1,8,2,2,7,6,7,3,0
26,1,1,24,3,4,3,1,1,1,2,4,0,2340,1,1,18,3,2,0,1,3,1,1,0,0,0,1
28,1,1,15,2,1,1,1,3,1,2,3,2,2207,1,0,16,3,4,1,4,5,2,4,2,2,2,0
56,1,1,24,2,1,1,1,3,1,2,4,0,2587,1,0,16,3,4,0,5,3,3,4,2,1,0,1
47,0,1,14,4,4,3,1,3,2,4,2,1,5467,8,0,18,3,3,1,16,4,4,8,7,1,7,0
40,1,2,25,4,3,4,1,2,3,3,2,0,9094,2,1,12,3,3,0,9,2,3,5,4,1,0,1
31,1,1,4,3,2,1,2,4,1,2,3,2,3978,8,0,12,3,2,1,4,0,2,2,2,2,2,0
23,1,1,6,3,1,3,1,4,1,2,1,1,1601,1,1,21,4,3,2,1,2,3,0,0,0,0,1
33,1,3,2,3,5,2,1,3,1,9,3,1,3600,1,0,13,3,4,1,5,2,3,5,4,1,4,0
27,1,2,2,2,2,1,2,4,2,3,3,0,6500,0,0,14,3,2,0,9,5,2,8,7,0,7,0
43,1,2,2,3,2,4,1,3,2,3,4,1,7847,1,1,17,3,1,1,10,3,3,10,9,8,8,0
35,1,2,28,4,1,2,2,2,1,6,3,1,2430,0,0,23,4,1,2,6,5,3,5,3,4,2,0
40,2,2,5,4,1,4,1,2,3,3,1,1,10475,5,1,21,4,3,1,20,2,3,18,13,1,12,0
36,0,1,18,4,1,1,1,3,2,1,4,0,7779,2,0,20,4,1,0,18,0,3,11,9,0,9,0
30,2,1,1,2,2,3,2,3,2,2,4,0,4011,1,0,23,4,4,0,12,2,3,12,8,3,7,0
55,1,1,2,4,4,2,1,2,1,4,4,1,2662,8,0,20,4,2,1,19,2,4,5,2,0,4,0
35,1,2,1,5,3,3,1,3,3,3,2,1,7295,1,0,13,3,1,2,10,3,3,10,8,0,6,0
29,1,1,8,1,2,2,1,2,2,1,4,1,5056,1,1,15,3,3,1,10,2,2,10,7,1,2,0
39,0,1,2,3,1,1,2,2,1,2,1,0,3646,2,1,23,4,2,0,11,2,4,1,0,0,0,1
18,1,2,10,3,2,4,2,2,1,6,3,0,1200,1,0,12,3,1,0,0,2,3,0,0,0,0,0
30,1,1,9,2,2,4,1,2,1,2,3,0,2206,1,0,13,3,1,0,10,5,3,10,0,1,8,0
43,1,1,12,3,1,1,1,2,4,8,2,2,14336,1,0,11,3,3,1,25,3,3,25,10,3,9,0
40,1,1,1,4,1,1,1,3,4,7,1,2,16823,2,0,11,3,1,1,22,3,3,19,7,11,16,0
35,2,1,18,4,1,3,1,3,2,5,3,1,5689,1,1,14,3,4,2,10,2,4,10,2,0,2,0
35,1,2,10,3,2,4,1,2,3,3,1,1,10306,9,0,17,3,3,0,15,3,3,13,12,6,0,1
33,0,2,22,2,3,3,1,3,2,3,2,1,6146,0,0,13,3,1,1,8,2,4,7,7,0,7,0
45,1,2,9,3,3,4,1,3,3,3,1,2,10761,4,1,12,3,3,1,18,2,3,5,4,0,2,0
47,1,1,1,3,4,1,1,3,1,4,4,1,3420,7,0,12,3,3,1,17,2,2,6,5,1,2,0
26,1,1,21,3,2,1,1,3,1,2,3,2,2377,1,0,20,4,3,1,1,0,2,1,1,0,0,1
42,0,1,2,1,1,3,1,3,4,7,3,1,17861,0,1,13,3,4,0,21,3,2,20,8,2,10,0
29,1,1,7,1,2,1,2,2,1,2,4,2,2532,6,0,14,3,3,3,8,5,3,4,3,0,3,0
40,0,1,9,5,1,4,1,2,2,5,4,1,4876,9,0,14,3,4,1,5,5,1,3,2,0,2,0
34,0,2,10,3,1,4,1,3,2,3,3,2,4001,1,1,14,3,3,1,15,3,3,15,14,0,7,0
43,2,1,9,5,2,4,1,3,2,2,3,2,5679,3,1,13,3,2,1,10,3,3,8,7,4,7,0
31,1,1,12,3,2,4,2,3,2,5,4,1,5855,0,1,11,3,3,2,10,2,1,9,7,8,5,0
31,1,2,29,4,3,1,2,2,2,3,4,1,5468,1,0,14,3,1,2,13,3,3,12,7,5,7,0
22,1,1,19,1,2,3,1,3,1,4,4,1,2323,1,0,24,4,1,2,2,6,3,2,2,2,2,0
33,1,1,14,3,2,4,2,3,1,4,2,1,2756,1,0,13,3,4,1,8,5,3,8,7,1,6,0
55,0,1,8,1,2,4,1,2,4,5,2,2,13577,1,1,15,3,4,1,34,3,3,33,9,15,0,0
27,2,2,2,1,1,4,1,1,2,3,4,0,5071,3,0,20,4,2,0,8,3,3,6,2,0,0,0
30,0,1,2,3,2,3,2,3,1,2,4,0,2564,0,0,14,3,3,0,12,2,2,11,7,6,7,0
33,2,1,3,4,1,4,2,3,1,4,3,1,2909,1,1,11,3,3,0,8,3,3,8,7,3,0,0
36,0,1,24,4,1,2,2,3,2,2,2,1,5674,7,0,15,3,3,1,11,3,3,9,8,0,8,0
33,1,2,10,4,3,2,1,3,2,3,3,0,5487,1,0,14,3,2,0,10,2,2,10,4,0,9,0
28,1,1,1,3,2,3,2,3,1,4,1,1,3591,1,0,25,4,3,1,3,3,3,3,2,1,2,0
30,1,2,1,3,1,2,1,2,2,3,1,1,9714,1,0,11,3,4,1,10,4,3,10,8,6,7,1
29,1,2,27,3,3,2,2,3,3,3,4,1,7639,1,0,22,4,4,3,10,3,2,10,4,1,9,1
39,1,1,23,3,2,3,1,3,1,4,1,0,3904,0,0,13,3,1,0,6,2,3,5,2,0,3,1
36,1,1,26,4,1,1,1,3,2,5,3,1,5347,6,0,14,3,2,2,10,2,2,3,2,0,2,0
32,0,1,29,4,2,4,2,3,1,2,3,0,4025,9,0,12,3,2,0,10,2,3,8,7,7,7,0
23,1,1,4,3,2,1,1,4,1,4,1,1,2819,2,0,16,3,1,1,5,3,4,3,2,0,2,0
29,1,2,10,3,1,3,1,3,1,6,3,0,2642,1,0,11,3,3,0,1,6,3,1,0,0,0,0
41,1,2,1,3,3,2,1,4,3,3,1,1,8392,1,0,16,3,3,1,10,2,3,10,7,0,7,0
54,1,1,7,4,2,4,2,3,2,4,4,1,6854,4,0,15,3,2,1,14,2,2,7,1,1,7,0
35,2,1,25,4,1,4,2,3,1,4,2,2,2022,1,1,19,3,1,1,10,3,2,10,2,7,8,1
28,2,1,6,3,1,3,1,2,1,4,3,2,2703,1,1,14,3,4,1,3,2,3,3,1,0,2,0
34,1,2,3,2,1,4,2,1,2,3,4,0,6029,5,0,12,3,1,0,6,3,3,2,2,2,2,0
31,2,1,1,3,1,4,1,1,2,4,1,1,5003,1,0,21,4,2,0,10,6,3,10,8,8,7,0
32,0,2,11,4,6,4,1,4,2,3,3,1,4707,8,0,12,3,4,0,6,2,3,4,2,1,2,1
40,2,1,11,3,4,4,2,3,2,2,3,1,6323,1,0,11,3,1,1,10,2,4,10,9,9,4,0
28,1,1,2,1,1,1,1,2,1,4,2,1,3201,0,0,17,3,1,0,6,2,1,5,3,0,4,0
22,1,1,1,2,1,4,1,2,2,1,4,1,4775,6,0,22,4,1,2,4,2,1,2,2,2,2,0
28,2,1,1,4,2,4,1,3,1,2,3,0,2154,0,1,11,3,3,0,5,2,2,4,2,0,2,0
25,1,2,4,2,1,2,2,2,2,3,4,0,4487,1,1,11,3,2,0,5,3,3,5,4,1,3,0
35,0,1,3,3,1,3,1,2,1,2,3,1,1281,1,0,18,3,3,2,1,3,3,1,0,0,0,0
32,1,2,7,5,3,4,1,3,2,3,4,1,9204,4,0,12,3,3,1,7,3,2,4,3,0,3,0
38,1,1,6,2,6,4,2,2,1,2,3,1,3702,1,0,11,3,2,1,5,3,3,5,4,0,4,0
29,2,2,13,3,4,1,2,3,2,3,2,0,5765,5,0,11,3,1,0,7,4,1,5,3,0,0,1
25,1,2,28,3,1,1,1,2,2,3,3,1,8639,2,0,18,3,4,0,6,3,3,2,2,2,2,0
29,1,1,15,2,1,4,2,2,2,2,3,0,4193,0,1,12,3,4,0,10,3,3,9,5,0,8,0
31,0,1,5,3,2,2,1,3,2,1,1,0,9936,0,0,19,3,2,0,10,2,3,9,4,1,7,0
40,1,1,24,2,4,1,1,3,2,4,4,2,3319,1,0,17,3,1,2,9,3,3,9,8,4,7,0
54,2,1,20,4,1,4,2,3,2,4,3,0,4869,3,0,12,3,4,0,20,4,2,4,3,0,3,0
47,1,1,2,4,2,1,2,3,4,8,3,1,17169,3,0,19,3,2,2,26,2,4,20,17,5,6,0
27,2,2,8,1,3,3,1,3,2,3,4,1,4342,0,0,19,3,2,1,5,3,3,4,2,1,1,0
35,1,2,1,3,2,1,2,3,2,3,3,0,4859,1,0,16,3,4,0,5,3,3,5,4,0,3,0
48,0,1,1,4,2,1,1,4,4,7,4,0,16885,2,0,22,4,3,0,27,3,2,5,4,2,1,0
47,1,3,26,4,1,4,2,3,5,7,3,1,19658,3,0,11,3,3,1,27,2,3,5,2,1,0,0
51,1,1,6,3,1,1,1,3,5,8,3,0,19537,7,0,13,3,3,0,23,5,3,20,18,15,15,0
41,0,1,2,4,6,1,2,2,2,5,3,0,6811,2,1,17,3,1,0,10,3,3,8,7,0,7,0
30,1,2,15,2,3,3,1,2,3,3,1,2,7140,2,0,11,3,1,1,12,2,3,7,7,1,7,0
34,1,2,8,2,4,2,1,4,2,3,3,1,6799,1,0,21,4,3,2,10,5,3,10,8,4,8,0
30,1,2,10,3,3,3,1,2,2,3,3,1,6578,1,0,18,3,1,1,10,3,3,10,3,1,4,0
27,0,1,3,3,2,4,1,3,1,4,4,1,1706,1,0,11,3,3,3,0,6,2,0,0,0,0,0
41,1,3,1,3,5,4,1,2,5,7,3,1,19189,1,0,12,3,2,1,22,3,3,22,7,2,10,0
49,1,1,8,2,6,1,2,3,3,2,2,1,7403,4,0,11,3,3,1,29,3,2,26,9,1,7,0
35,1,1,1,3,2,4,2,2,2,2,4,1,5363,0,0,12,3,2,1,10,0,3,9,7,0,0,0
36,1,1,12,5,2,4,2,2,3,1,4,0,8858,0,0,11,3,2,0,15,2,2,14,8,7,8,0
29,1,2,1,3,2,2,2,2,1,6,3,2,2800,6,1,19,3,3,3,5,3,3,3,2,0,2,1
20,2,2,9,3,3,4,2,3,1,6,4,0,2323,1,1,14,3,2,0,2,3,3,2,2,0,2,1
35,1,1,23,2,1,2,1,2,2,1,3,1,5916,3,1,13,3,1,0,8,1,3,1,0,0,1,1
56,1,1,4,4,4,4,2,3,5,7,1,2,19943,4,0,13,3,4,1,28,2,3,5,2,4,2,0
38,2,1,2,2,1,4,1,3,1,2,4,1,1702,1,1,23,4,3,1,1,3,3,1,0,0,0,0
36,1,1,27,3,2,3,1,3,2,5,3,1,5237,6,0,13,3,2,2,17,3,2,7,7,7,7,0
26,2,1,1,3,1,3,2,3,2,1,2,2,6397,1,0,20,4,1,1,6,6,1,6,5,1,4,0
50,0,1,2,4,1,1,1,3,4,7,1,2,17924,1,0,11,3,4,1,31,3,3,31,6,14,7,0
32,1,1,9,3,2,1,2,3,1,2,1,0,4200,7,0,22,4,1,0,10,2,4,5,4,0,4,1
32,1,2,1,4,2,2,1,2,1,6,2,1,2269,0,0,14,3,2,1,3,2,3,2,2,2,2,0
29,1,1,1,3,1,1,2,3,1,4,4,2,3760,1,0,15,3,1,3,3,5,3,3,2,1,2,0
30,1,1,6,3,4,1,2,2,2,2,4,1,4627,0,0,12,3,1,1,10,6,3,9,2,6,7,0
40,0,2,28,3,6,3,1,1,3,3,1,2,10932,3,0,15,3,3,1,20,2,3,1,0,0,1,0
34,2,1,1,4,6,4,1,3,1,4,1,2,2996,5,0,14,3,3,2,10,2,3,4,3,1,3,0
29,1,1,3,1,2,2,1,3,1,2,1,0,4723,1,1,18,3,4,0,10,3,3,10,9,1,5,0
55,1,1,1,3,2,4,1,3,5,7,1,0,19045,0,1,14,3,3,0,37,2,3,36,10,4,13,0
38,1,2,1,4,1,1,2,2,2,3,4,0,8686,4,0,22,4,3,0,12,2,4,8,3,0,7,0
46,0,2,26,2,1,2,1,2,2,3,2,0,7991,8,0,15,3,3,0,6,3,3,2,2,2,2,0
36,1,2,3,4,3,1,2,3,2,3,2,0,9278,3,1,16,3,4,0,15,3,3,5,4,0,1,0
58,1,1,2,3,4,4,1,3,1,4,3,0,2479,4,0,24,4,1,0,7,4,3,1,0,0,0,1
44,1,1,7,4,2,1,2,2,3,5,4,1,10248,3,0,14,3,4,1,24,4,3,22,6,5,17,0
40,1,2,26,3,3,3,1,3,2,3,1,1,8396,1,0,14,3,2,1,8,3,2,7,7,7,5,0
33,1,1,13,1,1,2,2,3,1,4,4,0,3452,3,0,18,3,1,0,5,4,3,3,2,0,2,0
26,2,1,3,1,4,3,1,3,1,4,1,0,3102,0,0,22,4,3,0,7,2,3,6,4,0,4,1
49,1,1,16,3,2,4,2,3,1,2,1,2,2587,4,1,16,3,2,1,17,2,2,2,2,2,2,0
35,1,3,26,4,1,3,2,3,3,9,4,0,8837,1,1,16,3,3,0,9,2,3,9,0,1,7,0
27,0,1,8,5,1,1,1,1,1,2,3,1,4621,1,0,19,3,4,3,3,4,3,3,2,1,2,0
26,1,1,6,3,6,3,2,2,1,4,2,1,2368,1,0,19,3,3,0,5,3,2,5,4,4,3,0
49,1,1,20,4,2,3,2,3,2,1,1,1,6567,1,0,14,3,3,0,16,2,2,15,11,5,11,0
49,1,1,1,2,4,3,2,2,4,5,3,0,13964,7,1,12,3,4,0,25,2,3,7,1,0,7,0
45,1,1,25,2,1,2,2,2,2,1,4,1,5906,0,0,13,3,4,2,10,2,2,9,8,3,8,0
28,1,1,5,4,4,3,1,3,1,2,3,0,3441,1,1,13,3,3,0,2,3,2,2,2,2,2,1
26,1,1,6,3,1,3,2,3,1,2,4,1,2659,1,1,13,3,3,1,3,2,3,3,2,0,2,0
44,1,1,10,4,1,3,1,3,1,4,3,0,2936,1,1,11,3,3,0,6,4,3,6,4,0,2,1
40,1,1,1,4,1,2,1,3,1,2,2,1,2387,3,0,22,4,3,1,7,3,3,4,2,0,3,0
26,1,2,5,3,6,4,2,2,1,6,3,0,2966,0,0,18,3,4,0,5,2,3,4,2,0,0,0
34,0,1,3,4,1,3,1,2,1,4,4,1,2979,3,0,17,3,4,3,6,2,3,0,0,0,0,0
34,2,1,2,2,1,4,1,3,2,1,3,0,4033,2,0,11,3,4,0,5,3,2,3,2,0,2,0
35,1,1,27,4,1,4,1,3,2,1,3,1,6883,2,0,16,3,2,1,17,3,3,7,7,0,7,0
43,1,1,6,3,2,1,2,2,2,4,3,0,4081,1,1,14,3,1,0,20,3,1,20,7,1,8,0
30,1,1,2,3,1,3,1,2,2,5,4,1,4152,1,0,19,3,1,3,11,3,3,11,10,10,8,0
44,1,1,1,4,1,2,1,4,2,5,1,1,5033,2,0,15,3,4,1,10,5,3,2,0,2,2,0
42,1,1,12,3,2,2,1,3,1,2,2,2,2766,8,0,22,4,2,3,7,6,2,5,3,0,4,0
30,0,1,3,3,1,3,1,3,1,2,4,1,2097,4,0,15,3,3,1,9,3,1,5,3,1,4,0
30,0,2,22,4,6,3,2,3,3,3,1,1,8412,0,0,11,3,3,0,10,3,3,9,8,7,8,0
38,2,1,10,1,2,3,1,3,1,4,3,1,2684,0,0,17,3,2,1,3,0,2,2,1,0,2,0
31,2,2,1,4,1,2,2,1,1,6,3,0,1359,1,0,12,3,2,0,1,3,3,1,0,0,0,1
54,1,2,2,4,1,3,2,2,3,3,3,1,10686,6,0,11,3,2,1,13,4,3,9,4,7,0,0
48,1,1,15,4,6,3,2,3,1,4,1,1,2367,8,0,12,3,4,1,10,3,2,8,2,7,6,0
31,1,3,8,2,2,4,2,4,1,9,2,0,2109,9,0,18,3,4,0,8,3,3,3,2,0,2,0
39,1,2,15,4,3,2,1,3,4,3,1,0,13341,0,0,12,3,1,0,21,3,3,20,8,11,10,0
25,1,2,8,3,1,4,1,4,2,3,2,1,4851,0,0,22,4,3,1,4,4,3,3,2,1,2,0
34,1,2,1,4,3,2,1,4,2,3,4,2,9725,0,0,11,3,4,1,16,2,2,15,1,0,9,0
27,1,2,2,1,3,3,1,3,1,6,1,2,3041,0,0,11,3,2,1,5,3,3,4,3,0,2,1
45,1,1,20,3,2,2,1,1,3,5,1,2,10851,2,1,18,3,2,1,24,2,3,7,7,0,7,0
27,0,1,9,3,2,4,1,3,1,4,2,2,2024,6,0,18,3,4,1,6,1,1,2,2,2,2,0
46,1,1,2,2,1,4,1,3,3,1,4,2,8578,3,0,14,3,3,1,12,4,2,9,8,4,7,0
26,1,3,20,2,2,4,2,3,1,9,2,1,2148,0,1,11,3,3,0,6,3,3,5,1,1,4,1
35,1,2,1,3,3,2,1,3,2,3,3,1,4717,9,0,11,3,3,0,15,2,3,11,9,6,9,0
36,1,3,13,3,5,3,1,3,1,9,2,1,2143,4,0,13,3,2,1,8,2,3,5,2,0,4,0
43,0,1,7,3,2,4,1,4,1,4,4,2,2089,4,0,14,3,4,3,7,3,4,5,4,2,2,0
32,1,1,2,4,1,4,1,3,1,2,2,0,1393,1,0,12,3,1,0,1,2,3,1,0,0,0,1
33,1,1,25,3,2,1,1,2,1,4,2,0,2313,4,1,20,4,2,0,5,0,3,2,2,2,2,1
26,2,2,1,3,2,3,1,2,2,3,1,0,4294,1,0,12,3,2,0,7,2,3,7,7,0,7,0
45,2,1,25,3,2,2,2,3,5,7,2,0,18061,3,0,22,4,3,0,22,4,3,0,0,0,0,0
35,1,1,4,2,6,3,1,3,1,2,4,2,1951,1,0,12,3,3,1,1,3,3,1,0,0,0,0
32,1,1,8,2,2,3,2,4,2,4,3,1,5175,5,0,12,3,3,1,9,3,2,5,3,1,3,0
31,0,1,10,3,2,3,2,3,3,8,3,1,11031,4,0,20,4,3,1,13,2,4,11,7,4,8,0
36,1,1,8,3,4,3,2,3,3,5,3,2,10096,1,0,13,3,2,3,17,2,3,17,14,12,8,0
55,1,1,2,3,2,4,1,3,5,7,1,1,19859,5,1,13,3,4,1,24,2,3,5,2,1,4,1
29,1,1,1,3,1,1,1,3,2,5,1,1,5373,0,0,12,3,1,1,6,5,2,5,3,0,2,0
39,1,1,24,1,1,1,1,3,2,4,4,0,4108,7,0,13,3,1,0,18,2,3,7,7,1,7,0
34,1,2,10,4,1,3,2,3,1,6,3,1,2220,1,1,19,3,4,1,1,2,3,1,1,0,0,0
49,1,1,1,3,1,3,1,3,4,7,3,0,15379,4,0,14,3,1,0,23,2,3,8,7,0,0,0
36,2,1,11,3,1,2,1,2,2,1,2,0,6499,1,0,13,3,3,0,6,3,3,6,5,0,3,0
25,1,2,5,3,3,3,1,2,2,3,3,0,5744,1,1,11,3,4,0,6,1,3,6,4,0,3,1
35,1,1,7,3,6,3,1,3,3,1,3,0,10221,3,0,21,4,2,0,17,3,4,8,5,1,6,0
28,1,1,8,2,1,4,2,3,1,4,4,0,3310,1,0,21,4,4,0,5,3,3,5,3,0,2,0
28,0,1,1,3,1,3,2,1,2,2,4,1,6674,0,0,11,3,1,3,10,6,3,9,8,7,5,0
37,1,3,8,2,6,3,1,3,2,9,2,2,4071,2,0,13,3,3,0,19,4,2,10,0,4,7,0
36,0,1,9,4,1,1,1,4,1,2,2,1,2810,1,0,22,4,2,0,5,3,3,5,4,0,2,0
31,1,2,2,1,1,2,1,3,2,3,4,0,6582,4,1,13,3,3,0,10,2,4,6,5,0,5,0
35,1,1,16,2,6,4,2,2,2,1,2,1,4788,0,1,11,3,4,0,4,2,3,3,2,0,2,0
30,2,1,4,3,4,3,1,3,1,4,4,0,2285,9,1,23,4,3,0,3,4,3,1,0,0,0,1
34,1,1,9,3,2,4,2,2,3,5,2,0,8621,1,0,14,3,2,0,9,3,4,8,7,7,7,0
38,2,1,29,5,1,4,2,3,2,2,4,0,2406,1,0,11,3,4,0,10,2,3,10,3,9,9,0
38,1,1,2,3,1,4,1,3,1,4,4,0,3944,5,1,11,3,3,0,6,3,3,3,2,1,2,0
36,1,1,4,4,1,1,1,2,2,2,4,0,5810,1,0,16,3,3,0,10,2,2,10,4,1,8,0
23,1,1,8,1,2,4,1,2,1,2,3,0,3989,1,1,11,3,1,0,5,2,3,5,4,1,2,1
27,1,1,4,3,1,2,1,4,2,1,2,1,6142,1,1,20,4,2,1,6,0,3,6,2,0,3,0
35,1,1,22,3,1,4,1,1,1,2,3,0,4230,0,0,15,3,3,0,6,2,3,5,4,4,3,0
38,1,1,9,2,1,2,1,3,1,4,4,2,4771,2,0,19,3,4,2,10,0,4,5,2,0,3,0
32,1,1,3,2,1,3,2,3,3,8,4,0,11159,3,0,15,3,4,0,10,6,3,7,7,7,7,0
23,1,1,9,1,2,2,1,3,1,2,1,1,2500,1,0,14,3,4,1,5,2,4,4,3,0,2,0
32,1,2,13,4,1,2,1,3,2,3,4,2,4403,2,0,11,3,3,1,8,3,2,5,2,0,3,0
55,2,1,2,1,1,4,1,3,3,1,2,1,10976,3,0,18,3,2,1,23,4,3,3,2,1,2,0
46,1,1,2,3,1,1,1,3,4,8,3,1,17861,6,0,13,3,3,0,26,2,1,3,2,0,1,0
60,2,2,28,3,3,3,2,2,3,3,1,1,10266,4,0,19,3,4,0,22,5,4,18,13,13,11,0
29,1,2,9,3,3,2,2,1,1,6,2,0,2760,1,0,13,3,3,0,2,3,3,2,2,2,2,1
49,1,1,1,3,4,3,2,3,1,4,1,1,3580,2,0,16,3,2,1,7,2,3,4,2,0,2,0
42,2,2,12,3,1,3,1,3,4,3,1,0,13758,0,1,12,3,2,0,22,2,2,21,9,13,14,1
35,2,2,1,3,3,3,2,3,3,3,3,0,8789,1,0,14,3,1,0,10,3,4,10,7,0,8,0
37,1,1,6,3,2,3,1,4,2,4,1,2,5974,4,1,13,3,1,2,13,2,3,7,7,6,7,0
53,1,1,24,4,2,2,1,4,3,5,4,1,7005,3,0,15,3,3,0,11,2,3,4,3,1,2,0
37,1,1,10,3,2,2,2,3,1,4,2,1,3936,1,0,11,3,1,1,8,2,1,8,4,7,7,0
50,2,1,22,5,2,3,1,1,4,8,4,0,14411,1,1,13,3,4,0,32,2,3,32,6,13,9,0
54,1,1,2,4,4,1,2,3,3,8,3,1,13549,9,0,12,3,1,1,16,5,1,4,3,0,3,0
50,2,3,3,3,2,1,1,3,5,7,2,1,18200,1,0,11,3,3,1,32,2,3,32,5,10,7,0
48,1,1,4,3,1,4,1,3,3,1,4,0,7898,1,0,11,3,3,0,11,2,3,10,9,0,8,0
29,1,2,3,2,2,2,2,3,2,3,3,1,5561,1,0,14,3,1,1,6,5,2,6,0,1,2,0
51,1,3,5,3,1,3,1,3,4,7,2,2,14026,1,1,11,3,2,1,33,2,3,33,9,0,10,0
32,2,1,5,2,1,1,2,4,1,4,3,0,2432,3,1,14,3,1,0,8,2,3,4,1,0,3,1
41,1,1,2,4,1,2,2,1,1,2,4,2,2778,4,1,13,3,3,1,10,1,2,7,7,1,0,1
54,1,2,3,3,3,4,2,3,2,3,1,1,5940,2,0,14,3,4,1,16,4,3,6,2,0,5,0
24,1,1,17,2,6,4,1,2,1,2,2,1,2127,1,0,21,4,4,1,1,2,3,1,0,0,0,0
30,1,2,16,1,1,4,1,3,2,3,3,1,5301,8,0,15,3,3,2,4,2,2,2,1,2,2,0
25,0,1,5,2,1,2,1,4,2,5,1,2,4000,1,0,12,3,4,2,6,2,3,6,3,1,5,0
50,1,1,1,3,2,3,1,2,1,2,3,1,3690,2,0,15,3,4,1,5,2,2,3,2,0,2,0
32,2,1,13,3,6,3,2,2,1,2,2,1,2743,1,0,20,4,3,1,2,2,3,2,2,2,2,0
41,2,1,22,3,1,4,2,3,2,4,4,2,5467,3,1,14,3,1,2,12,4,2,6,2,3,3,0
32,2,2,9,2,2,4,1,1,2,3,4,2,4668,0,0,17,3,4,3,9,2,4,8,7,0,7,0
34,1,2,4,3,1,3,1,3,3,3,4,1,9713,2,1,13,3,4,3,9,3,3,5,3,1,0,0
34,1,1,1,4,1,2,1,3,2,4,4,1,5484,9,0,17,3,2,1,9,3,2,2,2,2,1,0
30,0,1,9,2,2,3,2,3,2,1,3,0,4695,7,1,18,3,3,0,10,3,3,8,4,1,7,0
50,1,1,2,4,2,2,1,3,5,8,3,1,19237,2,1,11,3,4,1,29,2,2,8,1,7,7,0
43,1,1,6,4,6,2,1,2,4,8,4,2,16627,4,1,14,3,3,1,21,3,2,1,0,0,0,0
26,1,1,3,3,1,1,2,3,1,4,4,1,2061,1,0,21,4,1,0,1,5,3,1,0,0,0,0
52,1,1,8,4,2,3,1,2,2,4,2,1,4941,2,0,15,3,1,0,11,3,2,8,2,7,7,1
44,1,1,4,2,1,3,1,4,5,7,1,2,19190,1,0,14,3,4,2,26,4,2,25,9,14,13,0
53,1,2,8,3,3,1,1,3,4,3,4,1,11836,5,0,14,3,3,1,28,3,3,2,0,2,2,0
50,1,1,11,3,1,3,2,3,5,7,2,0,19926,3,0,15,3,2,0,21,5,3,5,4,4,4,0
48,1,1,10,3,1,4,1,2,5,8,2,1,19665,4,0,12,3,4,0,29,3,3,22,10,12,9,0
33,1,1,5,4,1,3,2,2,1,4,4,1,2911,1,0,13,3,3,1,2,2,2,2,2,0,2,0
52,1,1,11,4,1,4,2,3,2,2,3,1,3149,8,0,20,4,2,1,9,3,3,5,2,1,4,0
46,1,2,2,4,3,2,2,3,5,7,1,0,18947,3,0,12,3,4,0,22,2,2,2,2,2,1,0
34,2,1,10,4,1,3,1,4,2,1,4,2,4724,1,0,13,3,1,1,9,3,3,9,7,7,2,0
33,2,1,29,4,2,1,2,2,2,4,3,0,4508,1,0,22,4,2,0,14,4,3,13,7,3,8,1
28,2,1,2,3,1,4,1,2,1,2,4,1,3867,1,1,12,3,2,1,2,2,3,2,2,2,2,0
41,1,1,7,2,4,2,2,4,1,4,3,1,3376,1,0,13,3,3,0,10,3,3,10,6,0,8,0
43,2,2,2,4,1,1,1,3,2,3,4,1,5675,1,0,20,4,3,1,7,5,3,7,7,7,7,0
35,1,1,1,3,2,4,1,2,1,2,1,0,2450,1,0,19,3,2,0,3,3,3,3,0,1,2,0
31,0,2,2,4,1,4,2,3,3,3,3,2,9852,1,1,19,3,1,1,10,5,2,10,8,9,6,0
38,2,1,2,3,2,4,2,2,1,2,2,0,2440,1,0,22,4,2,0,4,3,3,4,3,3,3,0
33,1,1,1,3,1,2,2,2,2,5,4,0,6949,0,0,14,3,1,0,6,3,3,5,0,1,4,0
44,2,1,2,1,2,2,1,3,3,1,3,0,10209,5,1,18,3,2,0,16,2,2,2,2,2,2,0
24,0,1,11,2,6,1,2,4,2,1,3,2,4011,0,0,18,3,4,1,5,5,2,4,2,1,3,0
41,1,2,20,2,3,2,2,3,1,6,2,0,3140,1,1,22,4,4,0,4,5,2,4,3,0,2,1
41,2,2,1,3,3,3,2,3,2,3,1,2,4103,0,0,17,3,4,1,10,2,3,9,3,1,7,0
47,2,2,3,3,2,4,2,3,4,3,3,2,13770,9,1,12,3,4,2,28,2,2,22,2,11,13,0
34,2,1,19,3,2,3,2,3,2,2,2,2,4444,4,0,13,3,3,2,15,2,4,11,8,5,10,0
42,1,1,3,3,1,3,2,4,2,2,4,1,5231,2,1,13,3,2,1,17,1,2,5,3,1,3,0
37,0,1,1,4,2,1,2,3,3,8,4,2,13603,2,1,18,3,1,2,15,2,3,5,2,0,2,0
36,2,1,4,2,1,4,2,3,2,1,2,2,5131,7,0,13,3,2,3,18,3,3,4,2,0,2,0
43,1,1,11,3,1,1,1,3,3,5,3,1,7510,1,0,17,3,2,1,10,1,3,10,9,0,9,0
33,2,2,25,3,2,2,2,3,2,3,3,1,4539,1,0,12,3,1,1,10,3,2,10,7,0,1,0
31,1,2,16,4,3,1,1,3,3,3,3,1,8161,2,0,13,3,1,3,10,2,3,1,0,0,0,1
31,1,1,2,1,2,4,2,1,1,2,4,2,1129,1,1,11,3,3,3,1,4,3,1,0,0,0,0
55,1,2,13,4,3,1,1,4,4,3,3,0,13695,6,1,17,3,3,0,24,2,2,19,7,3,8,1
32,1,1,29,4,1,3,2,2,1,2,2,0,2837,1,0,13,3,3,0,6,3,3,6,2,4,1,0
37,1,3,6,4,5,3,1,3,1,9,1,2,2073,4,1,22,4,4,0,7,3,3,3,2,0,2,1
30,1,3,9,3,5,3,1,3,2,9,4,1,6347,0,1,19,3,4,0,12,2,1,11,9,4,7,0
24,0,2,13,2,1,4,2,3,1,6,2,1,2033,1,0,13,3,3,1,1,2,3,1,0,0,0,0
26,2,1,1,2,1,1,2,1,1,2,4,2,4364,3,0,14,3,1,1,5,2,3,2,2,2,0,0
34,1,1,6,1,2,2,1,3,1,4,1,0,2960,2,0,11,3,3,0,8,2,3,4,2,1,3,1
23,1,1,4,1,2,3,2,3,1,2,2,0,3295,1,0,13,3,3,0,3,3,1,3,2,1,2,0
33,1,2,8,4,3,3,1,3,2,3,3,2,7104,0,0,12,3,4,0,6,3,3,5,0,1,2,0
34,2,2,2,4,3,3,2,3,1,6,3,1,2231,6,0,18,3,4,1,6,3,3,4,3,1,2,0
51,1,1,3,3,4,1,2,3,3,7,3,1,13116,2,0,11,3,4,0,15,2,3,2,2,2,2,0
59,1,1,3,3,2,3,2,4,1,2,1,1,2670,4,1,20,4,1,3,12,3,2,1,0,0,0,0
31,1,1,8,5,1,1,2,3,4,8,2,0,16422,3,0,11,3,3,0,9,3,4,3,2,1,0,0
26,1,2,29,2,2,1,1,3,2,3,3,2,4306,5,0,12,3,1,2,8,5,3,0,0,0,0,0
32,1,2,19,3,1,4,1,1,3,3,3,1,9610,3,0,13,3,3,1,10,2,1,4,3,0,2,0
27,1,1,19,3,6,4,1,2,1,2,1,2,4066,1,0,11,3,1,2,7,3,3,7,7,0,7,0
40,2,1,26,2,2,3,2,2,2,4,4,1,4422,3,1,13,3,4,1,16,3,1,1,1,0,0,0
46,1,1,8,4,1,4,2,2,2,4,1,2,4615,8,1,23,4,1,3,19,2,3,16,13,1,7,0
53,1,1,5,3,6,3,2,3,5,7,3,2,19094,4,0,11,3,4,1,26,3,2,14,13,4,8,0
35,1,1,25,4,2,3,2,3,3,5,3,2,10388,1,1,11,3,3,1,16,3,2,16,10,10,1,0
34,1,2,28,3,3,4,2,2,2,3,3,1,6712,1,0,21,4,4,2,8,2,3,8,7,1,7,0
39,1,1,18,2,1,1,1,3,2,1,3,0,4534,0,0,11,3,1,0,9,6,3,8,7,1,7,0
36,1,1,9,3,2,4,1,2,1,4,3,1,3388,0,1,17,3,1,1,2,0,2,1,0,0,0,1
29,1,2,10,3,2,3,1,2,2,3,3,0,5869,9,0,11,3,3,0,8,2,3,5,2,1,4,0
36,1,1,6,2,2,2,1,3,2,1,2,2,4941,6,0,20,4,4,2,7,0,3,3,2,0,1,0
27,1,1,4,3,1,2,2,3,1,4,3,0,2318,1,0,19,3,3,0,1,2,3,1,1,0,0,0
35,1,1,28,3,1,2,1,4,2,2,3,1,3407,1,0,17,3,4,2,10,3,2,10,9,6,8,0
30,1,1,7,4,1,3,1,3,2,2,3,2,3491,1,0,13,3,1,3,10,4,2,10,7,8,9,0
45,1,2,2,3,3,1,2,1,5,7,2,0,18824,2,1,16,3,1,0,26,2,3,24,10,1,11,1
28,1,1,12,1,1,3,2,3,1,2,4,1,2515,1,1,11,3,4,0,1,4,2,1,1,0,0,1
34,1,1,2,4,1,4,1,2,1,4,3,2,2768,3,0,12,3,3,1,14,3,3,7,3,5,7,0
45,1,2,20,3,1,4,2,3,2,3,3,0,4850,8,0,15,3,3,0,8,3,3,5,3,0,1,0
51,2,1,1,4,2,1,2,2,3,5,1,0,7484,3,0,20,4,3,0,23,1,2,13,12,12,8,0
46,1,1,21,2,2,4,2,3,2,5,2,1,8926,4,0,22,4,4,1,13,2,4,9,7,3,7,1
42,2,1,2,3,1,4,1,3,3,5,4,1,10124,2,1,14,3,3,1,24,3,1,20,8,13,9,0
31,2,1,20,3,1,1,1,3,3,5,3,1,9824,3,0,12,3,1,0,12,2,3,1,0,0,0,1
46,1,1,2,4,4,4,1,3,2,1,4,2,7379,2,0,11,3,3,1,12,3,2,6,3,1,4,0
40,1,1,4,1,2,4,2,3,5,7,3,1,19033,1,0,14,3,2,1,21,2,3,20,8,9,9,0
36,1,1,3,3,4,3,1,3,2,4,2,0,4485,4,0,12,3,4,0,10,2,3,8,0,7,7,0
50,1,1,29,4,1,2,1,2,4,7,3,1,17046,0,0,15,3,2,1,28,2,3,27,10,15,7,0
30,0,1,7,3,4,3,1,3,1,4,3,2,1274,1,0,13,3,2,2,1,2,2,1,0,0,0,0
34,1,1,5,2,2,2,1,2,2,2,4,1,3986,1,0,14,3,3,1,15,3,4,15,10,4,13,0
54,1,1,10,3,2,3,2,3,2,1,1,0,4440,6,1,19,3,4,0,9,3,3,5,2,1,4,0
57,1,2,29,3,3,1,1,2,4,7,4,2,14118,3,0,12,3,3,1,32,3,2,1,0,0,0,0
33,0,2,16,3,1,3,2,3,2,3,4,2,5368,1,1,25,4,3,1,7,2,3,6,5,1,2,0
51,2,1,6,2,2,2,2,2,1,2,3,0,2838,0,0,14,3,2,0,8,6,2,7,0,7,7,0
41,1,1,14,3,1,1,1,3,1,4,3,2,2451,4,0,12,3,1,1,13,2,3,9,8,1,8,0
21,1,1,10,3,1,3,2,2,1,2,1,0,1416,1,0,13,3,1,0,1,6,2,1,0,1,0,1
50,1,1,17,5,1,4,2,2,3,8,1,2,13269,5,0,15,3,3,3,19,3,3,14,11,1,11,0
21,2,2,1,1,4,1,2,2,1,6,2,0,2174,1,1,11,3,3,0,3,3,3,3,2,1,2,1
33,1,1,15,2,2,2,2,3,2,5,4,1,4878,0,1,13,3,1,1,10,6,3,9,7,8,1,0
38,1,2,3,4,1,2,1,3,2,3,4,0,6861,8,1,12,3,3,0,19,1,3,1,0,0,0,0
45,1,1,20,2,2,3,1,3,4,5,4,1,13496,0,1,14,3,2,0,21,2,3,20,7,4,10,0
47,1,1,25,3,2,1,1,3,3,5,3,0,8633,2,0,23,4,2,0,25,3,3,17,14,12,11,0
45,0,1,2,2,2,1,1,2,4,7,4,1,16792,9,0,23,4,4,1,22,1,3,20,8,11,8,0
40,1,1,1,4,1,1,1,3,1,2,4,1,2406,8,0,19,3,3,2,8,3,2,1,0,0,0,0
41,1,2,23,2,1,4,1,3,3,3,3,0,7082,3,1,16,3,4,0,21,2,3,2,0,0,2,0
53,2,2,2,3,3,3,2,2,3,3,2,1,7525,2,0,12,3,1,1,30,2,3,15,7,6,12,0
50,1,1,2,3,2,3,1,3,4,8,3,1,17639,5,0,16,3,4,0,30,3,3,4,3,0,3,0
39,1,3,2,3,1,4,2,2,2,9,4,1,5204,8,0,11,3,3,2,13,2,3,5,4,0,4,0
30,1,1,16,1,1,2,1,3,1,4,4,1,2862,1,0,12,3,2,1,10,2,2,10,0,0,8,0
28,1,1,29,1,1,3,1,1,2,1,2,1,6549,1,0,14,3,2,2,8,2,2,8,6,1,7,0
40,1,1,10,4,1,4,2,4,1,2,3,1,2213,3,1,13,3,3,1,10,3,3,7,7,1,7,0
30,1,2,7,1,3,4,1,3,1,6,2,0,2983,0,0,14,3,1,0,4,3,3,3,2,1,2,0
35,0,1,2,4,1,4,2,3,2,5,1,2,5093,2,0,11,3,1,1,16,2,4,1,0,0,0,0
44,1,1,20,3,1,4,1,3,1,4,2,0,3420,1,0,13,3,3,0,6,3,2,5,2,1,3,0
35,2,2,18,5,1,2,1,3,3,3,1,1,9069,1,0,22,4,4,1,9,3,2,9,8,1,8,0
25,1,2,3,1,6,3,1,3,2,3,1,1,4194,1,1,18,3,4,0,5,3,3,5,3,0,3,0
37,1,1,1,3,1,4,2,2,2,1,4,1,6474,1,0,13,3,2,1,14,2,2,14,8,3,11,0
52,1,1,1,2,1,4,1,3,4,7,4,1,17099,2,0,15,3,2,1,26,2,2,9,8,7,8,0
34,1,1,20,3,4,3,2,4,1,4,3,1,2585,0,0,17,3,4,0,2,5,2,1,0,0,0,0
38,1,1,1,3,1,3,2,3,3,1,3,0,7861,4,1,14,3,4,0,10,4,4,1,0,0,0,0
22,1,1,8,1,1,2,1,1,1,2,1,1,2451,1,0,15,3,1,1,4,3,2,4,3,1,1,0
40,1,1,14,3,2,3,1,2,5,8,3,0,19626,1,0,14,3,1,0,21,2,4,20,7,4,9,0
36,0,2,10,4,2,2,1,3,3,3,4,0,9980,1,0,14,3,4,0,10,3,2,10,3,9,7,0
39,1,1,13,4,2,3,2,2,4,7,2,2,17123,6,1,13,3,4,2,21,4,3,19,9,15,2,0
26,2,1,1,1,2,1,2,2,1,4,3,2,2007,1,0,13,3,3,2,5,5,3,5,3,1,3,0
25,1,2,8,2,6,1,2,3,2,3,3,2,4907,0,1,22,4,2,1,6,3,2,5,3,0,4,0
36,0,2,8,4,4,1,1,3,2,3,4,2,5079,4,0,13,3,4,2,12,3,3,7,7,0,7,0
38,1,2,7,4,3,4,2,2,2,3,4,0,4028,0,0,20,4,1,0,8,2,3,7,7,0,5,0
44,2,2,1,5,3,1,2,3,2,3,3,1,4768,7,0,12,3,3,1,11,4,2,1,0,0,0,0
31,2,1,1,1,1,3,2,3,2,1,1,1,4148,1,0,12,3,3,1,4,1,3,4,3,0,3,0
31,1,2,13,4,2,2,1,3,2,3,1,2,4233,2,0,17,3,3,0,9,2,1,3,1,1,2,1
27,2,2,3,1,2,4,2,4,2,3,4,2,4647,1,1,20,4,2,2,6,3,3,6,5,0,4,0
56,1,1,7,3,1,4,1,1,3,1,4,0,7260,4,0,11,3,1,0,37,3,2,6,4,0,2,0
55,2,1,18,4,2,3,1,3,2,5,2,1,6385,3,1,14,3,4,2,17,3,3,8,7,6,7,0
39,0,1,25,2,1,3,1,3,3,5,3,1,10920,3,0,21,4,2,1,13,2,3,6,4,0,5,0
37,1,1,4,1,1,3,1,3,1,4,3,1,2996,7,1,15,3,4,0,8,2,3,6,4,1,3,0
36,1,1,9,2,2,2,1,2,2,1,2,2,8847,2,1,11,3,3,1,13,2,3,3,2,0,2,0
37,1,1,11,3,2,1,2,3,1,2,3,0,3629,4,0,18,3,1,0,8,6,3,3,2,0,2,0
34,1,2,1,3,4,4,1,2,3,3,3,1,7083,1,1,14,3,4,0,10,3,3,10,9,8,6,0
40,1,1,6,3,1,2,2,3,4,1,3,0,13237,7,0,15,3,3,0,22,3,3,20,6,5,13,0
38,2,3,10,4,5,3,1,3,2,9,3,1,6077,3,0,11,3,3,0,10,2,3,6,3,1,2,0
34,1,1,3,3,1,4,2,3,2,4,2,2,5433,1,0,12,3,3,1,11,2,3,11,8,7,9,0
59,2,2,1,1,1,1,2,2,2,3,3,0,5473,7,0,11,3,4,0,20,2,2,4,3,1,3,0
35,2,1,4,4,6,4,1,2,1,2,4,1,2376,1,0,13,3,2,1,2,2,4,2,2,2,2,0
39,1,2,3,2,2,4,2,3,2,3,3,1,5238,4,1,18,3,1,0,12,3,2,1,0,0,0,1
28,1,1,16,2,2,2,1,4,2,5,1,0,5661,0,0,19,3,3,0,9,2,3,8,3,0,7,0
25,1,2,13,1,2,2,1,3,1,6,3,1,2096,1,0,11,3,3,0,7,1,3,7,4,0,6,0
29,1,1,9,4,2,4,2,3,1,2,3,1,2974,9,0,17,3,3,1,9,2,3,5,3,1,2,0
45,0,1,23,2,1,4,1,3,2,2,1,1,3633,1,1,15,3,3,1,9,2,3,9,8,0,8,0
37,1,1,10,2,1,4,1,4,1,4,4,0,4680,3,0,17,3,1,0,4,2,3,1,0,0,0,0
45,1,1,28,3,4,4,1,3,1,4,4,1,2132,4,0,20,4,4,1,8,3,3,5,4,0,3,0
33,0,2,2,3,3,4,2,3,2,3,2,0,5147,8,0,15,3,4,0,13,2,2,11,7,1,7,0
34,1,1,1,5,1,2,1,3,1,4,4,1,2691,1,0,12,3,4,1,10,4,2,10,9,8,8,0
56,2,1,9,3,2,1,2,3,1,4,3,1,2942,2,0,19,3,2,1,18,4,3,5,4,0,3,0
30,2,1,5,3,2,2,2,3,1,2,2,0,2422,0,0,17,3,1,0,4,3,3,3,2,1,2,1
41,1,1,7,2,2,4,2,3,2,1,3,0,5003,6,0,14,3,2,0,8,6,3,2,2,2,1,0
49,1,1,6,1,1,3,2,2,4,5,3,1,13966,2,1,19,3,2,1,30,3,3,15,11,2,12,0
19,1,1,3,1,2,2,2,3,1,2,2,0,1483,1,0,14,3,4,0,1,3,3,1,0,0,0,0
45,1,2,11,2,1,4,2,3,4,7,4,1,17650,3,0,13,3,2,1,26,4,4,9,3,1,1,0
44,0,1,17,3,1,4,1,1,1,4,3,0,2290,2,0,13,3,4,0,6,3,3,0,0,0,0,0
29,1,2,10,3,3,4,1,3,1,6,2,2,2297,1,0,14,3,4,2,2,2,3,2,2,2,2,0
35,2,2,11,2,3,4,1,3,2,3,4,2,4968,1,0,11,3,4,1,5,3,3,5,2,0,2,0
53,1,1,6,3,1,4,1,3,2,2,4,0,2450,2,0,17,3,4,0,19,4,3,2,2,2,2,0
21,2,1,10,2,1,1,2,2,1,2,3,0,2625,1,0,20,4,3,0,2,2,1,2,2,2,2,1
26,2,1,6,3,6,3,1,4,1,2,4,1,2544,0,0,18,3,1,1,8,3,3,7,7,7,7,0
46,0,1,7,4,2,3,2,3,2,1,3,1,5258,2,0,14,3,3,0,7,2,4,1,0,0,0,0
47,1,1,2,2,6,3,2,3,4,7,4,1,16752,1,1,11,3,3,1,26,3,2,26,14,3,0,0
45,0,2,6,3,2,4,2,2,3,3,4,0,8865,6,0,12,3,4,0,23,2,3,19,7,12,8,0
42,1,1,2,3,1,1,1,3,5,7,3,1,18880,5,0,11,3,1,0,24,2,2,22,6,4,14,0
24,1,1,24,3,2,4,1,3,1,2,2,0,3597,8,0,22,4,4,0,6,2,3,4,3,1,2,0
51,1,1,2,3,2,4,1,1,2,1,2,2,5482,5,0,18,3,4,1,13,3,3,4,1,1,2,0
40,2,2,2,4,2,2,1,3,2,3,2,1,4327,5,0,12,3,4,3,5,2,3,0,0,0,0,0
39,0,2,21,4,1,1,2,1,2,3,3,1,5736,6,0,19,3,3,1,10,1,3,3,2,1,2,0
35,1,1,27,1,2,3,2,2,1,4,1,0,2559,1,0,11,3,4,0,6,3,2,6,5,1,1,0
45,1,1,9,3,1,2,1,3,2,2,2,2,2348,8,0,18,3,3,1,20,2,1,17,9,0,15,0
36,2,2,7,3,3,1,2,4,2,3,1,1,4639,2,0,16,3,4,1,17,2,2,15,7,6,13,0
27,0,2,1,1,3,3,1,3,2,3,2,1,6349,0,1,13,3,4,1,6,0,3,5,4,1,4,0
30,2,2,12,4,1,2,1,2,1,6,1,1,2033,1,0,18,3,3,1,1,2,4,1,0,0,0,1
33,2,2,7,3,1,4,2,3,2,3,2,1,4302,0,0,17,3,3,1,4,3,3,3,2,0,2,0
39,1,1,2,4,4,4,2,2,2,5,3,0,4553,1,0,11,3,1,0,20,4,3,20,7,11,10,0
30,1,1,8,2,1,2,2,4,3,8,1,1,11416,0,1,12,3,3,3,9,4,2,8,7,1,7,0
44,1,1,2,3,1,3,2,4,3,5,4,1,7879,1,1,19,3,2,1,9,2,3,8,7,6,7,0
27,2,2,8,3,1,4,1,3,3,3,3,0,8726,1,0,15,3,4,0,9,0,3,9,8,1,7,0
35,1,1,10,3,6,2,1,3,1,2,4,2,3917,1,0,20,4,1,1,3,4,2,3,2,1,2,0
26,1,1,16,4,2,1,1,3,1,2,2,2,2373,2,1,13,3,4,1,5,2,3,3,2,0,2,1
52,1,2,2,1,3,1,2,1,5,7,4,1,19845,1,0,15,3,4,1,33,3,3,32,14,6,9,1
33,1,1,4,4,2,1,2,2,1,2,2,1,3838,8,0,11,3,4,0,8,5,3,5,4,0,2,0
43,1,2,9,3,3,1,2,1,2,3,3,0,5346,8,0,13,3,2,0,7,2,2,4,3,1,3,1
48,2,1,4,5,2,3,1,2,4,7,4,1,15202,2,0,25,4,2,1,23,3,3,2,2,2,2,0
44,1,2,5,3,3,2,1,3,5,7,2,1,18213,7,0,11,3,3,1,26,5,3,22,9,3,10,0
42,0,1,10,4,4,3,1,3,1,4,3,1,2936,3,0,22,4,2,2,10,1,2,6,3,3,3,0
34,0,2,4,4,3,3,2,3,2,3,3,1,6538,9,0,15,3,1,1,6,3,3,3,2,1,2,0
31,2,2,1,3,1,4,2,3,1,6,2,0,2302,1,1,11,3,1,0,3,2,4,3,2,2,2,1
44,1,1,8,4,1,1,1,4,1,2,4,1,2818,2,1,24,4,3,1,10,2,2,3,2,0,2,0
33,0,2,17,3,1,4,1,3,4,7,3,0,17444,1,0,11,3,4,0,10,2,3,10,8,6,0,0
27,1,1,17,4,1,4,2,3,1,4,3,0,2394,1,1,13,3,4,0,8,2,3,8,2,7,7,1
34,1,1,9,3,1,4,1,3,3,5,4,2,8500,0,0,11,3,4,1,10,0,2,9,7,1,6,0
29,2,1,2,1,1,4,2,3,1,2,2,1,3180,0,0,13,3,3,3,4,3,3,3,2,0,2,0
40,0,2,24,3,1,2,2,4,4,3,2,0,13194,4,1,16,3,4,0,22,2,2,1,0,0,0,1
36,1,1,5,4,1,2,2,3,3,5,1,1,8008,4,0,12,3,3,2,9,6,3,3,2,0,2,0
35,1,2,2,3,3,4,2,3,1,6,4,1,2014,1,0,13,3,1,0,2,3,3,2,2,2,2,0
25,1,1,4,1,4,4,1,3,1,2,4,1,3691,1,1,15,3,2,1,7,3,4,7,7,5,6,1
21,1,1,18,1,6,4,2,3,1,4,4,0,2693,1,0,19,3,1,0,1,3,2,1,0,0,0,1
29,2,2,24,3,4,3,1,4,1,6,1,0,1091,1,0,17,3,4,0,1,3,3,1,0,0,0,1
38,1,1,1,3,4,4,2,3,3,8,1,1,13582,1,0,13,3,2,1,15,3,3,15,12,5,11,0
39,2,1,2,4,4,3,2,3,3,5,3,0,10938,0,0,25,4,4,0,20,1,3,19,6,11,8,0
43,1,1,15,2,1,3,1,2,4,8,3,1,17603,1,0,24,4,1,1,14,3,3,14,10,6,11,0
25,1,1,2,1,6,4,1,3,1,2,3,2,3977,6,1,19,3,3,1,7,2,2,2,2,0,2,0
58,1,2,10,4,2,4,1,3,4,3,3,0,13872,0,0,13,3,3,0,38,1,2,37,10,1,8,0
42,1,2,14,2,2,3,2,2,2,3,3,0,6244,7,0,17,3,1,0,10,6,3,5,4,0,3,0
30,1,1,2,1,2,2,1,2,1,2,4,0,2720,0,0,13,3,4,0,6,3,3,5,3,1,2,0
35,1,1,9,4,2,2,1,3,2,4,3,0,5098,1,0,19,3,2,0,10,5,3,10,7,0,8,0
28,1,1,24,3,2,3,1,3,1,2,2,1,2408,1,1,17,3,3,3,1,3,3,1,1,0,0,1
27,1,2,10,3,3,4,2,2,2,3,4,1,5769,1,1,11,3,4,0,6,3,3,6,2,4,4,0
27,2,1,10,2,1,4,1,3,3,1,1,2,8793,1,0,21,4,3,2,9,4,2,9,7,1,7,0
41,1,2,4,1,3,3,2,3,3,3,3,2,10447,0,1,13,3,4,1,23,3,4,22,14,13,5,0
53,1,1,2,5,4,3,2,2,3,1,4,1,10169,0,0,16,3,2,1,34,4,3,33,7,1,9,1
35,1,1,25,2,6,1,1,2,2,2,4,0,3681,4,0,14,3,4,0,9,3,3,3,2,0,2,0
26,0,1,7,3,2,4,1,3,1,2,4,0,2570,1,0,20,4,3,0,7,5,3,7,7,5,7,0
31,2,1,24,1,4,4,2,3,2,1,4,0,5238,2,0,20,4,4,0,9,3,2,5,4,1,4,0
37,1,1,11,2,2,1,2,1,2,5,2,1,4777,5,0,15,3,1,0,15,2,1,1,0,0,0,1
48,2,1,22,3,2,4,2,3,4,7,4,2,17174,3,0,11,3,2,1,24,3,3,22,17,4,7,0
50,2,2,12,3,3,3,2,3,3,3,4,0,9208,4,0,11,3,4,0,16,3,3,2,2,2,1,0
38,2,1,8,3,2,4,2,2,2,4,2,2,2133,1,1,16,3,3,1,20,3,3,20,11,0,7,0
30,1,1,22,3,1,1,2,3,1,4,3,1,2132,4,1,11,3,2,0,7,2,3,5,2,0,1,1
45,1,1,1,4,2,4,2,3,1,2,4,2,2270,3,0,14,3,4,2,8,2,3,5,3,0,2,0
43,0,1,9,3,1,1,1,3,1,4,3,0,2438,4,0,13,3,3,0,7,2,2,3,2,1,2,0
29,2,1,10,3,1,4,2,3,1,4,2,2,3291,0,0,14,3,4,2,8,2,2,7,5,1,1,0
53,1,2,2,2,2,3,1,3,4,7,3,2,14852,6,0,13,3,3,1,22,3,4,17,13,15,2,0
49,1,1,3,2,2,3,2,2,2,2,1,1,4789,4,0,25,4,1,1,10,3,3,3,2,1,2,0
47,1,1,4,3,1,3,2,2,3,1,2,2,10333,8,1,12,3,3,1,28,4,3,22,11,14,10,0
24,1,1,9,3,2,3,1,4,1,4,3,1,4401,1,0,16,3,4,1,5,1,3,5,3,0,4,0
41,1,1,9,4,1,3,1,3,1,2,1,1,2238,2,0,21,4,4,1,7,2,3,5,0,1,4,0
47,2,2,4,1,2,2,1,3,2,6,3,0,2976,3,0,19,3,1,0,5,3,3,0,0,0,0,0
32,1,2,4,2,1,3,2,3,1,6,2,1,3931,2,0,11,3,1,1,6,5,3,4,3,1,2,0
26,1,1,1,3,2,3,1,3,1,2,1,0,2867,0,0,13,3,4,0,8,6,2,7,7,7,6,0
35,1,2,1,4,3,3,1,2,2,3,1,0,4312,0,0,14,3,2,0,16,2,3,15,13,2,8,0
30,1,1,18,3,1,1,2,3,1,4,3,0,2632,1,0,14,3,3,0,5,4,2,5,4,0,4,0
30,1,2,29,4,4,3,1,3,3,3,2,1,9250,3,0,12,3,2,1,9,3,3,4,2,1,3,0
36,1,1,7,4,6,2,1,3,1,4,4,0,4678,2,0,18,3,3,0,8,6,3,6,2,0,1,0
30,1,2,5,3,3,4,2,2,2,3,3,2,6118,1,0,13,3,3,3,10,2,3,10,9,1,2,0
34,1,2,3,3,6,4,1,1,2,3,1,0,4759,3,0,18,3,4,0,15,2,3,13,9,3,12,0
49,1,2,8,4,4,4,1,2,4,3,2,1,13120,6,0,17,3,2,1,22,3,3,9,8,2,3,0
39,1,1,19,4,6,4,1,3,2,4,4,2,3902,8,0,14,3,2,3,7,2,3,2,2,2,2,0
43,1,1,6,3,2,1,2,2,5,7,3,1,19392,7,0,13,3,4,0,21,2,3,16,12,6,14,0
48,1,2,29,1,2,1,2,3,3,7,3,1,12504,3,0,21,4,2,1,15,3,1,0,0,0,0,0
41,0,2,10,2,1,4,1,3,2,3,4,0,6230,7,0,14,3,4,0,16,3,3,14,3,1,10,0
29,1,1,1,4,2,1,1,3,1,4,4,1,4787,9,1,14,3,2,3,4,3,4,2,2,2,2,1
25,1,1,1,3,2,4,2,3,1,4,2,0,2096,1,0,18,3,4,0,2,3,2,2,2,2,1,0
22,0,1,26,2,6,2,2,2,1,4,3,1,2814,1,1,14,3,2,0,4,2,2,4,2,1,3,0
31,1,3,18,5,5,4,1,4,1,9,1,1,2956,0,0,17,3,3,0,2,4,3,1,0,0,0,1
49,2,1,10,4,1,3,2,3,5,8,1,0,18665,9,1,11,3,4,0,22,4,3,3,2,1,2,0
47,0,1,1,1,2,3,2,3,3,8,2,1,11957,0,0,18,3,1,2,14,3,1,13,8,5,12,0
34,0,2,23,4,3,2,1,3,2,3,3,0,4568,0,0,20,4,3,0,10,2,3,9,5,8,7,0
45,2,1,1,4,2,2,1,3,2,5,3,0,5399,4,0,12,3,3,0,12,3,3,4,2,0,3,0
40,1,1,16,3,1,3,2,3,3,1,4,0,7945,6,1,15,3,4,0,18,2,2,4,2,3,3,0
50,1,1,28,3,1,4,2,3,4,8,1,1,16880,4,1,11,3,2,0,25,2,3,3,2,1,2,0
49,1,1,25,4,1,3,2,3,1,2,1,1,3211,1,0,14,3,4,1,10,3,2,9,6,1,4,0
50,1,1,4,1,1,1,1,3,5,8,2,2,19144,3,0,14,3,1,2,28,4,2,10,4,1,6,0
25,1,1,1,3,1,1,2,3,2,1,3,1,4898,0,0,12,3,4,2,5,3,3,4,2,1,2,0
43,1,2,4,4,3,4,2,2,3,3,4,0,10231,3,0,14,3,4,0,23,3,4,21,7,15,17,0
45,1,1,2,3,1,2,2,2,1,4,3,0,2274,1,0,14,3,4,0,1,3,3,1,0,0,0,0
34,1,2,2,3,3,3,2,3,2,3,1,0,4538,0,1,12,3,4,0,4,3,3,3,2,0,2,0
30,2,2,26,4,3,3,2,2,2,3,1,0,6696,5,0,15,3,3,0,9,5,2,6,3,0,1,1
33,1,2,5,3,3,4,2,3,1,6,3,0,2851,1,1,13,3,2,0,1,2,3,1,0,0,0,1
34,1,3,3,2,5,3,1,3,1,9,4,1,3737,0,0,19,3,3,1,4,1,1,3,2,0,2,0
39,1,1,10,5,2,2,1,3,2,1,1,1,5377,2,0,13,3,4,3,10,3,3,7,7,7,7,0
29,1,1,8,4,6,2,1,1,1,2,1,1,2119,1,1,11,3,4,0,7,4,2,7,7,0,7,1
35,1,1,6,4,1,2,1,1,2,4,4,0,6646,1,0,13,3,2,0,17,3,3,17,11,11,8,0
34,2,3,23,3,5,2,2,3,3,9,1,2,9950,9,1,15,3,3,3,11,2,3,3,2,0,2,1
30,1,1,5,3,4,4,2,3,1,4,1,2,3204,5,0,14,3,4,1,8,3,3,3,2,2,2,0
29,1,1,1,3,4,3,1,3,1,4,3,0,2058,0,0,14,3,4,0,7,1,2,6,2,1,5,1
45,1,2,2,3,6,4,1,3,2,3,2,1,4805,0,0,19,3,2,1,9,3,4,8,7,3,7,0
32,1,1,25,4,1,1,1,3,1,2,4,0,2795,1,1,24,4,3,0,1,2,1,1,0,0,1,1
28,1,1,9,3,2,4,1,3,1,4,4,1,2070,1,0,23,4,4,1,5,3,2,5,2,0,4,0
42,2,1,5,2,6,2,1,3,1,2,3,1,2093,4,0,17,3,4,1,8,4,3,2,2,2,0,0
58,1,1,2,4,1,4,1,3,5,8,2,0,19246,7,1,12,3,4,0,40,2,3,31,15,13,8,1
32,1,2,2,4,3,3,1,2,2,3,2,0,9907,7,1,12,3,3,0,7,3,2,2,2,2,2,1
33,1,1,15,1,2,2,1,3,3,7,3,1,13610,7,1,12,3,4,0,15,2,4,7,6,7,7,1
46,1,2,3,3,4,1,2,4,4,3,1,2,13225,2,0,12,3,4,1,25,5,3,19,17,2,8,0
39,2,2,20,3,1,3,1,3,2,3,4,2,4127,2,0,18,3,4,1,7,6,3,2,1,2,2,0
49,1,1,7,4,1,3,1,3,3,5,2,2,10466,3,0,14,3,2,2,29,3,3,8,7,0,7,0
58,1,2,21,3,1,4,2,3,4,7,4,1,17875,4,1,13,3,3,1,29,2,2,1,0,0,0,0
42,2,1,2,1,2,2,1,3,1,4,4,0,2515,5,1,14,3,4,0,8,2,3,2,1,2,2,0
38,1,1,29,1,2,2,1,3,2,5,1,1,6673,7,1,19,3,2,0,17,2,3,1,0,0,0,1
40,1,2,22,2,3,3,1,2,2,3,3,1,6380,2,1,12,3,1,2,8,6,3,6,4,1,0,1
28,2,2,1,2,1,3,1,2,2,3,4,1,6834,1,1,12,3,3,1,7,2,3,7,7,0,7,0
36,1,1,2,4,6,4,2,3,2,4,2,1,6962,4,1,22,4,4,1,15,2,3,1,0,0,0,0
35,0,1,2,2,2,2,1,3,2,1,4,2,5762,2,0,14,3,3,1,15,6,3,7,7,1,7,0
31,1,2,8,2,1,1,1,3,3,3,4,2,10793,1,0,18,3,1,1,13,5,3,13,7,9,9,0
40,1,2,14,2,1,4,2,3,2,3,1,1,4639,1,0,15,3,3,1,5,2,3,5,4,1,2,0
32,2,2,10,4,3,4,1,3,2,3,4,0,4648,8,0,13,3,3,0,4,2,4,0,0,0,0,0
38,1,2,2,2,1,2,2,3,2,3,1,2,6893,3,0,15,3,4,1,11,3,3,7,7,1,7,0
53,1,1,7,3,1,3,1,4,4,8,3,1,14814,3,0,19,3,3,0,32,3,3,5,1,1,3,0
43,1,1,8,4,6,3,2,3,2,5,3,2,4522,4,1,14,3,4,0,8,3,3,5,2,0,2,0
31,1,1,24,3,2,3,2,2,2,5,1,0,6812,1,0,19,3,2,0,10,2,3,10,9,1,8,0
36,2,1,18,4,1,3,1,4,1,2,4,1,3688,4,0,18,3,4,2,4,2,3,1,0,0,0,0
44,1,1,29,4,6,4,1,3,2,4,4,0,4541,1,0,25,4,2,0,20,3,3,20,11,13,17,0
45,1,1,29,3,4,2,1,3,3,1,4,1,9380,4,1,18,3,4,2,10,4,4,3,1,1,2,0
46,1,1,18,3,2,3,2,3,2,1,3,2,4810,2,0,14,3,3,1,19,5,2,10,7,0,8,0
31,2,2,5,3,3,4,2,3,1,6,2,2,2789,1,0,11,3,3,1,2,5,2,2,2,2,2,0
27,1,1,5,3,1,3,2,3,1,4,2,0,2478,1,1,12,3,2,0,4,2,2,4,3,1,2,0
38,1,1,10,3,2,3,2,3,2,5,3,1,9824,3,0,19,3,3,1,18,4,3,1,0,0,0,0
38,1,1,2,2,2,4,2,2,3,1,3,1,7756,3,1,19,3,4,1,10,6,4,5,4,0,2,0
31,1,2,5,3,4,1,1,3,2,3,3,1,8346,1,0,19,3,3,1,6,3,3,5,2,0,2,0
33,2,1,1,4,6,3,2,4,2,5,2,1,5488,1,1,13,3,1,1,6,2,3,6,5,1,2,0
44,2,1,1,2,2,3,1,3,1,4,2,2,2342,1,1,12,3,3,3,6,2,2,5,3,2,3,1
33,1,2,16,3,1,1,2,3,3,3,1,0,8564,2,1,20,4,3,0,11,2,2,0,0,0,0,1
35,1,1,16,3,1,4,2,2,3,5,2,0,8606,1,0,19,3,4,0,11,3,1,11,8,3,3,0
25,1,2,19,2,3,3,1,2,1,6,2,1,2413,1,1,18,3,3,3,1,2,3,1,0,0,0,1
32,1,1,2,3,2,4,1,3,2,4,2,2,5470,0,0,13,3,3,2,10,4,2,9,5,1,6,0
28,0,1,16,3,2,3,1,3,1,4,3,0,2144,1,0,14,3,3,0,5,3,2,5,3,1,4,0
32,1,1,6,5,1,3,1,3,1,4,3,0,3038,3,0,20,4,1,0,8,2,3,5,4,1,4,0
42,1,1,9,2,6,4,1,2,5,7,4,0,19613,8,0,22,4,4,0,24,2,3,1,0,0,1,0
36,1,1,15,3,6,1,1,3,2,2,3,2,4834,7,0,14,3,2,1,9,3,2,1,0,0,0,1
43,2,1,1,3,1,4,2,3,2,5,4,1,5562,4,0,13,3,2,1,12,2,2,5,2,2,2,0
40,1,2,10,3,4,2,2,2,2,3,2,2,6852,7,0,12,3,2,1,7,2,4,5,1,1,3,0
36,1,2,10,4,4,2,2,2,2,3,3,1,5673,1,1,13,3,1,1,10,4,3,10,9,1,7,0
24,2,2,24,3,2,4,1,3,1,6,4,1,2400,0,0,13,3,3,2,3,3,3,2,2,2,1,0
56,0,1,1,4,1,3,1,3,2,5,3,2,6306,1,0,21,4,1,1,13,2,2,13,12,1,9,0
37,2,2,21,2,2,3,2,3,1,6,4,1,2973,5,0,15,3,2,1,10,3,3,5,4,0,0,0
41,1,2,1,2,1,2,2,3,2,3,4,0,5993,8,1,11,3,1,0,8,0,1,6,4,0,5,1
59,1,1,2,3,1,3,2,2,4,1,4,0,13726,3,1,13,3,1,0,30,4,3,5,3,4,3,0
31,2,2,7,4,3,1,2,3,3,3,1,1,9637,2,0,14,3,4,2,9,3,3,3,2,2,2,0
35,1,2,27,3,1,3,1,3,2,3,4,0,5813,1,1,18,3,4,0,10,2,3,10,7,7,7,1
26,1,1,3,4,2,1,1,4,1,2,4,1,4420,1,0,22,4,2,1,8,2,3,8,7,0,7,0
34,2,1,10,4,2,4,1,3,1,4,3,2,3815,1,1,17,3,4,1,5,4,4,5,3,2,0,0
19,1,1,9,2,1,3,1,3,1,4,1,0,2552,1,0,25,4,3,0,1,4,3,1,1,0,0,0
30,1,2,5,3,1,2,2,3,3,3,4,1,9419,2,0,12,3,3,1,12,2,3,10,9,7,4,0
40,0,1,16,2,1,3,1,3,1,4,3,2,3544,9,0,16,3,2,1,6,0,3,4,2,0,0,0
37,1,1,7,4,2,1,1,3,3,8,3,0,13664,4,0,13,3,1,0,16,3,4,5,2,0,2,0
42,2,1,29,2,1,1,2,3,2,4,3,2,4556,2,0,11,3,2,1,19,3,3,5,4,0,2,0
29,1,1,1,4,4,1,1,2,1,4,1,0,2362,6,0,13,3,3,0,11,2,1,9,7,0,7,1
47,1,2,4,2,1,4,2,3,2,3,4,0,4163,1,1,17,3,3,0,9,0,3,9,0,0,7,0
45,1,2,4,2,1,3,2,3,2,3,1,2,5006,4,1,11,3,1,1,9,3,4,5,4,0,3,0
33,1,1,1,4,6,4,1,3,1,4,4,0,2686,1,1,13,3,3,0,10,2,2,10,9,7,8,1
28,1,2,26,3,1,3,1,2,2,3,1,1,4724,1,0,11,3,3,1,5,0,3,5,3,0,4,0
38,1,1,1,1,1,3,2,3,1,4,1,0,2619,3,0,17,3,4,0,8,3,2,0,0,0,0,0
52,0,2,29,4,1,1,1,3,1,6,4,2,3482,2,0,15,3,2,2,16,3,2,9,8,0,0,0
36,1,1,5,2,1,4,1,3,2,2,2,0,5914,8,0,16,3,4,0,16,3,4,13,11,3,7,0
40,1,1,20,4,4,1,1,3,3,5,4,1,10322,4,0,20,4,4,1,14,6,3,11,10,11,1,0
55,1,2,2,1,2,3,1,3,2,3,4,0,5160,4,0,16,3,3,0,12,3,2,9,7,7,3,1
32,1,2,6,4,2,2,1,3,2,3,3,0,5010,1,0,16,3,1,0,12,0,3,11,8,5,7,0
28,1,1,1,3,1,1,1,2,1,4,3,2,1563,1,0,14,3,4,1,1,2,1,1,0,0,0,0
31,1,1,22,4,2,4,1,3,2,1,3,1,6179,1,1,15,3,4,2,10,3,2,10,2,6,7,1
37,1,1,10,4,2,4,1,3,2,1,1,0,4213,1,0,15,3,2,0,10,4,1,10,3,0,8,1
55,1,1,2,3,1,3,2,3,4,7,4,0,16659,2,1,13,3,3,0,30,2,3,5,4,1,2,0
29,1,1,9,3,1,3,1,4,1,4,3,1,2451,6,0,18,3,1,2,5,2,2,1,0,0,0,0
46,1,1,2,4,2,3,1,3,5,8,4,2,19328,7,1,17,3,3,1,24,3,3,2,1,2,2,0
35,1,1,7,2,1,3,1,2,1,2,4,1,2690,1,0,18,3,4,1,1,5,2,1,0,0,1,0
55,1,2,26,5,3,3,1,2,5,7,4,1,19586,1,0,21,4,3,1,36,3,3,36,6,2,13,0
42,1,2,1,1,1,2,1,3,2,3,3,1,4907,1,0,25,4,3,0,20,3,3,20,16,11,6,0
31,1,2,7,3,4,2,1,4,2,3,4,1,6929,4,0,11,3,2,1,10,3,2,8,7,7,7,0
56,1,1,9,3,2,3,1,3,4,5,4,1,11103,7,0,11,3,3,0,30,1,2,10,7,1,1,0
29,1,1,1,2,1,2,2,2,1,2,1,1,2319,1,1,11,3,4,1,1,1,3,1,0,0,0,1
30,1,2,9,3,2,2,1,3,1,6,4,0,1081,1,0,13,3,3,0,1,3,2,1,0,0,0,1
36,1,1,10,4,4,4,2,3,3,5,3,1,7094,3,0,12,3,1,0,10,0,3,7,7,1,7,0
24,1,1,17,2,1,4,2,3,1,2,2,1,2210,1,0,13,3,1,1,1,3,1,1,0,0,0,1
30,1,2,7,4,3,4,2,3,2,3,1,2,4779,7,0,14,3,2,2,8,3,3,3,2,0,2,0
29,1,1,8,1,6,3,2,1,2,5,1,1,9715,3,0,13,3,3,1,9,3,3,7,7,0,7,0
40,1,1,2,3,1,3,1,3,2,4,4,0,4661,1,0,13,3,3,0,9,4,3,9,8,8,8,0
39,2,1,8,1,1,3,2,3,1,2,3,1,3755,1,0,11,3,1,1,8,3,3,8,3,0,7,0
41,1,1,12,3,4,2,2,3,5,8,3,1,19545,1,0,12,3,4,0,23,0,3,22,15,15,8,1
37,1,2,6,4,2,3,1,3,2,3,4,1,6502,4,0,14,3,2,1,7,5,4,5,4,0,1,0
45,1,1,2,2,6,4,2,2,2,1,4,2,5770,1,0,19,3,1,2,10,3,3,10,7,3,9,0
36,1,2,9,4,1,3,1,2,1,6,1,0,3407,7,0,23,4,2,0,10,4,3,5,3,0,3,1
53,1,2,24,4,1,1,1,3,3,3,1,0,10448,6,1,13,3,2,0,15,2,2,2,2,2,2,1
40,1,1,2,4,2,3,2,3,1,4,3,1,2001,2,0,14,3,2,3,20,2,3,5,3,0,2,0
33,1,2,10,5,3,4,1,4,3,3,3,2,8380,0,1,14,3,4,2,10,3,3,9,8,0,8,0
44,1,1,1,3,2,2,1,3,1,4,4,0,2436,6,1,12,3,3,0,6,2,3,4,3,1,2,0
50,1,1,28,1,2,4,1,4,1,2,3,1,3221,1,1,11,3,3,3,20,3,3,20,8,3,8,0
29,1,3,17,3,6,2,1,2,3,9,1,0,7988,1,0,13,3,1,0,10,3,2,10,9,0,9,0
33,1,2,16,3,3,1,2,3,2,3,1,0,5324,5,0,15,3,3,0,6,3,3,3,2,0,2,1
46,1,2,10,3,1,3,2,3,3,3,2,1,7314,5,0,21,4,3,3,14,2,3,8,7,0,7,1
35,0,1,11,2,2,3,1,2,3,5,1,1,9884,2,1,13,3,3,1,10,3,3,4,0,2,3,0
47,1,2,14,3,2,3,2,3,2,3,3,1,4591,3,1,17,3,3,1,11,4,2,5,4,1,2,0
41,1,1,12,4,1,2,1,3,1,2,4,1,4766,3,1,11,3,1,1,6,4,3,1,0,0,0,0
32,1,1,1,3,1,2,1,3,2,4,2,1,6220,1,0,17,3,2,2,10,3,3,10,4,0,9,0
38,1,1,4,2,2,4,2,3,1,2,3,1,3306,7,0,19,3,4,1,7,5,2,0,0,0,0,0
36,1,2,3,1,1,3,1,2,3,3,4,1,10325,1,1,11,3,1,1,16,6,3,16,7,3,7,1
46,1,3,5,2,2,2,1,3,2,9,2,2,5021,8,1,22,4,4,1,16,2,3,4,2,0,2,0
20,1,1,1,3,1,4,2,2,1,4,2,0,2836,1,0,13,3,4,0,1,0,4,1,0,0,0,0
48,1,2,2,1,3,2,1,4,2,3,2,1,8120,3,0,12,3,4,0,12,3,3,2,2,2,2,0
43,1,2,25,3,2,3,1,2,3,3,4,2,10798,5,0,13,3,3,1,18,5,3,1,0,0,0,0
37,1,1,10,3,2,3,2,3,1,2,1,1,3452,6,0,20,4,2,1,17,3,3,5,4,0,3,0
49,1,1,22,4,6,1,2,3,4,8,2,1,16413,3,0,16,3,2,2,27,2,3,4,2,1,2,0
44,2,1,24,3,1,4,1,3,1,2,3,2,3161,3,1,22,4,4,1,19,0,1,1,0,0,0,1
48,1,1,1,4,1,4,2,2,4,7,1,1,15402,7,0,11,3,1,1,21,3,1,3,2,0,2,0
20,1,1,11,3,2,4,2,2,1,4,1,0,2600,1,1,15,3,1,0,1,2,3,1,0,0,0,1
28,0,3,1,2,1,3,1,3,1,9,4,2,2706,1,0,15,3,2,1,3,2,3,3,2,2,2,0
56,1,1,8,3,1,3,2,3,1,4,1,2,4257,4,1,18,3,3,1,19,3,3,2,2,2,2,0
27,1,1,11,1,1,2,1,3,1,2,1,1,2099,0,0,14,3,2,0,6,3,4,5,0,1,4,0
32,1,1,3,4,2,3,2,3,2,1,1,1,6725,1,0,12,3,3,1,8,2,4,8,7,6,3,0
29,1,1,2,3,1,3,1,3,1,4,2,1,2703,0,0,23,4,4,1,6,3,3,5,4,0,4,0
55,1,3,26,4,5,3,1,4,5,7,2,1,19636,4,1,18,3,1,1,35,0,3,10,9,1,4,0
40,1,1,15,3,1,1,2,2,3,1,3,1,10435,1,0,13,3,4,2,18,2,3,18,15,14,12,0
32,0,1,5,4,4,2,1,3,1,4,2,0,2718,2,0,14,3,2,0,12,3,3,7,7,0,7,0
34,1,2,15,2,2,3,2,3,2,3,1,0,6125,1,0,12,3,4,0,10,6,4,10,8,9,6,0
52,1,1,1,4,1,3,1,2,5,7,3,1,19999,0,0,14,3,1,1,34,5,3,33,18,11,9,0
24,0,1,9,3,1,3,1,2,1,2,2,2,2694,1,0,11,3,3,3,1,4,3,1,0,0,0,0
36,1,2,11,4,3,2,2,2,2,3,4,1,6652,4,0,13,3,1,1,8,2,2,6,3,0,0,0
46,1,2,10,3,3,3,2,2,3,3,4,1,9071,2,1,19,3,3,1,15,3,3,3,2,1,2,0
57,1,1,24,2,1,3,1,4,3,5,4,2,9439,3,1,16,3,2,1,12,2,1,5,3,1,4,0
47,0,1,29,4,1,1,1,3,3,7,2,1,11849,1,1,12,3,4,1,10,2,2,10,7,9,9,1
31,1,1,2,4,1,3,1,3,1,4,4,2,2695,0,1,18,3,2,1,3,2,1,2,2,2,2,0
41,1,2,2,5,1,2,2,3,4,7,1,1,16595,7,0,16,3,2,1,22,2,3,18,16,11,8,0
55,1,2,1,2,1,1,1,3,3,3,4,1,10239,3,0,14,3,4,1,24,4,3,1,0,1,0,0
45,2,2,26,4,1,1,2,3,2,3,1,1,4286,2,0,14,3,4,2,5,4,3,1,1,0,0,1
23,1,2,2,1,4,3,1,3,1,6,1,2,2322,3,0,13,3,3,1,3,3,3,0,0,0,0,0
49,0,1,18,4,1,4,1,3,2,1,4,2,6804,1,1,15,3,1,2,7,0,3,7,7,1,7,0
42,1,1,8,3,1,4,1,3,1,2,3,0,3968,4,0,13,3,4,0,8,3,3,0,0,0,0,0
35,1,1,16,3,1,4,1,3,3,5,3,1,7632,4,1,12,3,3,0,10,2,3,8,7,0,0,0
37,2,1,11,3,6,2,1,3,3,8,4,2,12185,1,1,14,3,3,3,10,1,3,10,8,0,7,0
32,1,2,8,3,2,3,1,4,2,3,4,1,6209,1,0,15,3,3,2,10,4,4,10,7,0,8,0
34,2,1,9,4,1,4,1,3,2,2,1,1,5346,4,0,17,3,3,1,11,3,2,7,1,0,7,1
31,2,1,3,4,2,2,1,3,3,8,3,2,13675,9,0,12,3,1,1,9,3,3,2,2,2,2,0
21,1,1,15,2,1,3,1,3,1,4,4,0,1232,1,0,14,3,4,0,0,6,3,0,0,0,0,0
31,1,2,7,3,3,4,1,3,2,3,4,2,7547,4,0,12,3,4,3,13,3,3,7,7,1,7,0
34,2,1,15,3,2,2,1,3,4,8,1,2,17007,7,0,14,3,4,2,16,3,2,14,8,6,9,0
42,1,1,18,4,1,4,1,3,2,4,1,2,5410,6,1,17,3,3,1,9,3,2,4,3,1,2,0
38,1,2,9,3,3,2,1,2,1,6,2,1,2899,0,0,19,3,4,1,3,3,3,2,2,1,2,0
46,1,2,3,1,3,1,1,3,4,7,3,1,17465,3,0,12,3,4,1,23,3,3,12,9,4,9,0
32,1,1,2,3,2,3,2,3,1,2,2,1,2370,1,0,13,3,3,1,8,4,3,8,0,0,7,0
32,1,1,5,2,1,4,2,2,2,4,2,1,5878,3,0,12,3,1,1,12,2,3,7,1,2,5,0
51,1,2,26,4,3,1,2,3,4,7,3,1,16307,2,0,14,3,3,1,29,2,2,20,6,4,17,0
56,1,1,1,2,1,1,2,3,1,4,1,1,2066,2,0,22,4,4,1,5,3,4,3,2,1,0,0
54,1,3,19,4,2,3,1,3,3,9,2,1,10725,2,0,15,3,3,1,16,1,4,9,7,7,1,0
51,2,1,8,4,1,1,1,1,3,1,4,0,10650,2,0,15,3,4,0,18,2,3,4,2,0,3,1
36,1,1,10,3,1,4,1,3,3,5,1,1,8321,7,1,13,3,4,1,15,1,3,12,8,5,7,0
27,1,2,8,4,3,2,2,3,2,3,2,1,6214,1,0,18,3,1,1,8,3,3,8,7,0,7,0
42,1,1,2,2,2,4,1,3,4,7,1,1,17665,0,0,17,3,4,1,23,3,3,22,6,13,7,0
31,1,2,5,4,1,1,2,3,2,3,4,1,5476,1,0,11,3,1,2,10,2,3,10,0,0,2,0
44,0,1,5,3,1,3,1,2,1,2,3,0,3162,3,0,14,3,4,0,7,5,3,5,2,0,3,0
28,2,2,7,3,1,3,1,3,2,3,1,0,4898,0,0,14,3,4,0,5,5,3,4,2,1,3,0
34,2,2,6,2,3,4,2,1,1,6,3,2,2351,0,0,16,3,4,1,3,3,2,2,2,1,0,1
27,1,1,1,2,2,4,1,3,1,2,2,2,3816,1,0,11,3,2,1,5,2,3,5,2,0,4,0
36,1,2,3,3,2,1,2,2,3,3,4,1,7644,0,0,19,3,3,2,10,2,3,9,7,3,4,0
41,2,2,4,3,3,1,1,3,2,3,2,0,9355,1,0,18,3,3,0,8,5,3,8,7,7,7,1
27,1,1,16,4,4,3,2,3,1,2,2,1,2811,9,0,14,3,2,1,4,2,3,2,2,2,2,0
29,1,1,23,3,1,4,1,3,1,4,4,0,2201,9,0,16,3,4,0,6,4,3,3,2,1,2,0
35,1,1,6,1,1,3,1,3,1,4,3,1,3506,0,1,14,3,4,0,4,3,3,3,2,2,2,0
22,1,1,3,1,1,2,2,3,2,1,3,1,4171,0,1,19,3,1,1,4,3,4,3,2,0,2,1
58,1,1,5,3,4,3,2,2,3,5,2,2,10552,2,1,13,3,4,1,24,3,3,6,0,0,4,0
33,1,1,8,5,1,4,1,3,2,5,3,0,6388,2,1,17,3,1,0,14,6,3,0,0,0,0,0
22,2,1,3,4,1,3,1,2,1,4,4,1,2853,0,1,11,3,2,1,1,5,3,0,0,0,0,1
27,1,1,9,3,2,4,2,3,1,4,2,0,2279,1,0,16,3,4,0,7,2,2,7,7,0,3,0
51,1,1,9,4,1,4,1,3,1,2,4,1,2075,3,0,23,4,2,2,10,4,3,4,2,0,3,0
36,1,1,1,3,6,3,2,3,2,1,2,1,5228,0,0,15,3,1,1,10,2,3,9,7,0,5,0
33,1,1,10,1,2,1,1,1,1,2,4,2,3408,7,0,13,3,1,3,8,2,3,4,3,1,3,1
39,1,1,1,3,2,3,1,4,3,5,4,2,9613,0,0,17,3,1,3,19,5,2,18,10,3,7,0
40,1,1,8,2,1,2,2,3,2,1,1,1,6516,2,1,16,3,2,1,18,3,3,1,0,0,0,0
39,1,1,3,2,2,3,1,2,2,2,3,2,3069,0,0,15,3,4,1,11,3,3,10,8,0,7,0
28,1,1,2,4,1,1,1,3,1,2,3,0,3485,2,0,11,3,3,0,5,5,1,0,0,0,0,1
29,1,1,21,4,1,2,2,4,3,1,1,2,9980,1,0,11,3,3,1,10,1,3,10,9,8,8,0
31,1,1,11,4,1,4,1,3,1,4,4,1,2356,3,1,19,3,2,1,8,2,3,6,4,0,2,0
46,1,1,1,4,2,4,1,3,5,8,4,2,19627,9,0,17,3,4,2,23,0,3,2,2,2,2,0
24,2,3,10,3,2,1,1,3,1,9,4,1,2145,0,0,14,3,4,1,3,2,3,2,2,2,1,0
36,1,1,3,2,1,1,2,3,1,2,4,2,2835,5,0,22,4,1,1,7,2,3,1,0,0,0,0
34,2,1,2,1,1,4,1,2,2,1,3,1,9547,1,0,17,3,3,0,10,2,2,10,9,1,9,0
41,1,1,9,4,1,3,1,3,1,2,1,2,2289,1,0,20,4,2,2,5,2,3,5,3,0,4,0
40,1,1,2,3,2,2,2,2,2,2,3,1,3448,6,0,22,4,2,1,20,3,3,1,0,0,0,0
44,1,1,3,3,1,1,1,3,1,2,1,1,2362,4,0,12,3,3,0,10,4,4,3,2,1,2,1
31,1,1,26,1,1,1,1,3,1,4,3,2,2911,1,0,17,3,4,1,5,1,2,5,2,4,3,0
38,2,1,2,4,1,1,2,4,2,1,1,0,5980,6,1,12,3,4,0,17,2,3,15,7,4,12,0
28,1,1,10,3,6,3,2,3,2,4,3,0,3660,3,0,13,3,4,0,10,4,4,8,7,1,7,0
55,1,1,2,2,2,4,2,1,5,7,3,1,19187,4,0,14,3,4,1,23,5,3,19,9,9,11,0
35,1,1,8,1,1,4,1,4,1,2,4,1,2269,1,0,19,3,4,0,1,2,3,1,0,0,1,0
54,1,1,5,2,2,1,1,3,5,8,1,1,19406,4,0,11,3,3,1,24,4,2,4,2,1,2,0
28,1,1,1,2,1,1,2,1,1,4,2,0,2216,7,1,13,3,4,0,10,4,3,7,7,3,7,1
34,1,2,8,2,1,3,2,3,2,3,1,1,6500,5,0,17,3,2,1,6,1,3,3,2,1,2,0
38,1,2,1,3,1,1,1,2,1,6,1,0,2858,4,0,14,3,1,0,20,3,2,1,0,0,0,0
29,1,1,18,1,2,3,1,2,1,4,4,0,2389,1,1,13,3,3,0,4,3,2,4,3,0,1,1
35,1,1,1,4,1,4,2,4,1,4,3,0,2506,3,0,13,3,3,0,7,0,3,2,2,2,2,0
38,1,1,15,2,1,3,1,2,3,8,4,2,11510,0,1,14,3,2,1,12,3,3,11,10,2,9,0
31,1,2,2,2,1,1,1,3,1,6,3,1,3067,0,0,19,3,3,1,3,1,3,2,2,1,2,0
28,1,1,21,3,2,3,1,3,1,4,4,1,2713,1,0,11,3,3,1,5,2,1,5,2,0,2,0
35,2,1,2,4,2,1,1,2,1,4,4,0,4930,0,1,14,3,3,0,6,2,4,5,4,1,4,0
55,1,1,4,4,1,4,1,3,2,5,3,1,4035,0,1,16,3,2,0,4,2,3,3,2,1,2,0
36,1,2,2,4,1,3,1,3,1,6,4,0,2644,3,1,21,4,4,0,7,3,2,3,2,1,2,0
47,0,2,2,4,3,3,1,3,2,3,2,1,4978,7,0,11,3,4,1,4,3,1,1,0,0,0,0
52,0,1,19,4,2,4,1,3,1,4,4,1,4258,0,0,18,3,1,1,5,3,3,4,3,1,2,0
34,0,1,16,4,4,4,1,1,1,4,1,1,2307,1,1,23,4,2,1,5,2,3,5,2,3,0,1
36,1,2,16,4,3,3,2,2,2,3,1,1,5647,4,0,13,3,1,2,11,3,2,3,2,0,2,0
32,1,1,1,3,2,1,1,3,2,1,4,1,6162,1,1,22,4,2,1,9,3,3,9,8,7,8,0
37,0,1,5,2,4,3,1,4,1,2,3,0,3500,0,0,14,3,1,0,7,2,1,6,5,1,3,0
36,2,2,11,2,4,2,2,3,3,3,4,1,9738,0,0,14,3,3,1,10,6,3,9,7,2,8,0
36,1,1,6,4,1,3,1,1,1,2,3,2,2741,1,0,14,3,3,1,7,4,3,7,7,1,7,0
45,1,1,8,4,6,4,1,3,2,4,4,1,3697,9,0,14,3,1,2,12,3,3,10,9,9,8,0
24,1,2,1,1,4,1,2,3,1,6,2,0,3202,1,1,16,3,2,0,6,4,3,5,3,1,4,1
39,1,1,1,4,2,3,2,3,1,2,3,2,2232,7,0,14,3,3,3,7,1,3,3,2,1,2,0
42,0,1,21,2,2,3,2,3,2,1,3,2,5265,2,0,16,3,2,1,11,5,3,5,3,0,2,0
41,1,2,6,3,3,4,1,3,3,3,3,0,9241,1,0,12,3,2,0,10,3,3,10,8,8,7,0
53,1,1,2,3,2,4,1,4,4,8,2,0,16598,4,0,12,3,2,0,35,2,2,9,8,8,8,0
36,0,1,8,3,1,1,2,4,3,8,1,1,11713,9,0,14,3,1,1,10,2,3,8,7,0,5,0
29,1,1,15,1,1,2,2,1,1,4,4,1,2168,0,1,18,3,1,1,6,2,2,5,4,1,3,0
27,1,1,6,3,1,4,1,2,1,4,3,1,2539,1,0,13,3,3,1,4,0,3,4,2,2,2,0
30,1,3,1,3,1,3,1,3,1,9,3,2,2064,0,0,21,4,1,1,6,3,4,5,3,1,3,0
53,1,2,1,1,2,4,2,3,2,3,1,0,8381,7,0,20,4,4,0,18,2,4,14,7,8,10,0
42,1,1,29,3,2,2,1,1,2,2,4,0,4272,4,0,19,3,1,0,16,3,3,1,0,0,0,0
42,1,1,4,2,4,3,1,3,5,7,4,1,19232,1,0,11,3,4,0,22,3,3,22,17,11,15,0
34,1,1,2,4,1,4,1,2,2,1,1,1,5957,6,0,13,3,2,1,13,3,3,11,9,5,9,0
44,1,3,1,4,1,1,2,2,2,9,3,0,5985,4,0,11,3,2,0,10,1,4,2,2,0,2,0
29,1,1,10,3,1,4,2,2,1,4,1,0,2404,6,1,20,4,3,0,3,5,3,0,0,0,0,1
28,1,1,1,3,1,3,1,3,1,4,4,1,2044,1,0,11,3,3,1,5,6,4,5,3,0,3,0
36,1,1,14,1,1,3,1,3,2,5,4,1,6586,0,1,17,3,1,1,17,2,2,16,8,4,11,0
29,0,2,2,3,1,4,1,3,2,3,3,1,4649,1,0,14,3,1,1,4,3,2,4,3,0,2,0
49,1,1,4,2,2,1,1,2,5,7,3,1,18711,2,0,13,3,3,1,23,2,4,1,0,0,0,0
32,1,2,2,1,3,3,1,3,2,3,2,1,4078,0,1,13,3,1,3,4,3,2,3,2,1,2,0
39,1,1,6,3,2,4,1,3,1,2,1,1,2404,7,1,21,4,4,0,8,2,1,2,2,2,2,1
29,2,2,20,3,4,3,2,3,1,6,4,1,2157,1,0,15,3,2,1,3,5,3,3,1,0,2,0
32,2,1,2,2,1,4,1,3,1,2,4,0,3068,0,0,13,3,3,0,8,2,2,7,7,3,6,0
27,1,1,8,3,2,3,2,3,1,4,4,0,3445,1,0,11,3,3,0,6,5,2,6,2,1,4,0
26,1,1,7,3,6,3,1,4,1,2,1,0,3578,0,0,12,3,4,0,8,2,3,7,7,0,7,0
46,1,2,2,3,3,3,2,3,4,7,1,1,17048,8,0,23,4,1,0,28,2,3,26,15,15,9,0
26,1,2,28,2,3,1,1,3,2,3,2,1,6272,1,0,20,4,4,2,6,5,4,5,3,1,4,0
30,1,1,16,3,1,3,1,4,2,5,3,1,5294,3,0,16,3,3,1,10,3,3,7,0,1,7,0
41,1,2,6,3,1,4,2,3,3,7,4,0,13591,3,1,18,3,3,0,16,3,3,1,0,0,0,0
46,1,2,3,3,1,3,2,3,4,7,2,1,16606,8,0,12,3,4,1,23,2,4,13,12,5,1,0
35,1,2,7,1,1,4,1,3,1,6,3,1,2404,1,0,13,3,1,1,1,3,3,1,0,0,0,0
51,1,2,14,2,1,3,2,3,2,3,4,1,4936,4,0,11,3,3,1,18,2,2,7,7,0,7,0
48,1,1,6,3,1,1,1,2,2,5,3,0,4240,2,0,13,3,4,0,19,0,3,2,2,2,2,0
48,1,1,2,2,4,4,1,4,1,2,2,0,2559,5,0,11,3,3,0,7,4,2,1,0,0,0,0
22,0,1,16,2,2,4,1,4,1,2,4,2,2935,1,1,13,3,2,2,1,2,2,1,0,0,0,0
27,1,1,17,3,4,3,1,3,1,4,2,1,3058,0,1,16,3,4,1,6,3,2,5,2,1,1,0
37,1,1,13,3,2,1,1,3,2,4,4,1,4285,1,0,17,3,1,0,10,2,3,10,8,3,7,0
48,1,1,20,4,2,4,1,3,1,4,3,1,2259,4,0,17,3,1,2,13,2,2,0,0,0,0,0
53,1,1,13,2,2,4,2,4,2,1,1,2,4450,1,0,11,3,3,2,5,3,3,4,2,1,3,0
42,1,2,4,4,3,2,1,3,2,3,1,0,5155,7,0,13,3,4,0,9,3,4,6,4,1,5,0
32,2,1,16,1,1,2,2,1,1,4,1,0,3919,1,1,22,4,2,0,10,5,3,10,2,6,7,1
37,1,2,9,2,3,2,1,2,2,3,2,1,4189,1,0,14,3,1,2,5,2,3,5,2,0,3,0
26,1,2,4,4,3,4,1,2,2,3,4,0,5828,1,1,12,3,2,0,8,0,3,8,7,7,4,1
52,1,1,8,4,6,3,2,3,1,2,1,1,2950,9,0,13,3,3,0,12,2,1,5,4,0,4,0
38,1,1,3,5,4,4,2,3,2,4,3,0,4317,3,1,20,4,2,0,19,2,3,3,2,2,2,0
50,1,1,10,3,4,4,1,2,3,5,4,0,10496,6,0,15,3,4,0,20,2,3,4,3,1,3,0
29,1,3,13,3,5,1,1,2,1,9,1,2,2335,4,1,15,3,4,3,4,3,3,2,2,2,0,1
29,1,1,7,3,1,3,1,3,2,5,4,2,6623,1,1,11,3,2,2,6,2,3,6,0,1,0,0
31,1,2,7,3,1,3,1,2,3,7,4,2,11557,9,0,21,4,3,1,10,3,2,5,4,0,1,0
37,1,1,14,3,1,4,2,3,1,2,1,2,3034,1,0,12,3,3,1,18,2,2,18,7,12,17,0
33,1,1,28,4,1,2,1,3,2,2,3,1,5207,1,1,12,3,2,1,15,3,3,15,14,5,7,0
43,2,1,21,3,2,4,1,3,1,2,4,1,2258,7,0,20,4,1,1,8,1,3,3,2,1,2,0
35,1,2,4,3,4,4,1,3,3,3,1,0,9582,0,1,22,4,1,0,9,2,3,8,7,4,7,1
35,0,1,8,4,1,3,2,3,2,5,3,1,4148,1,0,12,3,4,1,15,5,3,14,11,2,9,0
45,1,2,2,2,4,2,1,1,2,6,3,0,6632,0,0,13,3,1,0,9,3,3,8,7,3,1,0
37,2,2,1,4,2,3,1,1,2,3,4,2,9525,1,0,14,3,3,2,6,2,2,6,3,1,3,0
43,1,1,8,3,1,1,2,3,2,1,2,2,4765,4,0,21,4,3,1,4,2,4,1,0,0,0,0
49,1,1,5,4,4,1,1,3,2,5,3,1,6651,2,0,14,3,2,1,20,0,2,3,2,1,2,0
38,0,2,10,3,4,3,2,3,2,3,4,0,5666,1,1,13,3,2,0,6,1,3,5,3,1,3,0
44,1,1,9,2,1,2,1,3,1,4,1,1,2559,1,1,13,3,4,0,8,0,3,8,7,7,1,0
29,1,1,6,1,2,2,2,3,1,2,4,1,3131,1,0,13,3,1,1,10,5,3,10,8,0,8,0
49,1,2,11,4,3,4,2,3,2,3,4,0,4507,3,0,12,3,3,0,8,1,4,5,1,0,4,0
31,2,1,2,3,1,2,1,3,1,2,4,1,3722,6,1,13,3,3,1,7,2,1,2,2,2,2,1
21,1,2,12,3,1,3,2,4,1,6,2,0,2716,1,0,15,3,4,0,1,0,3,1,0,0,0,1
26,2,1,11,2,2,1,1,3,2,5,1,1,4741,1,1,13,3,3,1,5,3,3,5,3,3,3,0
33,1,1,14,3,2,3,1,3,1,2,4,1,2436,5,1,13,3,3,1,8,2,1,5,4,0,4,1
27,1,2,9,3,3,4,1,3,2,3,4,0,4105,1,0,14,3,1,0,7,5,3,7,7,0,7,0
19,1,1,25,3,1,2,2,4,1,4,4,0,2994,1,1,12,3,4,0,1,2,3,1,0,0,1,0
37,0,2,19,2,2,1,1,3,3,3,2,0,7642,1,1,13,3,4,0,10,2,3,10,0,0,9,0
40,0,1,8,1,2,4,1,2,3,8,2,2,13757,2,0,11,3,3,1,16,5,3,9,8,4,8,0
22,1,1,8,1,2,3,2,3,1,2,1,1,2398,1,1,17,3,3,0,1,6,3,1,0,0,0,1
46,1,1,15,2,1,4,1,3,5,8,2,1,19081,5,0,11,3,1,1,25,2,3,4,2,0,3,0
51,1,2,21,4,3,3,1,3,2,3,4,0,5441,0,1,22,4,4,0,11,2,1,10,7,1,0,0
39,2,1,22,3,2,4,2,3,3,1,1,0,10880,1,1,13,3,3,0,21,2,3,21,6,2,8,0
37,1,1,19,2,1,2,1,3,1,4,2,1,3022,4,0,21,4,1,0,8,1,3,1,0,0,0,0
40,1,1,2,4,1,3,1,2,1,4,3,0,2809,2,0,14,3,4,0,8,2,3,2,2,2,2,0
27,1,1,14,3,1,1,1,3,1,4,1,1,2235,1,1,14,3,4,2,9,3,2,9,7,6,8,0
33,1,1,2,2,1,1,2,3,1,2,1,1,2707,7,0,20,4,1,0,13,3,4,9,7,1,7,1
32,0,2,26,4,3,3,1,3,2,3,4,1,4465,0,0,18,3,1,0,4,2,3,3,2,2,2,0
37,0,2,9,4,2,1,1,3,3,3,2,2,8834,1,0,13,3,4,1,9,6,3,9,5,7,7,0
49,2,1,2,1,1,2,1,3,5,8,4,1,19161,3,0,15,3,4,0,28,3,3,5,4,4,3,0
38,2,1,3,4,6,3,1,3,1,4,3,1,2821,3,0,16,3,1,1,8,2,3,2,2,2,2,0
19,1,2,22,1,3,4,1,3,1,6,3,0,1675,1,1,19,3,4,0,0,2,2,0,0,0,0,1
37,1,1,3,3,6,4,2,3,2,5,2,0,4107,3,0,15,3,1,0,8,3,2,4,3,0,1,0
26,1,1,4,2,1,3,1,3,1,4,4,0,2875,1,1,20,4,2,0,8,2,2,8,5,2,2,0
31,0,1,1,4,2,3,1,1,2,1,3,1,4345,0,0,12,3,4,1,6,2,3,5,4,1,4,0
34,0,2,19,3,3,1,1,4,2,3,4,0,5304,8,1,13,3,2,0,9,3,2,5,2,0,4,1
29,2,1,24,2,1,4,1,2,1,4,4,0,2439,1,1,24,4,2,0,1,3,2,1,0,1,0,1
43,1,1,14,2,1,2,1,3,4,8,1,1,17159,6,0,24,4,3,1,22,3,3,4,1,1,0,0
32,1,1,7,2,1,4,1,3,2,2,3,1,4883,1,0,18,3,1,1,10,3,3,10,4,1,1,1
42,1,1,2,3,2,3,1,2,1,2,2,1,4841,4,0,14,3,2,1,4,3,3,1,0,0,0,0
32,2,1,7,3,1,2,1,4,1,2,2,1,2794,1,0,20,4,3,0,5,3,1,5,1,0,3,0
29,1,1,1,3,1,4,2,2,4,8,4,2,16124,3,0,14,3,2,2,9,2,2,7,7,1,7,0
27,1,1,4,2,1,1,1,3,1,4,3,2,2517,1,0,11,3,2,3,5,2,3,5,3,0,3,0
20,1,1,10,1,2,4,1,3,1,4,3,0,1009,1,1,11,3,4,0,1,5,3,1,0,1,1,1
26,2,3,17,4,1,2,2,3,1,9,3,2,2741,0,1,11,3,2,1,8,2,2,7,7,1,0,1
34,1,1,2,4,2,4,1,4,1,4,4,1,2932,0,1,14,3,1,3,6,3,3,5,0,1,2,0
27,1,1,6,4,2,1,2,2,1,4,3,2,2187,0,0,12,3,3,2,6,5,2,5,3,0,3,0
52,1,1,7,4,1,2,1,3,3,5,2,0,10445,7,0,19,3,4,0,18,4,3,8,6,4,0,0
33,1,2,1,3,2,1,1,4,2,3,1,2,4037,1,0,22,4,1,1,9,5,3,9,8,0,8,0
24,1,1,17,1,2,4,2,2,2,1,3,2,4377,1,0,15,3,2,2,5,6,3,4,2,3,2,0
50,2,1,2,3,2,4,2,3,4,7,1,1,17856,2,0,22,4,3,1,32,3,3,2,2,2,2,0
38,1,2,10,4,3,3,1,2,3,3,3,2,8740,0,1,14,3,2,2,9,2,3,8,7,2,7,0
37,1,1,1,2,2,3,2,2,1,4,1,1,3920,2,0,14,3,1,1,17,2,2,3,1,0,2,0
26,1,2,10,3,2,3,1,3,2,3,4,0,4684,1,0,13,3,1,0,5,4,3,5,3,1,2,0
36,1,1,6,3,1,2,2,4,1,2,4,1,3038,3,0,12,3,2,0,5,3,3,1,0,0,0,0
24,1,1,1,2,1,2,1,2,2,5,3,0,4617,1,0,12,3,2,0,4,2,2,4,3,1,2,0
31,1,2,20,3,1,2,2,1,2,3,3,1,4559,3,1,11,3,3,1,4,2,3,2,2,2,2,1
41,1,2,9,1,1,3,1,3,3,3,3,2,8189,3,1,13,3,3,1,12,2,3,9,7,0,7,0
18,0,1,1,3,1,4,2,3,1,2,4,0,1611,1,0,15,3,3,0,0,5,4,0,0,0,0,0
25,1,2,4,1,3,3,1,2,2,3,1,1,4256,1,0,12,3,1,0,5,1,4,5,2,0,3,0
31,1,1,8,3,1,1,2,2,1,4,2,0,1261,1,0,12,3,3,0,1,3,4,1,0,0,0,1
38,0,2,2,2,1,4,1,2,2,3,4,1,5249,3,0,18,3,4,1,13,0,3,8,7,7,5,0
28,1,1,3,3,2,4,2,3,3,1,2,2,7655,0,0,17,3,2,3,10,3,2,9,7,1,7,0
20,1,1,3,3,1,1,1,2,1,2,3,0,3033,1,0,12,3,1,0,2,2,2,2,2,1,2,0
45,2,1,7,4,1,1,1,4,2,1,3,1,6434,4,0,17,3,4,1,9,1,3,3,2,0,2,0
41,1,1,5,3,1,2,1,4,2,5,2,0,6870,3,0,12,3,1,0,11,3,1,3,2,1,2,0
27,1,1,2,4,1,4,2,3,1,2,1,2,2341,1,0,13,3,4,1,1,6,3,1,0,0,0,0
33,1,1,2,3,2,3,1,3,1,2,4,0,2496,4,0,11,3,4,0,7,3,3,1,1,0,0,0
21,1,1,5,1,2,3,1,3,1,4,4,0,3117,1,0,18,3,3,0,3,2,3,2,2,2,2,0
56,1,1,23,3,1,4,1,3,4,1,2,1,13402,4,1,12,3,1,1,33,0,3,19,16,15,9,0
40,1,1,2,1,2,4,2,2,1,4,4,0,2342,0,1,20,4,4,0,5,2,2,4,2,2,3,0
31,1,1,9,4,1,3,1,2,1,4,2,0,2657,0,1,16,3,4,0,3,5,3,2,2,2,2,0
30,1,2,27,5,3,3,1,3,2,3,4,2,5304,7,0,23,4,4,1,10,2,2,8,7,7,7,0
33,1,1,25,3,1,4,1,2,2,1,2,0,4320,1,0,13,3,4,0,5,2,3,5,3,0,2,0
27,1,2,23,1,2,2,2,2,2,6,3,1,3540,1,0,21,4,4,1,9,5,3,9,8,5,8,0
40,1,3,6,2,2,3,1,3,4,7,4,0,16437,1,1,21,4,4,0,21,2,3,21,7,7,7,0
41,1,3,10,4,5,2,1,2,5,7,4,2,19141,3,0,15,3,2,3,23,2,2,21,6,12,6,0
58,0,2,2,3,2,2,1,3,4,7,2,2,16291,4,0,22,4,4,1,37,0,2,16,9,14,14,0
37,1,1,25,2,2,3,2,2,2,5,4,2,5731,7,0,13,3,3,2,9,2,3,6,2,1,3,0
40,1,2,4,4,3,3,1,2,3,3,4,1,10855,7,0,11,3,1,1,15,2,2,12,11,2,11,0
30,1,1,1,2,2,4,1,3,1,2,2,1,3748,1,0,13,3,3,0,12,6,2,12,8,1,7,0
46,2,2,5,4,3,1,1,3,2,3,4,0,5772,4,1,21,4,3,0,14,4,3,9,6,0,8,0
40,1,2,2,2,3,2,2,3,2,3,2,1,5677,3,0,14,3,3,1,15,4,3,11,8,5,10,0
29,2,1,20,1,2,4,1,3,1,2,4,1,3812,1,0,13,3,2,0,11,3,4,11,8,3,10,0
39,2,1,7,2,2,3,1,2,5,7,4,1,19272,1,0,15,3,1,1,21,2,3,21,9,13,3,0
43,2,1,27,3,1,3,2,3,3,1,1,1,10820,8,0,11,3,3,1,18,1,3,8,7,0,1,0
22,1,1,15,3,2,2,2,3,1,2,4,0,2871,1,0,15,3,3,0,1,5,3,0,0,0,0,0
46,1,2,9,2,2,3,1,2,3,3,4,0,9619,1,0,16,3,4,0,9,3,3,9,8,4,7,1
44,1,2,28,3,2,4,2,4,4,3,4,1,13320,3,1,18,3,3,1,23,2,3,12,11,11,11,0
45,1,3,24,4,2,2,1,3,1,9,2,0,2177,1,0,16,3,1,0,6,3,3,6,3,0,4,0
28,1,1,2,4,2,1,1,1,1,4,4,1,3464,5,1,13,3,4,0,5,4,2,3,2,2,2,1
30,2,1,3,3,2,3,2,3,1,4,3,2,2083,1,0,20,4,3,1,1,2,3,1,0,0,0,0
55,1,1,14,4,2,3,1,4,5,8,2,0,18722,8,0,11,3,4,0,36,3,3,24,15,2,15,0
34,1,2,1,3,3,1,1,3,3,3,4,0,9888,1,0,21,4,1,0,14,3,2,14,8,2,1,0
34,1,1,2,4,2,3,2,2,1,4,1,0,4381,1,0,11,3,3,0,6,3,3,6,5,1,3,0
50,1,2,9,3,3,3,1,3,5,7,3,1,19331,4,1,16,3,3,1,27,2,3,1,0,0,0,0
50,1,1,24,3,1,4,1,3,4,1,3,1,13973,3,1,18,3,4,1,22,2,3,12,11,1,5,0
35,1,3,8,4,4,3,1,3,1,9,3,0,4323,1,0,17,3,2,0,6,2,1,5,4,1,4,0
48,1,2,2,5,3,2,2,3,2,3,4,1,4051,2,0,14,3,1,1,14,2,3,9,7,6,7,0
40,1,1,12,3,1,2,2,3,2,5,1,2,4448,2,0,12,3,2,1,15,3,3,7,4,7,7,0
26,1,1,1,2,2,1,1,2,1,2,1,1,3955,1,0,16,3,1,2,6,2,3,5,3,1,3,0
22,2,1,4,1,4,3,1,2,1,2,3,0,3894,5,0,16,3,3,0,4,3,3,2,2,1,2,1
36,1,1,5,4,1,2,2,2,1,4,1,1,3419,9,1,14,3,4,1,6,3,4,1,1,0,0,0
32,1,1,9,4,1,1,2,3,2,4,4,1,6322,1,1,12,3,4,1,6,2,2,6,4,0,5,0
40,1,1,1,3,1,3,2,3,2,5,4,2,6513,4,0,17,3,4,1,12,3,3,5,3,0,3,0
29,1,1,29,1,1,4,1,1,2,5,3,2,6384,8,0,17,3,4,2,11,3,3,7,0,1,6,0
54,1,1,1,3,2,4,2,3,4,8,4,0,17328,6,0,19,3,4,0,29,3,2,20,7,12,7,0
25,1,1,2,1,2,1,1,4,1,4,1,0,3424,7,0,13,3,3,0,6,3,2,4,3,0,1,0
37,1,1,10,4,1,3,1,3,2,1,2,0,4197,2,1,12,3,4,0,18,2,2,1,0,0,1,0
30,1,1,2,3,1,3,2,1,2,1,4,0,6091,2,0,20,4,3,0,11,2,3,5,4,0,2,0
35,1,2,3,4,1,4,1,3,3,3,4,2,7823,6,0,13,3,2,1,12,2,3,10,9,0,8,0
23,1,2,7,3,1,3,1,3,1,6,4,2,2275,1,1,21,4,2,1,3,2,3,3,2,0,2,1
59,1,2,1,2,4,2,1,3,3,7,4,1,11904,3,1,14,3,3,1,14,1,1,6,4,0,4,0
27,1,1,7,3,2,4,2,2,2,5,1,0,6811,8,0,19,3,1,0,9,2,1,7,6,0,7,0
37,1,2,10,4,1,4,2,2,2,3,4,2,6694,2,1,14,3,3,3,8,5,3,1,0,0,0,0
29,1,2,23,1,1,4,2,2,3,3,1,1,7336,1,0,13,3,1,1,11,3,1,11,8,3,10,1
29,2,2,2,2,1,2,1,3,2,3,4,0,4554,1,0,18,3,1,0,10,3,2,10,7,0,9,0
42,1,1,17,2,1,4,2,4,2,4,1,0,6545,3,1,13,3,3,0,10,1,3,3,2,0,2,0
24,1,2,3,2,1,1,2,3,2,3,3,0,4577,9,0,14,3,1,0,4,3,3,2,2,2,0,1
41,1,1,6,3,2,4,1,3,1,2,1,0,4721,2,1,13,3,3,0,20,3,3,18,13,2,17,0
50,1,1,1,2,2,4,1,3,4,8,4,2,17399,9,0,22,4,3,1,32,1,2,5,4,1,3,0
41,1,2,8,3,3,3,2,3,2,3,2,1,4393,5,0,21,4,3,1,14,3,3,5,4,1,4,0
42,2,1,19,3,2,3,1,4,1,4,3,2,2759,6,1,12,3,4,0,7,2,3,2,2,2,2,1
23,2,2,9,3,3,4,1,3,1,6,1,1,1790,1,0,19,3,1,1,1,3,2,1,0,1,0,1
50,1,2,8,4,3,4,1,3,1,6,2,1,3875,7,0,15,3,4,1,4,2,3,2,2,2,2,0
28,1,1,19,4,2,4,1,2,1,2,1,1,3196,1,0,12,3,3,3,6,2,3,6,5,3,3,0
22,1,1,6,1,2,1,1,3,1,4,3,1,2773,0,0,20,4,4,0,3,3,3,2,2,2,2,0
41,1,1,6,3,2,4,1,2,2,1,2,0,6032,6,1,15,3,4,0,8,3,3,5,4,1,2,0
34,2,1,3,1,1,1,1,3,2,5,4,0,7756,0,0,17,3,3,0,7,1,2,6,2,0,4,0
36,1,2,1,4,1,2,2,3,2,3,3,0,6815,6,0,13,3,1,0,15,5,3,1,0,0,0,0
58,1,1,7,4,2,3,2,2,3,1,1,1,10008,7,1,14,3,4,0,31,0,2,10,9,5,9,1
32,1,1,10,3,2,3,1,3,3,7,4,0,11244,2,0,25,4,2,0,10,5,4,5,2,0,0,0
40,1,1,2,1,2,2,2,4,2,5,3,2,6377,5,0,20,4,2,3,15,0,3,12,11,11,8,0
45,1,1,5,5,2,3,2,1,2,2,1,0,5769,1,1,14,3,1,0,10,3,3,10,7,1,4,0
28,1,1,2,4,2,3,1,3,1,4,3,0,4382,6,0,17,3,4,0,5,3,2,2,2,2,1,1
29,1,2,5,3,2,1,1,2,2,3,2,2,4187,1,1,13,3,2,1,10,3,2,10,0,0,9,0
31,2,1,29,2,2,3,1,2,1,2,2,0,3479,0,0,11,3,2,0,6,2,4,5,4,1,4,1
19,1,3,2,2,4,1,1,2,1,9,4,0,2564,1,0,12,3,3,0,1,3,4,1,0,0,0,1
45,1,1,7,3,1,2,1,3,3,4,1,2,9724,2,0,17,3,3,1,25,2,3,1,0,0,0,0
36,1,1,12,4,1,3,2,3,2,1,3,1,4663,9,1,12,3,2,2,7,2,3,3,2,1,1,0
36,1,1,6,3,1,4,1,3,1,2,4,1,3210,0,0,11,3,3,1,16,4,3,15,13,10,11,0
36,2,1,18,1,2,2,2,3,1,2,4,0,2153,1,0,13,3,1,0,8,2,3,8,1,1,7,0
40,2,1,26,3,2,2,2,3,2,4,2,2,5605,1,0,11,3,1,1,20,2,3,20,7,2,13,0
51,1,1,3,3,2,4,2,3,4,5,2,0,13734,3,0,18,3,3,0,21,6,3,7,7,1,0,0
33,2,1,1,2,1,1,2,3,3,8,4,0,13458,1,1,12,3,3,0,15,1,3,15,14,8,12,0
33,1,2,9,4,3,1,2,3,2,3,1,0,8224,0,1,17,3,1,0,6,3,3,5,2,0,3,1
35,1,1,2,3,1,1,2,3,1,2,1,2,2074,1,1,12,3,4,1,1,2,3,1,0,0,0,1
30,2,1,23,3,1,1,1,1,1,4,3,2,2613,1,0,25,4,3,3,10,2,2,10,7,0,9,0
54,1,1,22,5,2,2,2,3,4,7,3,1,17426,3,0,25,4,3,1,36,6,3,10,8,4,7,0
36,2,1,23,2,2,3,1,4,2,2,4,1,2571,4,0,17,3,3,1,17,3,3,5,2,0,3,0
24,1,1,23,3,2,2,1,4,1,4,4,1,2725,1,1,11,3,2,2,6,3,3,6,5,1,4,0
37,0,1,2,2,1,3,1,2,2,5,4,2,5163,5,0,14,3,4,1,17,2,4,1,0,0,0,0
40,2,1,16,4,2,1,1,2,2,2,3,0,5094,6,0,14,3,4,0,10,6,3,1,0,0,0,0
42,0,1,23,2,1,4,1,2,2,4,3,0,4332,1,0,12,3,4,0,20,2,3,20,9,3,7,0
30,1,1,24,1,1,4,1,3,1,2,3,2,2693,1,0,22,4,2,1,1,2,3,1,0,0,0,0
30,2,1,2,4,4,4,2,2,1,4,1,0,4968,0,0,16,3,4,0,10,2,3,9,7,0,7,0
55,1,1,20,2,4,2,1,3,2,2,4,1,5415,3,1,19,3,4,1,12,4,3,10,7,0,8,0
59,1,3,6,2,2,2,1,3,1,9,3,1,2267,8,0,17,3,4,0,7,2,2,2,2,2,2,0
42,2,1,28,4,4,4,2,2,2,5,4,1,4523,0,0,11,3,4,3,7,4,4,6,5,0,4,0
32,1,2,10,3,3,4,1,3,2,3,4,0,5396,1,0,12,3,4,0,10,2,2,10,7,0,8,0
39,2,1,4,3,2,1,2,3,2,1,3,0,5042,0,0,13,3,4,0,10,2,1,9,2,3,8,0
40,1,1,2,2,2,1,1,3,5,8,3,2,19436,0,0,19,3,4,1,22,5,3,21,7,3,9,0
40,2,1,1,4,1,3,1,2,4,5,2,1,13503,1,0,22,4,4,1,22,3,2,22,3,11,11,0
32,0,1,1,3,1,4,1,3,1,2,4,2,2314,0,0,12,3,2,1,4,2,3,3,0,0,2,0
46,1,1,13,4,1,3,1,3,2,5,2,0,5562,6,0,14,3,4,0,19,3,3,10,7,0,9,0
35,2,1,2,3,2,2,2,3,2,2,2,0,4425,5,0,11,3,4,0,10,5,3,6,2,1,2,0
35,2,2,12,4,6,4,1,3,2,3,4,0,4581,3,1,24,4,1,0,13,2,4,11,9,6,7,1
33,1,1,1,4,6,3,1,2,1,4,1,0,2799,3,1,11,3,2,0,6,1,3,3,2,0,2,0
54,1,1,3,3,1,4,1,3,4,8,4,1,17779,3,0,14,3,1,0,36,2,3,10,9,0,9,0
29,2,1,1,4,1,2,1,1,1,4,4,2,2720,1,0,18,3,4,1,10,5,3,10,7,2,8,0
40,1,1,19,2,2,3,1,3,2,2,4,1,2741,8,1,15,3,3,1,15,2,4,7,2,3,7,0
33,2,1,5,4,1,4,2,3,3,7,2,1,11878,6,0,11,3,2,2,12,2,3,10,6,8,8,0
41,2,1,10,3,1,4,1,2,4,7,1,2,17181,4,0,13,3,2,1,21,2,2,7,6,7,7,0
44,2,3,1,5,5,1,1,3,2,9,4,1,5743,4,1,11,3,3,0,14,3,3,10,7,0,2,0
60,1,1,7,3,1,1,2,3,5,7,1,1,19566,5,0,11,3,4,0,33,5,1,29,8,11,10,0
43,2,1,10,4,1,3,2,3,1,2,4,0,2455,0,0,19,3,1,0,9,5,3,8,7,1,7,0
32,2,1,2,2,1,4,2,3,2,4,3,0,4998,4,1,14,3,4,0,10,2,3,8,7,0,7,0
43,1,1,27,3,4,4,1,4,1,2,2,2,4876,5,0,12,3,3,1,8,0,3,6,4,0,2,0
28,1,2,13,2,3,4,2,3,2,3,3,0,9854,3,1,11,3,4,0,6,0,3,2,0,2,2,1
27,1,1,2,4,1,1,2,3,2,1,4,1,4227,0,0,18,3,2,1,4,2,3,3,2,2,2,0
34,1,2,2,3,6,4,1,3,2,3,4,0,6274,1,0,22,4,3,0,6,5,3,6,5,1,4,0
49,1,2,11,3,3,3,2,3,3,3,4,1,7654,1,0,18,3,1,2,9,3,4,9,8,7,7,1
50,1,1,7,2,2,2,2,2,5,8,3,2,18740,5,1,12,3,4,1,29,2,2,27,3,13,8,0
35,1,1,23,4,2,2,1,1,1,2,3,1,2705,0,0,16,3,2,1,6,2,4,5,4,0,3,0
49,1,1,18,4,1,4,1,2,5,8,3,2,19502,1,1,17,3,3,1,31,5,3,31,9,0,9,0
31,1,2,6,4,2,1,1,4,2,3,4,2,5460,4,0,22,4,4,2,13,4,4,7,7,5,7,0
40,1,1,2,2,1,3,2,3,1,2,1,1,3377,4,0,17,3,4,1,7,5,2,4,3,0,2,0
24,1,1,18,1,1,2,1,3,1,2,3,1,2774,0,0,12,3,3,1,6,2,3,5,3,1,2,0
32,1,1,2,3,4,4,1,3,1,4,1,0,2439,1,0,14,3,4,0,4,4,3,4,2,1,2,0
33,1,2,8,4,1,1,1,3,2,3,1,1,6392,2,0,13,3,4,1,8,6,1,2,2,2,2,0
60,1,2,7,4,3,2,1,4,2,3,4,2,5220,0,1,18,3,2,1,12,3,3,11,7,1,9,0
37,0,1,25,5,2,2,2,3,2,4,3,1,4449,3,1,15,3,1,2,15,2,3,13,11,10,7,0
42,1,1,2,4,1,3,2,3,2,5,4,1,4089,1,0,13,3,2,2,10,4,3,10,2,2,2,0
27,1,1,2,1,2,1,1,3,1,2,2,1,3468,9,0,12,3,4,1,6,3,3,2,2,2,2,0
38,1,2,16,3,1,2,2,3,2,3,2,0,4198,2,0,12,3,2,0,8,5,4,3,2,1,2,0
59,1,1,3,3,1,3,1,2,1,4,4,1,2177,3,0,17,3,1,1,7,6,3,1,0,0,0,0
40,1,2,7,4,2,2,1,3,5,7,2,0,19833,1,0,14,3,2,0,21,3,2,21,8,12,8,0
50,0,2,1,3,1,4,2,3,2,3,3,1,6347,0,0,12,3,1,1,19,3,3,18,7,0,13,0
35,1,2,18,3,2,3,2,3,2,3,3,1,4601,1,0,16,3,2,0,5,3,3,5,2,1,0,0
47,2,2,27,2,1,2,2,4,2,3,3,0,6397,4,1,12,3,4,0,8,2,3,5,4,1,3,1
31,2,1,3,3,1,4,2,3,1,4,3,0,4084,1,0,12,3,1,0,7,2,1,7,2,7,7,1
29,1,1,27,3,2,2,2,3,2,5,3,1,4335,4,0,12,3,1,1,11,3,2,8,7,1,1,0
32,1,1,5,4,6,2,2,4,1,4,4,1,3312,3,0,17,3,4,2,6,3,3,3,2,0,2,0
60,1,2,16,4,3,1,1,3,2,3,1,0,5405,8,0,14,3,4,0,10,1,3,2,2,2,2,0
28,0,1,24,2,4,2,1,2,3,5,1,0,8722,1,0,12,3,1,0,10,2,2,10,7,1,9,1
56,1,2,11,5,3,4,2,2,2,3,1,1,5380,4,0,16,3,3,1,6,3,3,0,0,0,0,0
45,2,1,7,3,1,1,1,3,3,2,1,2,5210,1,0,18,3,1,1,24,2,3,24,9,9,11,0
26,1,1,25,3,1,1,1,1,1,2,3,0,2293,1,0,12,3,3,0,1,2,2,1,0,0,1,1
41,1,1,5,5,2,2,1,4,1,4,3,1,2127,2,1,12,3,1,0,7,5,2,4,2,0,3,0
29,1,1,28,4,2,4,2,2,1,4,1,0,3785,1,0,14,3,2,0,5,3,1,5,4,0,4,0
34,1,1,19,3,1,2,2,2,1,4,4,1,2929,1,0,12,3,2,0,10,3,3,10,9,8,7,0
46,1,2,1,2,3,2,2,3,3,3,1,2,10453,1,0,25,4,3,3,24,2,3,24,13,15,7,0
40,1,1,2,3,2,3,1,3,1,4,3,2,2345,2,0,14,3,3,1,8,3,4,3,1,1,2,0
33,2,2,7,3,2,4,1,3,2,3,1,1,4373,0,0,14,3,1,2,5,2,3,4,3,0,3,0
23,1,1,26,1,1,3,1,3,1,4,4,2,2904,1,0,12,3,3,2,4,2,2,4,2,0,2,0
33,1,1,21,3,2,2,1,4,1,2,2,1,2028,1,0,18,3,4,3,14,6,3,14,11,2,13,0
34,2,1,1,3,2,4,1,2,2,5,1,0,5343,0,0,20,4,3,0,14,3,3,13,9,4,9,0
40,2,1,9,4,2,4,1,3,1,4,2,2,3617,8,1,14,3,4,1,3,2,3,1,1,0,0,0
25,1,1,3,3,2,1,1,3,1,2,1,1,4031,5,0,13,3,3,1,6,5,3,2,2,0,2,1
36,1,2,17,2,3,3,1,2,2,3,2,1,5507,2,0,16,3,3,2,12,1,1,4,2,1,3,0
25,1,1,7,1,2,4,1,2,1,4,4,1,2889,1,0,11,3,3,2,2,2,3,2,2,2,1,0
49,2,1,28,2,1,1,1,2,2,2,1,0,4284,3,0,20,4,1,0,20,2,3,4,3,1,3,1
36,1,1,7,3,1,1,1,3,1,2,2,0,2013,2,0,11,3,3,0,15,4,3,4,3,1,3,0
38,1,2,14,3,1,3,1,3,2,3,2,1,9924,0,0,11,3,4,1,10,3,3,9,8,7,7,0
26,0,2,29,2,2,2,1,1,2,3,1,0,4969,8,0,18,3,4,0,7,6,3,2,2,2,2,1
37,1,1,19,3,1,3,1,3,2,1,3,1,5768,3,0,17,3,1,3,9,2,2,4,3,0,2,0
42,2,1,9,2,2,1,2,3,1,2,4,0,3673,1,0,13,3,3,0,12,3,3,12,9,5,8,0
37,1,1,10,1,1,4,2,3,1,4,1,2,2782,0,1,13,3,2,2,6,3,2,5,3,4,3,0
30,2,3,8,3,5,3,2,2,1,9,4,2,2180,6,0,11,3,3,1,6,0,2,4,2,1,2,1
32,1,1,5,4,1,4,1,2,2,1,4,0,9679,8,0,24,4,2,0,8,1,3,1,0,0,0,0
23,1,1,1,2,1,4,1,3,1,4,3,1,1223,1,0,22,4,4,1,1,2,3,1,0,0,1,0
31,1,1,5,4,4,3,1,3,1,4,4,1,4821,0,1,12,3,3,1,6,4,3,5,2,0,3,0
42,1,1,2,3,2,4,2,2,1,2,1,2,2593,0,1,11,3,3,1,10,4,3,9,6,7,8,0
40,0,1,8,2,1,4,1,3,2,5,4,2,4069,3,1,18,3,3,0,8,2,3,2,2,2,2,0
44,1,1,2,1,1,1,2,4,1,4,4,1,2011,1,0,13,3,4,1,10,5,3,10,5,7,7,0
49,2,2,2,3,2,4,1,2,2,3,2,1,5390,2,0,14,3,4,0,17,3,2,9,6,0,8,0
29,1,2,20,2,3,4,1,3,2,3,4,2,6931,2,0,14,3,4,1,10,2,3,3,2,0,2,0
35,1,1,22,3,1,2,2,4,3,7,2,2,11996,7,0,18,3,2,1,10,6,2,7,7,6,2,0
26,1,1,23,3,1,1,2,3,1,4,4,2,2886,1,0,22,4,2,2,3,3,1,3,2,0,2,0
29,2,1,1,3,1,4,1,4,2,5,3,0,6294,8,1,12,3,4,0,10,5,4,3,2,0,2,0
30,1,1,17,4,2,2,2,3,3,7,1,1,11916,1,1,23,4,4,2,9,2,3,9,1,0,8,0
31,1,3,2,3,5,1,1,2,2,9,1,1,6410,3,0,12,3,4,0,9,1,3,2,2,1,0,0
33,1,3,3,2,5,4,1,3,1,9,2,2,2277,3,1,11,3,3,1,7,4,4,4,3,0,3,0
42,1,1,23,5,1,1,2,3,4,8,4,0,15992,2,0,14,3,2,0,16,2,3,1,0,0,0,0
35,2,1,18,2,1,3,1,3,3,1,4,0,9362,2,0,11,3,3,0,10,2,3,2,2,2,2,0
38,1,1,2,3,2,3,1,3,2,1,2,1,4855,4,0,11,3,1,2,7,2,3,5,2,1,4,1
50,2,1,20,5,2,2,1,3,4,5,3,1,11245,2,1,15,3,3,1,32,3,3,30,8,12,13,0
35,1,1,23,4,2,3,2,3,1,2,1,1,4014,3,1,15,3,3,1,4,3,3,2,2,2,2,0
38,1,2,2,4,3,2,2,1,2,6,4,1,5405,2,1,20,4,1,2,20,4,2,4,2,0,3,0
37,1,2,16,4,3,4,1,2,2,3,3,2,6334,4,0,19,3,4,2,9,2,3,1,0,0,0,0
22,1,1,7,1,1,4,1,3,1,4,2,0,2472,1,1,23,4,1,0,1,2,3,1,0,0,0,1
26,2,1,2,3,1,1,1,3,1,4,1,1,2042,6,1,14,3,2,1,6,2,3,3,2,1,2,1
