用户号,设备号,点播日期,节目名称,点播金额,点播金额.元.,二级目录
10004,11186,20170716,【NEW】分裂(高清)(“一美”演绎24重人格，北美周末夺冠),999,9.99,院线大片
10004,11186,20170716,破冰船(高清)(冰山巨创海船危在旦夕),499,4.99,精彩点
10004,11186,20170818,【NEW】逆时营救(高清)(平行时空，变异互博),999,9.99,院线大片
10012,10149,20170702,幽游白书(101)(高清),99,0.99,动漫剧场
10012,10149,20170704,【NEW】蓝精灵：寻找神秘村(高清)(“蓝色娘子军”卖萌登场),999,9.99,院线大片
10012,10149,20170711,巧虎来啦(07),49,0.49,少儿乐园
10012,10149,20170903,海底小纵队(29)(高清),99,0.99,动漫剧场
10012,10149,20170910,【NEW】三生三世十里桃花(高清)(刘亦菲版“白浅”美出天际),999,9.99,院线大片
10012,10149,20170928,【NEW】银河护卫队2(高清)(漫威史上最佳续集，解星爵身世之谜),999,9.99,院线大片
10025,10114,20170901,海底小纵队(40)(高清),99,0.99,动漫剧场
10064,10645,20170806,人民的名义(37)(高清),99,0.99,精彩点
10064,10645,20170807,人民的名义(39)(高清),99,0.99,精彩点
10064,10645,20170807,人民的名义(38)(高清),99,0.99,精彩点
10082,11141,20170906,讲古：惠来海角甘泉,50,0.5,潮语专区
10082,11141,20170906,讲古：贼,50,0.5,潮语专区
10085,10452,20170808,【NEW】速度与激情8(高清)(雪地飙车，竞速潜艇),999,9.99,院线大片
10088,11234,20170807,血狼犬(高清)(狼犬大战震慑心灵),999,9.99,院线大片
10088,11234,20170811,【NEW】摔跤吧！爸爸(高清)(燃中带泪！三傻男主再出高分神片),999,9.99,院线大片
10089,10291,20170815,魔法俏佳人 第一季(02),499,4.99,少儿乐园
10089,10291,20170815,魔法俏佳人 第一季(04),499,4.99,少儿乐园
10089,10291,20170815,魔法俏佳人 第一季(05),499,4.99,少儿乐园
10089,10291,20170815,魔法俏佳人 第一季(03),499,4.99,少儿乐园
10104,10349,20170714,【NEW】摔跤吧！爸爸(高清)(燃中带泪！三傻男主再出高分神片),999,9.99,院线大片
10105,10785,20170707,猪猪侠：光明守卫者·上部(26)(高清),99,0.99,动漫剧场
10105,10785,20170708,猪猪侠：光明守卫者·上部(25)(高清),99,0.99,动漫剧场
10107,11259,20170827,同盟(05),99,0.99,精彩点
10107,11259,20170827,同盟(04),99,0.99,精彩点
10107,11259,20170828,同盟(06),99,0.99,精彩点
10107,11259,20170828,同盟(09),99,0.99,精彩点
10107,11259,20170828,同盟(07),99,0.99,精彩点
10107,11259,20170828,同盟(11),99,0.99,精彩点
10107,11259,20170828,同盟(10),99,0.99,精彩点
10107,11259,20170828,同盟(08),99,0.99,精彩点
10115,11179,20170813,巧虎来啦(15),49,0.49,少儿乐园
10115,11179,20170813,08月09日 智慧树,49,0.49,少儿乐园
10115,11179,20170813,08月10日 智慧树,49,0.49,少儿乐园
10115,11179,20170813,08月01日 七巧板,49,0.49,少儿乐园
10115,11179,20170919,曹格演唱会(高清),199,1.99,热门影视
10129,11001,20170725,胜利的游戏 第一季：曹云金吐槽假脸李小璐(高清),99,0.99,热门影视
10129,11001,20170726,屌丝男士 第二季(03)(高清),99,0.99,热门影视
10129,11001,20170818,【NEW】银河护卫队2(高清)(漫威史上最佳续集，解星爵身世之谜),999,9.99,院线大片
10129,11001,20170820,长城(高清)(鹿晗“回眸杀”，小怂兵逆袭),999,9.99,院线大片
10131,10630,20170830,我的前半生(01)(高清),99,0.99,精彩点
10131,10630,20170830,我的前半生(03)(高清),99,0.99,精彩点
10131,10630,20170830,我的前半生(02)(高清),99,0.99,精彩点
10131,10630,20170831,我的前半生(08)(高清),99,0.99,精彩点
10131,10630,20170831,我的前半生(04)(高清),99,0.99,精彩点
10131,10630,20170831,我的前半生(06)(高清),99,0.99,精彩点
10131,10630,20170831,我的前半生(05)(高清),99,0.99,精彩点
10131,10630,20170910,我的前半生(20)(高清),99,0.99,精彩点
10131,10630,20170910,我的前半生(13)(高清),99,0.99,精彩点
10131,10630,20170910,我的前半生(09)(高清),99,0.99,精彩点
10131,10630,20170910,我的前半生(21)(高清),99,0.99,精彩点
10131,10630,20170910,我的前半生(19)(高清),99,0.99,精彩点
10131,10630,20170911,我的前半生(26)(高清),99,0.99,精彩点
10131,10630,20170911,我的前半生(22)(高清),99,0.99,精彩点
10131,10630,20170911,我的前半生(25)(高清),99,0.99,精彩点
10131,10630,20170911,我的前半生(24)(高清),99,0.99,精彩点
10131,10630,20170911,我的前半生(23)(高清),99,0.99,精彩点
10131,10630,20170912,我的前半生(28)(高清),99,0.99,精彩点
10131,10630,20170912,我的前半生(27)(高清),99,0.99,精彩点
10131,10630,20170913,我的前半生(30)(高清),99,0.99,精彩点
10131,10630,20170913,我的前半生(31)(高清),99,0.99,精彩点
10131,10630,20170913,我的前半生(29)(高清),99,0.99,精彩点
10131,10630,20170915,欢乐颂2(12)(高清),99,0.99,精彩点
10131,10630,20170917,欢乐颂2(13)(高清),99,0.99,精彩点
10131,10630,20170921,欢乐颂2(28)(高清),99,0.99,精彩点
10131,10630,20170921,使徒行者2(01),99,0.99,精彩点
10131,10630,20170922,欢乐颂2(31)(高清),99,0.99,精彩点
10131,10630,20170924,欢乐颂2(39)(高清),99,0.99,精彩点
10133,11053,20170706,精灵梦叶罗丽(10),49,0.49,动漫剧场
10133,11053,20170706,精灵梦叶罗丽3(02)(高清),99,0.99,动漫剧场
10133,11053,20170711,精灵梦叶罗丽2(17)(高清),99,0.99,动漫剧场
10133,11053,20170712,精灵梦叶罗丽2(10)(高清),99,0.99,动漫剧场
10133,11053,20170712,精灵梦叶罗丽2(09)(高清),99,0.99,动漫剧场
10133,11053,20170717,精灵梦叶罗丽2(04)(高清),99,0.99,动漫剧场
10133,11053,20170717,精灵梦叶罗丽2(05)(高清),99,0.99,动漫剧场
10133,11053,20170717,精灵梦叶罗丽2(03)(高清),99,0.99,动漫剧场
10133,11053,20170718,精灵梦叶罗丽2(06)(高清),99,0.99,动漫剧场
10133,11053,20170903,07月02日 小花仙,49,0.49,精彩点
10133,11053,20170903,07月01日 小花仙,49,0.49,精彩点
10133,11053,20170915,镇魂街 第一季(16)(高清),99,0.99,热门影视
10133,11053,20170915,【NEW】雄狮(国语版)(高清)(奥斯卡六项提名，“平民窟”男主寻亲路),999,9.99,院线大片
10133,11053,20170917,爱丽丝梦游仙境(高清)(唯美华丽的梦幻国度),499,4.99,热点专题
10138,10058,20170708,巧虎来啦(13),49,0.49,少儿乐园
10138,10058,20170708,巧虎来啦(15),49,0.49,少儿乐园
10138,10058,20170708,05月05日 快乐大巴,49,0.49,少儿乐园
10138,10058,20170708,巧虎来啦(14),49,0.49,少儿乐园
10138,10058,20170708,小猪佩奇 第三季(26),499,4.99,少儿乐园
10138,10058,20170709,巧虎来啦(11),49,0.49,少儿乐园
10138,10058,20170709,托马斯和他的朋友们 第十五季(20),499,4.99,少儿乐园
10138,10058,20170709,巧虎来啦(12),49,0.49,少儿乐园
10138,10058,20170709,小猪佩奇 第三季(03),499,4.99,少儿乐园
10138,10058,20170709,小猪佩奇 第三季(25),499,4.99,少儿乐园
10138,10058,20170710,巧虎来啦(10),49,0.49,少儿乐园
10138,10058,20170710,小猪佩奇 第四季(26),499,4.99,少儿乐园
10138,10058,20170713,巧虎来啦(09),49,0.49,少儿乐园
10138,10058,20170715,巧虎来啦(08),49,0.49,少儿乐园
10138,10058,20170715,小猪佩奇 第三季(24),499,4.99,少儿乐园
10138,10058,20170716,巧虎来啦(07),49,0.49,少儿乐园
10138,10058,20170716,小猪佩奇 第三季(23),499,4.99,少儿乐园
10138,10058,20170719,生化危机：终章(高清)(集结最强，战力升级),999,9.99,院线大片
10138,10058,20170722,超级飞侠3(20)(高清),99,0.99,动漫剧场
10138,10058,20170723,【NEW】摔跤吧！爸爸(高清)(燃中带泪！三傻男主再出高分神片),999,9.99,院线大片
10138,10058,20170723,巧虎来啦(04),49,0.49,少儿乐园
10138,10058,20170727,巧虎来啦(11),49,0.49,少儿乐园
10138,10058,20170731,巧虎来啦(15),49,0.49,少儿乐园
10138,10058,20170731,巧虎来啦(12),49,0.49,少儿乐园
10138,10058,20170801,巧虎来啦(14),49,0.49,少儿乐园
10138,10058,20170801,小猪佩奇 第三季(26),499,4.99,少儿乐园
10138,10058,20170804,【NEW】女间谍(高清)(“火辣尤物”爆笑救场),999,9.99,院线大片
10138,10058,20170807,【NEW】美好的意外(高清)(桂纶镁遇陈坤“性情大变”),999,9.99,院线大片
10138,10058,20170807,【NEW】速度与激情8(高清)(雪地飙车，竞速潜艇),999,9.99,院线大片
10138,10058,20170808,巧虎来啦(13),49,0.49,少儿乐园
10138,10058,20170808,巧虎来啦(12),49,0.49,少儿乐园
10138,10058,20170810,巧虎来啦(11),49,0.49,少儿乐园
10138,10058,20170813,托马斯和他的朋友们 第十五季(20),499,4.99,少儿乐园
10138,10058,20170813,巧虎来啦(07),49,0.49,少儿乐园
10138,10058,20170814,巧虎来啦(06),49,0.49,少儿乐园
10138,10058,20170814,托马斯和他的朋友们 第十四季(13),499,4.99,少儿乐园
10138,10058,20170816,巧虎来啦(13),49,0.49,少儿乐园
10138,10058,20170817,巧虎来啦(05),49,0.49,少儿乐园
10138,10058,20170818,巧虎来啦(09),49,0.49,少儿乐园
10138,10058,20170823,小猪佩奇 第四季(20),499,4.99,少儿乐园
10138,10058,20170823,巧虎来啦(11),49,0.49,少儿乐园
10138,10058,20170828,【NEW】雄狮(国语版)(高清)(奥斯卡六项提名，“平民窟”男主寻亲路),999,9.99,院线大片
10138,10058,20170828,【NEW】异星觉醒(高清)(外星生物现邪恶真身，极致惊悚无尿点),999,9.99,院线大片
10138,10058,20170828,巧虎来啦(11),49,0.49,少儿乐园
10138,10058,20170830,巧虎来啦(08),49,0.49,少儿乐园
10138,10058,20170830,【NEW】你的名字(高清)(一场时空混乱的美丽谎言),999,9.99,院线大片
10138,10058,20170901,托马斯和他的朋友们 第十四季(14),499,4.99,少儿乐园
10138,10058,20170901,巧虎来啦(04),49,0.49,少儿乐园
10138,10058,20170904,【NEW】绣春刀II：修罗战场(高清)(张震雷佳音飙戏，优质续作榜样),999,9.99,院线大片
10138,10058,20170907,巧虎来啦(13),49,0.49,少儿乐园
10138,10058,20170909,巧虎来啦(13),49,0.49,少儿乐园
10138,10058,20170909,小猪佩奇 第三季(19),499,4.99,少儿乐园
10138,10058,20170909,巧虎来啦(10),49,0.49,少儿乐园
10138,10058,20170912,巧虎来啦(09),49,0.49,少儿乐园
10138,10058,20170913,巧虎来啦(08),49,0.49,少儿乐园
10138,10058,20170913,托马斯和他的朋友们 第十五季(13),499,4.99,少儿乐园
10138,10058,20170913,【NEW】绣春刀II：修罗战场(高清)(张震雷佳音飙戏，优质续作榜样),999,9.99,院线大片
10138,10058,20170914,巧虎来啦(15),49,0.49,少儿乐园
10138,10058,20170914,托马斯和他的朋友们 第十五季(11),499,4.99,少儿乐园
10138,10058,20170916,巧虎来啦(13),49,0.49,少儿乐园
10138,10058,20170916,巧虎来啦(08),49,0.49,少儿乐园
10138,10058,20170916,巧虎来啦(12),49,0.49,少儿乐园
10138,10058,20170916,巧虎来啦(09),49,0.49,少儿乐园
10138,10058,20170917,巧虎来啦(11),49,0.49,少儿乐园
10138,10058,20170918,巧虎来啦(05),49,0.49,少儿乐园
10138,10058,20170919,巧虎来啦(14),49,0.49,少儿乐园
10148,10280,20170729,奥特银河大怪兽之战(07),499,4.99,少儿乐园
10148,10280,20170810,【NEW】逆时营救(高清)(平行时空，变异互博),999,9.99,院线大片
10148,10280,20170825,【NEW】逆时营救(高清)(平行时空，变异互博),999,9.99,院线大片
10152,11255,20170822,临时演员(高清)(小猎豹郑恺搞定“大明星”热依扎),999,9.99,院线大片
10152,11255,20170822,血狼犬(高清)(狼犬大战震慑心灵),999,9.99,院线大片
10152,11255,20170922,【NEW】银河护卫队2(高清)(漫威史上最佳续集，解星爵身世之谜),999,9.99,院线大片
10152,11255,20170925,女间谍(高清)(“火辣尤物”爆笑救场),999,9.99,院线大片
10168,10343,20170721,【NEW】吃吃的爱(高清)(林志玲狠狠“掌掴”小S),999,9.99,院线大片
10175,10257,20170928,捷德奥特曼(12)(高清),99,0.99,动漫剧场
10195,11291,20170924,【NEW】摔跤吧！爸爸(高清)(燃中带泪！三傻男主再出高分神片),999,9.99,院线大片
10213,10735,20170923,人间至味是清欢(06)(高清),99,0.99,精彩点
10213,10735,20170924,人间至味是清欢(07)(高清),99,0.99,精彩点
10213,10735,20170924,人间至味是清欢(11)(高清),99,0.99,精彩点
10213,10735,20170924,人间至味是清欢(09)(高清),99,0.99,精彩点
10213,10735,20170924,人间至味是清欢(10)(高清),99,0.99,精彩点
10213,10735,20170924,人间至味是清欢(08)(高清),99,0.99,精彩点
10213,10735,20170925,人间至味是清欢(29)(高清),99,0.99,精彩点
10213,10735,20170925,人间至味是清欢(27)(高清),99,0.99,精彩点
10213,10735,20170925,人间至味是清欢(28)(高清),99,0.99,精彩点
10213,10735,20170925,人间至味是清欢(26)(高清),99,0.99,精彩点
10213,10735,20170930,【NEW】绣春刀II：修罗战场(高清)(张震雷佳音飙戏，优质续作榜样),999,9.99,院线大片
10228,10954,20170916,【NEW】银河护卫队2(高清)(漫威史上最佳续集，解星爵身世之谜),999,9.99,院线大片
10228,10954,20170916,愤怒的小鸟 第一季(02)(高清),49,0.49,动漫剧场
10228,10954,20170916,【NEW】新木乃伊(高清)(“黑暗宇宙”揭怪物序幕),999,9.99,院线大片
10234,10345,20170712,西游伏妖篇(高清)(吴亦凡版唐僧太逗比),999,9.99,院线大片
10234,10345,20170923,【NEW】神偷奶爸3(高清)(失业格鲁回归坏蛋行列？),999,9.99,院线大片
10234,10345,20170923,博人传 火影忍者新时代(24)(高清),99,0.99,动漫剧场
10234,10345,20170923,【NEW】银河护卫队2(高清)(漫威史上最佳续集，解星爵身世之谜),999,9.99,院线大片
10234,10345,20170929,我的英雄学院(02)(高清),99,0.99,动漫剧场
10234,10345,20170930,我的英雄学院(06)(高清),99,0.99,动漫剧场
10234,10345,20170930,我的英雄学院(03)(高清),99,0.99,动漫剧场
10234,10345,20170930,我的英雄学院(04)(高清),99,0.99,动漫剧场
10234,10345,20170930,我的英雄学院(05)(高清),99,0.99,动漫剧场
10242,10090,20170827,窈窕绅士(高清)(林熙蕾改造孙红雷),499,4.99,精彩点
10247,11175,20170723,07月22日 非诚勿扰：高颜值小鲜肉被女嘉宾调戏(高清),99,0.99,精彩点
10258,10784,20170715,Clannad 第一季(02)(高清),99,0.99,动漫剧场
10259,10506,20170822,【NEW】银河护卫队2(高清)(漫威史上最佳续集，解星爵身世之谜),999,9.99,院线大片
10264,10660,20170708,【NEW】拆弹专家(高清)(刘德华边拆炸弹边“告白”),999,9.99,院线大片
10264,10660,20170708,【NEW】异星觉醒(高清)(外星生物现邪恶真身，极致惊悚无尿点),999,9.99,院线大片
10264,10660,20170710,【NEW】摔跤吧！爸爸(高清)(燃中带泪！三傻男主再出高分神片),999,9.99,院线大片
10264,10660,20170710,生化危机：终章(高清)(集结最强，战力升级),999,9.99,院线大片
10272,10416,20170831,杀破狼(高清)(吴京、甄子丹后巷对打),499,4.99,热点专题
10273,11218,20170701,06月30日 奔跑吧：收官之战！邓超遇王力宏变迷弟(高清),99,0.99,精彩点
10273,11218,20170702,07月01日 快乐大本营：刘恺威魏大勋COS偶像演绎串烧(高清),99,0.99,精彩点
10273,11218,20170718,07月07日 奔跑吧：奔跑团探班 鹿晗热巴二次元对话萌翻(高清),99,0.99,精彩点
10273,11218,20170718,07月15日 快乐大本营：Angelababy嗨玩双截棍(高清),99,0.99,精彩点
10273,11218,20170721,03月25日 王牌对王牌 第二季：王源演技爆发成烈士(高清),99,0.99,精彩点
10273,11218,20170721,03月10日 王牌对王牌 第二季：爱情公寓8周年重聚(高清),99,0.99,精彩点
10273,11218,20170722,神偷奶爸2(高清)(激萌小黄人爆笑追凶),499,4.99,热点专题
10273,11218,20170723,07月22日 快乐大本营：范爷胡歌送祝福惹哭何老师(高清),99,0.99,精彩点
10273,11218,20170724,07月22日 中餐厅：赵薇晓明“相爱相杀”(高清),99,0.99,精彩点
10273,11218,20170727,03月31日 王牌对王牌 第二季：王源林俊杰隔空互动(高清),99,0.99,精彩点
10273,11218,20170728,04月07日 王牌对王牌 第二季：王源魔幻弹唱 贾玲辣眼cos白浅(高清),99,0.99,精彩点
10273,11218,20170730,07月29日 快乐大本营：TFBOYS献唱快本最新主题曲(高清),99,0.99,精彩点
10273,11218,20170803,07月29日 中餐厅：张亮展厨艺圈粉周冬雨(高清),99,0.99,精彩点
10273,11218,20170808,08月05日 中餐厅：黄晓明再掀定价风波(高清),99,0.99,精彩点
10273,11218,20170820,08月18日 我们来了 第二季：陈妍希展现跳远绝技(高清),99,0.99,精彩点
10273,11218,20170903,09月01日 我们来了 第二季：宋茜被辣哭贡献表情包(高清),99,0.99,精彩点
10273,11218,20170909,09月08日 我们来了 第二季：陈妍希携吴秀波唱情歌(高清),99,0.99,精彩点
10273,11218,20170924,09月22日 我们来了 第二季：关之琳隐藏技能大爆发(高清),99,0.99,精彩点
10289,10413,20170708,巧虎来啦(15),49,0.49,少儿乐园
10289,10413,20170710,【NEW】摔跤吧！爸爸(高清)(燃中带泪！三傻男主再出高分神片),999,9.99,院线大片
10299,10015,20170708,我的一九九七(13)(高清),99,0.99,精彩点
10299,10015,20170713,我的一九九七(01)(高清),99,0.99,精彩点
10299,10015,20170713,我的一九九七(02)(高清),99,0.99,精彩点
10299,10015,20170718,我的前半生(01)(高清),99,0.99,精彩点
10299,10015,20170730,楚乔传(01)(高清),99,0.99,精彩点
10299,10015,20170803,楚乔传(04)(高清),99,0.99,精彩点
10299,10015,20170803,楚乔传(03)(高清),99,0.99,精彩点
10299,10015,20170812,楚乔传(23)(高清),99,0.99,精彩点
10299,10015,20170812,楚乔传(22)(高清),99,0.99,精彩点
10299,10015,20170812,楚乔传(24)(高清),99,0.99,精彩点
10299,10015,20170812,楚乔传(25)(高清),99,0.99,精彩点
10299,10015,20170813,楚乔传(27)(高清),99,0.99,精彩点
10299,10015,20170813,楚乔传(26)(高清),99,0.99,精彩点
10299,10015,20170909,我们的爱(03)(高清),99,0.99,精彩点
10299,10015,20170909,我们的爱(02)(高清),99,0.99,精彩点
10299,10015,20170910,人间至味是清欢(01)(高清),99,0.99,精彩点
10299,10015,20170910,我们的爱(04)(高清),99,0.99,精彩点
10299,10015,20170911,秦时丽人明月心(01)(高清),99,0.99,精彩点
10299,10015,20170911,平凡岁月(01)(高清),99,0.99,精彩点
10299,10015,20170928,我的前半生(37)(高清),99,0.99,精彩点
10303,10500,20170909,人间至味是清欢(38)(高清),99,0.99,精彩点
10303,10500,20170909,我差点就信了(29)(高清),99,0.99,动漫剧场
10303,10500,20170909,09月01日 星原小宝,49,0.49,精彩点
10303,10500,20170909,小猪佩奇 第三季(26),499,4.99,少儿乐园
10303,10500,20170909,人间至味是清欢(39)(高清),99,0.99,精彩点
10303,10500,20170909,人间至味是清欢(37)(高清),99,0.99,精彩点
10303,10500,20170909,小猪佩奇 第四季(26)(高清),99,0.99,动漫剧场
10303,10500,20170909,人间至味是清欢(36)(高清),99,0.99,精彩点
10303,10500,20170911,人间至味是清欢(42)(高清)(大结局),99,0.99,精彩点
10310,10371,20170804,蜘蛛侠3(高清)(心狠手辣“毒蜘蛛”),499,4.99,热点专题
10310,10371,20170819,星际穿越(高清)(2015奥斯卡最佳视觉效果),499,4.99,精彩点
10310,10371,20170819,【NEW】银河护卫队2(高清)(漫威史上最佳续集，解星爵身世之谜),999,9.99,院线大片
10310,10371,20170819,银河护卫队(高清)(保护地球已过时，拯救宇宙是正事),499,4.99,热点专题
10310,10371,20170820,复仇者联盟(高清)(史上最强兄弟联盟),499,4.99,热点专题
10310,10371,20170825,嫌疑人X的献身(高清)(王凯开解迷局，中国版结局谁是凶手),999,9.99,院线大片
10310,10371,20170826,【NEW】异星觉醒(高清)(外星生物现邪恶真身，极致惊悚无尿点),999,9.99,院线大片
10310,10371,20170918,那年花开月正圆(27)(高清),99,0.99,精彩点
10310,10371,20170918,那年花开月正圆(26)(高清),99,0.99,精彩点
10310,10371,20170918,那年花开月正圆(29)(高清),99,0.99,精彩点
10310,10371,20170919,那年花开月正圆(31)(高清),99,0.99,精彩点
10310,10371,20170919,那年花开月正圆(33)(高清),99,0.99,精彩点
10310,10371,20170919,那年花开月正圆(34)(高清),99,0.99,精彩点
10310,10371,20170919,那年花开月正圆(35)(高清),99,0.99,精彩点
10310,10371,20170919,那年花开月正圆(30)(高清),99,0.99,精彩点
10310,10371,20170919,那年花开月正圆(32)(高清),99,0.99,精彩点
10310,10371,20170923,【NEW】神偷奶爸3(高清)(失业格鲁回归坏蛋行列？),999,9.99,院线大片
10310,10371,20170923,那年花开月正圆(31)(高清),99,0.99,精彩点
10310,10371,20170923,那年花开月正圆(38)(高清),99,0.99,精彩点
10310,10371,20170923,那年花开月正圆(37)(高清),99,0.99,精彩点
10310,10371,20170923,那年花开月正圆(30)(高清),99,0.99,精彩点
10310,10371,20170924,那年花开月正圆(39)(高清),99,0.99,精彩点
10324,10788,20170910,白夜追凶(02)(高清),99,0.99,热门影视
10324,10788,20170911,白夜追凶(05)(高清),99,0.99,热门影视
10324,10788,20170911,白夜追凶(03)(高清),99,0.99,热门影视
10324,10788,20170911,白夜追凶(04)(高清),99,0.99,热门影视
10324,10788,20170914,白夜追凶(07)(高清),99,0.99,热门影视
10324,10788,20170914,白夜追凶(06)(高清),99,0.99,热门影视
10324,10788,20170918,白夜追凶(15)(高清),99,0.99,热门影视
10324,10788,20170923,白夜追凶(20)(高清),99,0.99,热门影视
10324,10788,20170929,白夜追凶(25)(高清),99,0.99,热门影视
10340,10758,20170924,他是龙(高清)(驯龙少女跨种族恋爱指南),499,4.99,精彩点
10340,10758,20170926,疯狂原始人(高清)(野人逗趣冒险记),499,4.99,精彩点
10340,10758,20170926,哆啦A梦 第一季(130)(高清),99,0.99,动漫剧场
10351,11135,20170831,【NEW】悟空传(高清)(彭于晏版悟空成暴走猴子),999,9.99,院线大片
10384,11215,20170703,夏至未至(27)(高清),99,0.99,精彩点
10384,11215,20170704,夏至未至(37)(高清),99,0.99,精彩点
10384,11215,20170802,我们的少年时代(38)(高清),99,0.99,精彩点
10384,11215,20170802,我们的少年时代(37)(高清),99,0.99,精彩点
10384,11215,20170802,我们的少年时代(39)(大结局)(高清),99,0.99,精彩点
10384,11215,20170811,浪花一朵朵(17)(高清),99,0.99,精彩点
10384,11215,20170811,浪花一朵朵(16)(高清),99,0.99,精彩点
10384,11215,20170812,08月05日 中餐厅：黄晓明再掀定价风波(高清),99,0.99,精彩点
10384,11215,20170823,浪花一朵朵(33)(高清),99,0.99,精彩点
10384,11215,20170823,浪花一朵朵(32)(高清),99,0.99,精彩点
10387,10312,20170713,变种章鲨(高清)(恐怖鲨鱼，肆意虐杀),499,4.99,精彩点
10395,10396,20170701,楚乔传(32)(高清),99,0.99,精彩点
10395,10396,20170701,大军师司马懿之军师联盟(03)(高清),99,0.99,精彩点
10395,10396,20170701,大军师司马懿之军师联盟(04)(高清),99,0.99,精彩点
10395,10396,20170701,大军师司马懿之军师联盟(01)(高清),99,0.99,精彩点
10395,10396,20170701,大军师司马懿之军师联盟(02)(高清),99,0.99,精彩点
10395,10396,20170702,大军师司马懿之军师联盟(14)(高清),99,0.99,精彩点
10395,10396,20170702,大军师司马懿之军师联盟(13)(高清),99,0.99,精彩点
10395,10396,20170702,大军师司马懿之军师联盟(11)(高清),99,0.99,精彩点
10395,10396,20170702,大军师司马懿之军师联盟(07)(高清),99,0.99,精彩点
10395,10396,20170702,左轮手枪(06)(高清),99,0.99,精彩点
10395,10396,20170702,大军师司马懿之军师联盟(15)(高清),99,0.99,精彩点
10395,10396,20170702,大军师司马懿之军师联盟(05)(高清),99,0.99,精彩点
10395,10396,20170702,红色通道(01)(高清),99,0.99,精彩点
10395,10396,20170702,大军师司马懿之军师联盟(10)(高清),99,0.99,精彩点
10395,10396,20170702,反击(05)(高清),99,0.99,精彩点
10395,10396,20170702,美国司法(高清)(当权力变成绝对),499,4.99,精彩点
10395,10396,20170702,反击(03)(高清),99,0.99,精彩点
10395,10396,20170702,大军师司马懿之军师联盟(06)(高清),99,0.99,精彩点
10395,10396,20170702,楚乔传(20)(高清),99,0.99,精彩点
10395,10396,20170702,大军师司马懿之军师联盟(08)(高清),99,0.99,精彩点
10395,10396,20170702,反击(04)(高清),99,0.99,精彩点
10395,10396,20170702,大军师司马懿之军师联盟(12)(高清),99,0.99,精彩点
10395,10396,20170702,反击(04)(高清),99,0.99,精彩点
10395,10396,20170703,大军师司马懿之军师联盟(18)(高清),99,0.99,精彩点
10395,10396,20170703,大军师司马懿之军师联盟(20)(高清),99,0.99,精彩点
10395,10396,20170703,反击(08)(高清),99,0.99,精彩点
10395,10396,20170703,大军师司马懿之军师联盟(16)(高清),99,0.99,精彩点
10395,10396,20170703,反击(07)(高清),99,0.99,精彩点
10395,10396,20170703,大军师司马懿之军师联盟(19)(高清),99,0.99,精彩点
10395,10396,20170703,反击(06)(高清),99,0.99,精彩点
10395,10396,20170706,反击(09)(高清),99,0.99,精彩点
10395,10396,20170706,反击(10)(高清),99,0.99,精彩点
10395,10396,20170706,楚乔传(35)(高清),99,0.99,精彩点
10395,10396,20170706,卧底归来(19)(高清),99,0.99,精彩点
10395,10396,20170706,卧底归来(18)(高清),99,0.99,精彩点
10395,10396,20170706,反击(14)(高清),99,0.99,精彩点
10395,10396,20170706,楚乔传(36)(高清),99,0.99,精彩点
10395,10396,20170706,07月02日 花儿与少年 第三季：陈柏霖责任感爆棚(高清),99,0.99,精彩点
10395,10396,20170706,卧底归来(17)(高清),99,0.99,精彩点
10395,10396,20170706,反击(08)(高清),99,0.99,精彩点
10395,10396,20170707,反击(18)(高清),99,0.99,精彩点
10395,10396,20170707,反击(19)(高清),99,0.99,精彩点
10395,10396,20170707,反击(15)(高清),99,0.99,精彩点
10395,10396,20170707,反击(16)(高清),99,0.99,精彩点
10395,10396,20170707,反击(17)(高清),99,0.99,精彩点
10395,10396,20170710,大军师司马懿之军师联盟(28)(高清),99,0.99,精彩点
10395,10396,20170710,大军师司马懿之军师联盟(29)(高清),99,0.99,精彩点
10395,10396,20170822,【NEW】速度与激情8(高清)(雪地飙车，竞速潜艇),999,9.99,院线大片
10395,10396,20170916,【NEW】悟空传(高清)(彭于晏版悟空成暴走猴子),999,9.99,院线大片
10395,10396,20170916,女间谍(高清)(“火辣尤物”爆笑救场),999,9.99,院线大片
10395,10396,20170917,【NEW】新木乃伊(高清)(“黑暗宇宙”揭怪物序幕),999,9.99,院线大片
10395,10396,20170930,【NEW】心理罪(高清)(人性贪嗔痴，案情出人意料),999,9.99,院线大片
10395,10396,20170930,生活大爆炸 第八季(17)(高清),99,0.99,热门影视
10395,10396,20170930,生活大爆炸 第八季(16)(高清),99,0.99,热门影视
10395,10396,20170930,生活大爆炸 第八季(18)(高清),99,0.99,热门影视
10395,10396,20170930,生活大爆炸 第八季(15)(高清),99,0.99,热门影视
10396,10119,20170707,【NEW】血狼犬(高清)(狼犬大战震慑心灵),999,9.99,院线大片
10405,11105,20170811,深夜食堂(01)(高清),99,0.99,精彩点
10418,11058,20170811,【NEW】摔跤吧！爸爸(高清)(燃中带泪！三傻男主再出高分神片),999,9.99,院线大片
10418,11058,20170821,血狼犬(高清)(狼犬大战震慑心灵),999,9.99,院线大片
10420,10449,20170909,捷德奥特曼(08)(高清),99,0.99,动漫剧场
10420,10449,20170910,捷德奥特曼(05)(高清),99,0.99,动漫剧场
10440,10688,20170703,叶问3(高清)(巅峰对决，延续传奇),799,7.99,热点专题
10440,10688,20170707,门徒(高清)(刘德华吴彦祖，联手缉毒枭),499,4.99,热点专题
10458,10796,20170830,08月25日 中国新歌声 第二季：周董E神上演嘻哈对决(高清),99,0.99,精彩点
10458,10796,20170910,08月18日 超级飞侠二,49,0.49,精彩点
10458,10796,20170927,平凡岁月(26)(高清),99,0.99,精彩点
10458,10796,20170927,平凡岁月(27)(高清),99,0.99,精彩点
10512,10208,20170708,06月16日 奔跑吧：热巴林依晨变暴力姐妹花(高清),99,0.99,精彩点
10512,10208,20170712,打工捱世界Ⅱ(01),99,0.99,精彩点
10512,10208,20170716,07月14日 中国新歌声 第二季：杰伦Eason对唱(高清),99,0.99,精彩点
10512,10208,20170716,07月07日 奔跑吧：奔跑团探班 鹿晗热巴二次元对话萌翻(高清),99,0.99,精彩点
10512,10208,20170722,火星情报局 第二季(13)(高清),99,0.99,精彩点
10512,10208,20170727,我的前半生(03)(高清),99,0.99,精彩点
10512,10208,20170727,我的前半生(04)(高清),99,0.99,精彩点
10512,10208,20170728,我的前半生(06)(高清),99,0.99,精彩点
10512,10208,20170728,我的前半生(05)(高清),99,0.99,精彩点
10512,10208,20170811,08月06日 极限挑战 第三季：五美惊喜空降男人帮(高清),99,0.99,精彩点
10512,10208,20170811,07月07日 奔跑吧：奔跑团探班 鹿晗热巴二次元对话萌翻(高清),99,0.99,精彩点
10512,10208,20170825,08月19日 中餐厅：泰国Mike携友惊喜来袭(高清),99,0.99,精彩点
10512,10208,20170902,07月08日 诗书中华：胡涂兄妹又现神默契(高清),99,0.99,精彩点
10512,10208,20170902,08月27日 极限挑战 第三季：张艺兴雪耻重振皮革厂(高清),99,0.99,精彩点
10512,10208,20170903,08月19日 开心剧乐部：李晨变作战专家(高清),99,0.99,精彩点
10512,10208,20170910,09月02日 开心剧乐部：张凯丽“喜当娘”狂收4位儿女(高清),99,0.99,精彩点
10512,10208,20170917,火星情报局 第二季(12)(高清),99,0.99,精彩点
10512,10208,20170917,09月02日 开心剧乐部：张凯丽“喜当娘”狂收4位儿女(高清),99,0.99,精彩点
10533,10098,20170706,咕噜咕噜美人鱼(高清)(“金鱼姬”大战海妖),499,4.99,精彩点
10533,10098,20170708,漂洋过海来爱你(高清)(中国版“廊桥遗梦”),499,4.99,精彩点
10533,10098,20170709,07月01日 猪猪侠之五灵守卫者,49,0.49,精彩点
10533,10098,20170711,破冰船(高清)(冰山巨创海船危在旦夕),499,4.99,精彩点
10533,10098,20170711,傲慢与偏见与僵尸(高清)(让僵尸当一次理想婚姻的“媒人”),499,4.99,精彩点
10533,10098,20170711,101次求婚(高清)(黄渤逆袭，迎娶林志玲),499,4.99,热点专题
10533,10098,20170713,我的前半生(15)(高清),99,0.99,精彩点
10533,10098,20170714,我的前半生(17)(高清),99,0.99,精彩点
10533,10098,20170719,我的前半生(27)(高清),99,0.99,精彩点
10533,10098,20170719,我的前半生(28)(高清),99,0.99,精彩点
10533,10098,20170720,我的前半生(03)(高清),99,0.99,精彩点
10533,10098,20170720,我的前半生(04)(高清),99,0.99,精彩点
10533,10098,20170720,我的前半生(06)(高清),99,0.99,精彩点
10533,10098,20170722,07月21日 赛尔号之幻梦战记,49,0.49,精彩点
10533,10098,20170722,龙黄蜂(高清)(雨林禁地遇上杀人巨蜂),499,4.99,精彩点
10533,10098,20170723,阿拉丁与神灯(高清)(法式无厘头，笑到飞起),499,4.99,精彩点
10533,10098,20170731,神秘事件(高清)(诡异棺材里的秘密),499,4.99,精彩点
10533,10098,20170731,07月24日 超级飞侠二,49,0.49,精彩点
10533,10098,20170809,07月29日 超级飞侠二,49,0.49,精彩点
10533,10098,20170814,火星情报局 第二季(13)(高清),99,0.99,精彩点
10533,10098,20170824,青禾男高(高清)(景甜、欧豪热血激斗),499,4.99,精彩点
10533,10098,20170825,冰川鲨鱼(高清)(贪婪鲨鱼撞上海底裂缝),499,4.99,精彩点
10533,10098,20170826,灰姑娘(英文版)(高清)(升格的成人童话),499,4.99,精彩点
10533,10098,20170827,人间至味是清欢(18)(高清),99,0.99,精彩点
10533,10098,20170827,花咒(高清)(惊悚外衣下的爱情悲剧),499,4.99,精彩点
10533,10098,20170827,08月12日 超级飞侠三,49,0.49,精彩点
10533,10098,20170830,重返20岁(高清)(鹿晗吉他献唱，帅出新高度),499,4.99,精彩点
10533,10098,20170831,忍者神龟：变种时代(高清)(变形救地球),499,4.99,精彩点
10533,10098,20170901,牧野传奇(高清)(武王姬发大破诛仙阵),499,4.99,精彩点
10533,10098,20170901,美好的意外(高清)(桂纶镁遇陈坤“性情大变”),499,4.99,精彩点
10533,10098,20170904,秦时丽人明月心(01)(高清),99,0.99,精彩点
10533,10098,20170904,07月19日 巨神战击队第三季,49,0.49,精彩点
10533,10098,20170905,07月20日 巨神战击队第三季,49,0.49,精彩点
10533,10098,20170912,07月16日 巨神战击队第三季,49,0.49,精彩点
10533,10098,20170921,07月18日 巨神战击队第三季,49,0.49,精彩点
10534,10807,20170710,【NEW】长城(高清)(鹿晗“回眸杀”，小怂兵逆袭),999,9.99,院线大片
10534,10807,20170903,【NEW】绣春刀II：修罗战场(高清)(张震雷佳音飙戏，优质续作榜样),999,9.99,院线大片
10534,10807,20170910,海底小纵队 特别篇(02)(高清),99,0.99,动漫剧场
10538,10122,20170804,【NEW】速度与激情8(高清)(雪地飙车，竞速潜艇),999,9.99,院线大片
10560,10841,20170723,超级飞侠3(26)(高清),99,0.99,动漫剧场
10560,10841,20170903,汪汪队立大功 第一季(02)(高清),49,0.49,动漫剧场
10569,10854,20170820,迪迦奥特曼(03),49,0.49,动漫剧场
10570,10862,20170703,【NEW】嫌疑人X的献身(高清)(王凯开解迷局，中国版结局谁是凶手),999,9.99,院线大片
10570,10862,20170704,赌城群英会(01),99,0.99,精彩点
10570,10862,20170704,【NEW】血狼犬(高清)(狼犬大战震慑心灵),999,9.99,院线大片
10570,10862,20170705,赌城群英会(02),99,0.99,精彩点
10570,10862,20170707,【NEW】喜欢你(高清)(周冬雨俘获文艺男神金城武),999,9.99,院线大片
10570,10862,20170707,白鹿原(02)(高清),99,0.99,精彩点
10570,10862,20170709,鸟人(高清)(奥斯卡最佳影片),499,4.99,精彩点
10570,10862,20170818,楚乔传(03)(高清),99,0.99,精彩点
10570,10862,20170818,楚乔传(04)(高清),99,0.99,精彩点
10570,10862,20170829,【NEW】悟空传(高清)(彭于晏版悟空成暴走猴子),999,9.99,院线大片
10570,10862,20170902,【NEW】绣春刀II：修罗战场(高清)(张震雷佳音飙戏，优质续作榜样),999,9.99,院线大片
10570,10862,20170919,武林外传(高清)(爆笑段子YY江湖),499,4.99,精彩点
10570,10862,20170920,女间谍(高清)(“火辣尤物”爆笑救场),999,9.99,院线大片
10570,10862,20170921,杀破狼2(高清)(吴京十年一战，杀气冲天),499,4.99,热点专题
10570,10862,20170930,【NEW】反转人生(高清)(吴彦祖爆笑毁形象),999,9.99,院线大片
10570,10862,20170930,【NEW】心理罪(高清)(人性贪嗔痴，案情出人意料),999,9.99,院线大片
10622,10910,20170812,【NEW】摔跤吧！爸爸(高清)(燃中带泪！三傻男主再出高分神片),999,9.99,院线大片
10636,10158,20170705,饥饿游戏(高清)(女孩格斗中求生),499,4.99,热点专题
10636,10158,20170906,吃吃的爱(高清)(林志玲狠狠“掌掴”小S),499,4.99,精彩点
10636,10158,20170923,使徒行者2(01),99,0.99,精彩点
10636,10158,20170923,使徒行者2(04),99,0.99,精彩点
10636,10158,20170923,使徒行者2(02),99,0.99,精彩点
10636,10158,20170923,使徒行者2(03),99,0.99,精彩点
10645,10931,20170727,【NEW】速度与激情8(高清)(雪地飙车，竞速潜艇),999,9.99,院线大片
10674,10729,20170716,【NEW】长城(高清)(鹿晗“回眸杀”，小怂兵逆袭),999,9.99,院线大片
10674,10729,20170812,名侦探柯南(116)(高清),99,0.99,动漫剧场
10674,10729,20170812,名侦探柯南(117)(高清),99,0.99,动漫剧场
10675,11166,20170818,小马宝莉中文版(02)(高清),49,0.49,动漫剧场
10678,10462,20170707,05月26日 奔跑吧：陈赫玩烧脑怒怼邓超 刘涛被众疑超揪心(高清),99,0.99,精彩点
10678,10462,20170710,06月16日 奔跑吧：热巴林依晨变暴力姐妹花(高清),99,0.99,精彩点
10691,10664,20170803,【NEW】速度与激情8(高清)(雪地飙车，竞速潜艇),999,9.99,院线大片
10691,10664,20170806,【NEW】女间谍(高清)(“火辣尤物”爆笑救场),999,9.99,院线大片
10691,10664,20170814,【NEW】逆时营救(高清)(平行时空，变异互博),999,9.99,院线大片
10691,10664,20170827,【NEW】雄狮(国语版)(高清)(奥斯卡六项提名，“平民窟”男主寻亲路),999,9.99,院线大片
10691,10664,20170827,【NEW】你的名字(高清)(一场时空混乱的美丽谎言),999,9.99,院线大片
10691,10664,20170912,【NEW】新木乃伊(高清)(“黑暗宇宙”揭怪物序幕),999,9.99,院线大片
10693,10950,20170925,那年花开月正圆(46)(高清),99,0.99,精彩点
10693,10950,20170925,那年花开月正圆(43)(高清),99,0.99,精彩点
10693,10950,20170925,那年花开月正圆(44)(高清),99,0.99,精彩点
10693,10950,20170925,09月22日 极速前进 第四季：潜水女神贾静雯(高清),99,0.99,精彩点
10693,10950,20170925,那年花开月正圆(45)(高清),99,0.99,精彩点
10695,10773,20170824,08月20日 我们相爱吧之爱有天意：吴昕潘玮柏十指相扣(高清),99,0.99,精彩点
10696,10779,20170702,小马宝莉中文版(11)(高清),49,0.49,动漫剧场
10696,10779,20170702,小马宝莉中文版(23)(高清),49,0.49,动漫剧场
10696,10779,20170702,小马宝莉中文版(16)(高清),49,0.49,动漫剧场
10696,10779,20170702,小马宝莉中文版(13)(高清),49,0.49,动漫剧场
10696,10779,20170702,小马宝莉中文版(22)(高清),49,0.49,动漫剧场
10696,10779,20170702,小马宝莉中文版(26)(高清),49,0.49,动漫剧场
10696,10779,20170702,小马宝莉中文版(27)(高清),49,0.49,动漫剧场
10696,10779,20170702,小马宝莉中文版(14)(高清),49,0.49,动漫剧场
10696,10779,20170702,小马宝莉中文版(29)(高清),49,0.49,动漫剧场
10696,10779,20170702,小马宝莉中文版(31)(高清),49,0.49,动漫剧场
10696,10779,20170702,小马宝莉中文版(25)(高清),49,0.49,动漫剧场
10696,10779,20170702,小马宝莉中文版(21)(高清),49,0.49,动漫剧场
10696,10779,20170702,小马宝莉中文版(15)(高清),49,0.49,动漫剧场
10696,10779,20170702,小马宝莉中文版(20)(高清),49,0.49,动漫剧场
10696,10779,20170702,小马宝莉中文版(30)(高清),49,0.49,动漫剧场
10696,10779,20170702,小马宝莉中文版(17)(高清),49,0.49,动漫剧场
10696,10779,20170702,小马宝莉中文版(18)(高清),49,0.49,动漫剧场
10696,10779,20170702,小马宝莉中文版(24)(高清),49,0.49,动漫剧场
10696,10779,20170702,小马宝莉中文版(28)(高清),49,0.49,动漫剧场
10696,10779,20170702,小马宝莉中文版(12)(高清),49,0.49,动漫剧场
10696,10779,20170702,小马宝莉中文版(19)(高清),49,0.49,动漫剧场
10696,10779,20170703,小马宝莉中文版(37)(高清),49,0.49,动漫剧场
10696,10779,20170703,樱桃小丸子(04),49,0.49,动漫剧场
10696,10779,20170703,小马宝莉中文版(32)(高清),49,0.49,动漫剧场
10696,10779,20170703,小马宝莉中文版(40)(高清),49,0.49,动漫剧场
10696,10779,20170703,小马宝莉中文版(33)(高清),49,0.49,动漫剧场
10696,10779,20170703,小马宝莉中文版(38)(高清),49,0.49,动漫剧场
10696,10779,20170703,小马宝莉中文版(34)(高清),49,0.49,动漫剧场
10696,10779,20170703,小马宝莉中文版(39)(高清),49,0.49,动漫剧场
10696,10779,20170703,小马宝莉中文版(36)(高清),49,0.49,动漫剧场
10696,10779,20170703,小马宝莉中文版(35)(高清),49,0.49,动漫剧场
10696,10779,20170703,樱桃小丸子(03),49,0.49,动漫剧场
10696,10779,20170703,樱桃小丸子(02),49,0.49,动漫剧场
10696,10779,20170703,樱桃小丸子(01),49,0.49,动漫剧场
10696,10779,20170705,小马宝莉中文版(03)(高清),49,0.49,动漫剧场
10696,10779,20170705,小马宝莉中文版(04)(高清),49,0.49,动漫剧场
10696,10779,20170705,小马宝莉中文版(02)(高清),49,0.49,动漫剧场
10696,10779,20170707,小马宝莉中文版(45)(高清),49,0.49,动漫剧场
10696,10779,20170707,小马宝莉中文版(47)(高清),49,0.49,动漫剧场
10696,10779,20170707,小马宝莉中文版(48)(高清),49,0.49,动漫剧场
10696,10779,20170707,小马宝莉中文版(46)(高清),49,0.49,动漫剧场
10696,10779,20170707,小马宝莉中文版(50)(高清),49,0.49,动漫剧场
10696,10779,20170707,小马宝莉中文版(42)(高清),49,0.49,动漫剧场
10696,10779,20170707,小马宝莉中文版(43)(高清),49,0.49,动漫剧场
10696,10779,20170707,小马宝莉中文版(41)(高清),49,0.49,动漫剧场
10696,10779,20170707,小马宝莉中文版(44)(高清),49,0.49,动漫剧场
10696,10779,20170707,小马宝莉中文版(49)(高清),49,0.49,动漫剧场
10696,10779,20170708,小马宝莉中文版(02)(高清),49,0.49,动漫剧场
10696,10779,20170708,樱桃小丸子(05),49,0.49,动漫剧场
10696,10779,20170710,小马宝莉中文版(02)(高清),49,0.49,动漫剧场
10696,10779,20170712,小马宝莉中文版(50)(高清),49,0.49,动漫剧场
10696,10779,20170713,樱桃小丸子(01),49,0.49,动漫剧场
10696,10779,20170713,樱桃小丸子(06),49,0.49,动漫剧场
10696,10779,20170715,小马宝莉中文版(54)(高清),49,0.49,动漫剧场
10696,10779,20170715,小马宝莉中文版(55)(高清),49,0.49,动漫剧场
10696,10779,20170715,小马宝莉中文版(59)(高清),49,0.49,动漫剧场
10696,10779,20170715,小马宝莉中文版(58)(高清),49,0.49,动漫剧场
10696,10779,20170715,小马宝莉中文版(60)(高清),49,0.49,动漫剧场
10696,10779,20170715,小马宝莉中文版(51)(高清),49,0.49,动漫剧场
10696,10779,20170715,小马宝莉中文版(52)(高清),49,0.49,动漫剧场
10696,10779,20170715,小马宝莉中文版(57)(高清),49,0.49,动漫剧场
10696,10779,20170715,小马宝莉中文版(56)(高清),49,0.49,动漫剧场
10696,10779,20170715,小马宝莉中文版(53)(高清),49,0.49,动漫剧场
10696,10779,20170722,小马宝莉中文版(61)(高清),49,0.49,动漫剧场
10696,10779,20170722,小马宝莉中文版(64)(高清),49,0.49,动漫剧场
10696,10779,20170722,小马宝莉中文版(63)(高清),49,0.49,动漫剧场
10696,10779,20170722,小马宝莉中文版(62)(高清),49,0.49,动漫剧场
10696,10779,20170722,小马宝莉中文版(65)(高清),49,0.49,动漫剧场
10696,10779,20170723,小马宝莉中文版(68)(高清),49,0.49,动漫剧场
10696,10779,20170723,小马宝莉中文版(69)(高清),49,0.49,动漫剧场
10696,10779,20170723,小马宝莉中文版(70)(高清),49,0.49,动漫剧场
10696,10779,20170723,小马宝莉中文版(67)(高清),49,0.49,动漫剧场
10696,10779,20170723,魔卡少女樱(07)(高清),99,0.99,动漫剧场
10696,10779,20170723,魔卡少女樱(02)(高清),99,0.99,动漫剧场
10696,10779,20170723,小马宝莉中文版(66)(高清),49,0.49,动漫剧场
10696,10779,20170723,魔卡少女樱(04)(高清),99,0.99,动漫剧场
10696,10779,20170723,魔卡少女樱(03)(高清),99,0.99,动漫剧场
10696,10779,20170723,魔卡少女樱(06)(高清),99,0.99,动漫剧场
10696,10779,20170723,魔卡少女樱(05)(高清),99,0.99,动漫剧场
10696,10779,20170724,魔卡少女樱(10)(高清),99,0.99,动漫剧场
10696,10779,20170724,魔卡少女樱(08)(高清),99,0.99,动漫剧场
10696,10779,20170724,魔卡少女樱(13)(高清),99,0.99,动漫剧场
10696,10779,20170724,魔卡少女樱(11)(高清),99,0.99,动漫剧场
10696,10779,20170724,魔卡少女樱(12)(高清),99,0.99,动漫剧场
10696,10779,20170724,魔卡少女樱(09)(高清),99,0.99,动漫剧场
10696,10779,20170724,魔卡少女樱(14)(高清),99,0.99,动漫剧场
10696,10779,20170724,魔卡少女樱(15)(高清),99,0.99,动漫剧场
10696,10779,20170814,小马宝莉中文版(96)(高清),49,0.49,动漫剧场
10696,10779,20170814,小马宝莉中文版(98)(高清),49,0.49,动漫剧场
10696,10779,20170814,小马宝莉中文版(88)(高清),49,0.49,动漫剧场
10696,10779,20170814,小马宝莉中文版(82)(高清),49,0.49,动漫剧场
10696,10779,20170814,小马宝莉中文版(72)(高清),49,0.49,动漫剧场
10696,10779,20170814,小马宝莉中文版(71)(高清),49,0.49,动漫剧场
10696,10779,20170814,小马宝莉中文版(87)(高清),49,0.49,动漫剧场
10696,10779,20170814,小马宝莉中文版(92)(高清),49,0.49,动漫剧场
10696,10779,20170814,小马宝莉中文版(75)(高清),49,0.49,动漫剧场
10696,10779,20170814,小马宝莉中文版(80)(高清),49,0.49,动漫剧场
10696,10779,20170814,小马宝莉中文版(97)(高清),49,0.49,动漫剧场
10696,10779,20170814,小马宝莉中文版(95)(高清),49,0.49,动漫剧场
10696,10779,20170814,小马宝莉中文版(86)(高清),49,0.49,动漫剧场
10696,10779,20170814,小马宝莉中文版(77)(高清),49,0.49,动漫剧场
10696,10779,20170814,小马宝莉中文版(89)(高清),49,0.49,动漫剧场
10696,10779,20170814,小马宝莉中文版(73)(高清),49,0.49,动漫剧场
10696,10779,20170814,小马宝莉中文版(94)(高清),49,0.49,动漫剧场
10696,10779,20170814,小马宝莉中文版(85)(高清),49,0.49,动漫剧场
10696,10779,20170814,小马宝莉中文版(83)(高清),49,0.49,动漫剧场
10696,10779,20170814,小马宝莉中文版(76)(高清),49,0.49,动漫剧场
10696,10779,20170814,小马宝莉中文版(90)(高清),49,0.49,动漫剧场
10696,10779,20170814,小马宝莉中文版(81)(高清),49,0.49,动漫剧场
10696,10779,20170814,小马宝莉中文版(79)(高清),49,0.49,动漫剧场
10696,10779,20170814,小马宝莉中文版(74)(高清),49,0.49,动漫剧场
10696,10779,20170814,小马宝莉中文版(78)(高清),49,0.49,动漫剧场
10696,10779,20170814,小马宝莉中文版(93)(高清),49,0.49,动漫剧场
10696,10779,20170814,小马宝莉中文版(91)(高清),49,0.49,动漫剧场
10696,10779,20170814,小马宝莉中文版(84)(高清),49,0.49,动漫剧场
10696,10779,20170814,小马宝莉中文版(99)(高清),49,0.49,动漫剧场
10696,10779,20170815,小马宝莉中文版(100)(高清),49,0.49,动漫剧场
10696,10779,20170819,小马宝莉中文版(104)(高清),49,0.49,动漫剧场
10696,10779,20170819,小马宝莉中文版(109)(高清),49,0.49,动漫剧场
10696,10779,20170819,小马宝莉中文版(101)(高清),49,0.49,动漫剧场
10696,10779,20170819,小马宝莉中文版(105)(高清),49,0.49,动漫剧场
10696,10779,20170819,小马宝莉中文版(102)(高清),49,0.49,动漫剧场
10696,10779,20170819,小马宝莉中文版(106)(高清),49,0.49,动漫剧场
10696,10779,20170819,小马宝莉中文版(108)(高清),49,0.49,动漫剧场
10696,10779,20170819,小马宝莉中文版(107)(高清),49,0.49,动漫剧场
10696,10779,20170819,小马宝莉中文版(103)(高清),49,0.49,动漫剧场
10696,10779,20170820,魔卡少女樱(22)(高清),99,0.99,动漫剧场
10696,10779,20170820,魔卡少女樱(17)(高清),99,0.99,动漫剧场
10696,10779,20170820,魔卡少女樱(20)(高清),99,0.99,动漫剧场
10696,10779,20170820,魔卡少女樱(21)(高清),99,0.99,动漫剧场
10696,10779,20170820,魔卡少女樱(18)(高清),99,0.99,动漫剧场
10696,10779,20170820,魔卡少女樱(19)(高清),99,0.99,动漫剧场
10696,10779,20170820,魔卡少女樱(16)(高清),99,0.99,动漫剧场
10696,10779,20170820,魔卡少女樱(23)(高清),99,0.99,动漫剧场
10696,10779,20170822,小马宝莉中文版(110)(高清),49,0.49,动漫剧场
10696,10779,20170822,小马宝莉中文版(109)(高清),49,0.49,动漫剧场
10696,10779,20170824,小马宝莉中文版(111)(高清),49,0.49,动漫剧场
10696,10779,20170825,小马宝莉中文版(115)(高清),49,0.49,动漫剧场
10696,10779,20170825,小马宝莉中文版(117)(高清),49,0.49,动漫剧场
10696,10779,20170825,小马宝莉中文版(112)(高清),49,0.49,动漫剧场
10696,10779,20170825,小马宝莉中文版(116)(高清),49,0.49,动漫剧场
10696,10779,20170825,小马宝莉中文版(114)(高清),49,0.49,动漫剧场
10696,10779,20170825,小马宝莉中文版(113)(高清),49,0.49,动漫剧场
10696,10779,20170902,熊出没之夏日连连看(14)(高清),99,0.99,动漫剧场
10696,10779,20170902,熊出没之夏日连连看(18)(高清),99,0.99,动漫剧场
10696,10779,20170902,熊出没之夏日连连看(12)(高清),99,0.99,动漫剧场
10696,10779,20170902,熊出没之夏日连连看(19)(高清),99,0.99,动漫剧场
10696,10779,20170902,熊出没之夏日连连看(15)(高清),99,0.99,动漫剧场
10696,10779,20170902,熊出没之夏日连连看(17)(高清),99,0.99,动漫剧场
10696,10779,20170902,熊出没之夏日连连看(13)(高清),99,0.99,动漫剧场
10696,10779,20170902,熊出没之夏日连连看(11)(高清),99,0.99,动漫剧场
10696,10779,20170902,熊出没之夏日连连看(16)(高清),99,0.99,动漫剧场
10696,10779,20170922,小猪佩奇 第五季(07)(高清),99,0.99,动漫剧场
10696,10779,20170922,小猪佩奇 第五季(10)(高清),99,0.99,动漫剧场
10696,10779,20170922,小猪佩奇 第五季(03)(高清),99,0.99,动漫剧场
10696,10779,20170922,小猪佩奇 第五季(06)(高清),99,0.99,动漫剧场
10696,10779,20170922,一拳超人(04)(高清),99,0.99,动漫剧场
10696,10779,20170922,小猪佩奇 第五季(05)(高清),99,0.99,动漫剧场
10696,10779,20170922,小猪佩奇 第五季(02)(高清),99,0.99,动漫剧场
10696,10779,20170922,一拳超人(03)(高清),99,0.99,动漫剧场
10696,10779,20170922,一拳超人(02)(高清),99,0.99,动漫剧场
10696,10779,20170922,小猪佩奇 第五季(09)(高清),99,0.99,动漫剧场
10696,10779,20170922,小猪佩奇 第五季(04)(高清),99,0.99,动漫剧场
10696,10779,20170922,小猪佩奇 第五季(08)(高清),99,0.99,动漫剧场
10696,10779,20170923,一拳超人(05)(高清),99,0.99,动漫剧场
10696,10779,20170923,一拳超人(11)(高清),99,0.99,动漫剧场
10696,10779,20170923,一拳超人(07)(高清),99,0.99,动漫剧场
10696,10779,20170923,魔卡少女樱(36)(高清),99,0.99,动漫剧场
10696,10779,20170923,一拳超人(12)(高清),99,0.99,动漫剧场
10696,10779,20170923,一拳超人(09)(高清),99,0.99,动漫剧场
10696,10779,20170923,魔卡少女樱(35)(高清),99,0.99,动漫剧场
10696,10779,20170923,一拳超人(10)(高清),99,0.99,动漫剧场
10696,10779,20170923,魔卡少女樱(37)(高清),99,0.99,动漫剧场
10696,10779,20170923,魔卡少女樱(34)(高清),99,0.99,动漫剧场
10696,10779,20170923,一拳超人(08)(高清),99,0.99,动漫剧场
10696,10779,20170923,魔卡少女樱(20)(高清),99,0.99,动漫剧场
10696,10779,20170923,一拳超人(06)(高清),99,0.99,动漫剧场
10696,10779,20170924,魔卡少女樱(61)(高清),99,0.99,动漫剧场
10696,10779,20170924,魔卡少女樱(62)(高清),99,0.99,动漫剧场
10696,10779,20170924,魔卡少女樱(63)(高清),99,0.99,动漫剧场
10696,10779,20170924,魔卡少女樱(48)(高清),99,0.99,动漫剧场
10696,10779,20170924,魔卡少女樱(49)(高清),99,0.99,动漫剧场
10696,10779,20170924,魔卡少女樱(70)(高清),99,0.99,动漫剧场
10696,10779,20170924,魔卡少女樱(53)(高清),99,0.99,动漫剧场
10696,10779,20170924,魔卡少女樱(52)(高清),99,0.99,动漫剧场
10696,10779,20170924,魔卡少女樱(50)(高清),99,0.99,动漫剧场
10696,10779,20170924,魔卡少女樱(60)(高清),99,0.99,动漫剧场
10696,10779,20170924,魔卡少女樱(47)(高清),99,0.99,动漫剧场
10696,10779,20170924,魔卡少女樱(69)(高清),99,0.99,动漫剧场
10696,10779,20170924,魔卡少女樱(46)(高清),99,0.99,动漫剧场
10696,10779,20170924,魔卡少女樱(51)(高清),99,0.99,动漫剧场
10696,10779,20170924,魔卡少女樱(64)(高清),99,0.99,动漫剧场
10696,10779,20170926,一拳超人(03)(高清),99,0.99,动漫剧场
10697,10588,20170820,守卫者-浮出水面(05)(高清),99,0.99,精彩点
10697,10588,20170823,08月13日 熊出没之环球大冒险(高清),49,0.49,精彩点
10743,11287,20170707,【NEW】摔跤吧！爸爸(高清)(燃中带泪！三傻男主再出高分神片),999,9.99,院线大片
10746,10184,20170731,火影忍者(110)(高清),99,0.99,动漫剧场
10746,10184,20170826,【NEW】哆啦A梦：大雄的南极冰冰凉大冒险(高清)(回到10万年前),999,9.99,院线大片
10750,10036,20170820,足球小将(41)(高清),49,0.49,动漫剧场
10750,10036,20170902,变形金刚 第一季(10)(高清),49,0.49,动漫剧场
10770,10684,20170822,【NEW】哆啦A梦：大雄的南极冰冰凉大冒险(高清)(回到10万年前),999,9.99,院线大片
10770,10684,20170828,【NEW】你的名字(高清)(一场时空混乱的美丽谎言),999,9.99,院线大片
10770,10684,20170904,【NEW】绣春刀II：修罗战场(高清)(张震雷佳音飙戏，优质续作榜样),999,9.99,院线大片
10770,10684,20170908,【NEW】新木乃伊(高清)(“黑暗宇宙”揭怪物序幕),999,9.99,院线大片
10770,10684,20170916,【NEW】鲛珠传(高清)(“雌雄大盗”一起“打怪升级”),999,9.99,院线大片
10791,10600,20170804,【NEW】速度与激情8(高清)(雪地飙车，竞速潜艇),999,9.99,院线大片
10791,10600,20170913,【NEW】三生三世十里桃花(高清)(刘亦菲版“白浅”美出天际),999,9.99,院线大片
10838,10662,20170708,【NEW】摔跤吧！爸爸(高清)(燃中带泪！三傻男主再出高分神片),999,9.99,院线大片
10843,10572,20170702,【NEW】异星觉醒(高清)(外星生物现邪恶真身，极致惊悚无尿点),999,9.99,院线大片
10843,10572,20170909,【NEW】新木乃伊(高清)(“黑暗宇宙”揭怪物序幕),999,9.99,院线大片
10848,11106,20170707,中国课堂数学一年级上：乘车(上),99,0.99,少儿乐园
10848,11106,20170707,打电话(08),99,0.99,少儿乐园
10848,11106,20170707,我家住在大海边(下),99,0.99,少儿乐园
10848,11106,20170707,小学语文一年级：小母鸡种稻子(下),99,0.99,少儿乐园
10848,11106,20170708,奥特银河大怪兽之战(07),499,4.99,少儿乐园
10848,11106,20170709,神兽金刚 第一季(46),199,1.99,少儿乐园
10848,11106,20170709,变形金刚领袖之证(中)(26),499,4.99,少儿乐园
10848,11106,20170715,奥特银河大怪兽之战(13),499,4.99,少儿乐园
10848,11106,20170715,爵士兔之奇幻之旅(52),199,1.99,少儿乐园
10848,11106,20170717,奥特银河大怪兽之战(13),499,4.99,少儿乐园
10848,11106,20170717,奥特银河大怪兽之战(12),499,4.99,少儿乐园
10848,11106,20170719,奥特银河大怪兽之战(11),499,4.99,少儿乐园
10848,11106,20170720,奥特银河大怪兽之战(13),499,4.99,少儿乐园
10848,11106,20170721,奥特银河大怪兽之战(02),499,4.99,少儿乐园
10853,10001,20170831,【NEW】摔跤吧！爸爸(高清)(燃中带泪！三傻男主再出高分神片),999,9.99,院线大片
10872,11235,20170816,你好，是鹿晗吗 2016(08)：难说再见《你好，是鹿晗吗》最终集收官(高清),99,0.99,热门影视
10872,11235,20170816,你好，是鹿晗吗 2016(02)：鹿晗自曝吃货属性狂送福利(高清),99,0.99,热门影视
10872,11235,20170816,你好，是鹿晗吗 2016(03)：耿直鹿晗现场求约粉丝嗨翻(高清),99,0.99,热门影视
10872,11235,20170817,你好，是鹿晗吗 2016(07)：鹿BOSS为巡演亲自召开筹备会(高清),99,0.99,热门影视
10889,10298,20170802,【NEW】异星觉醒(高清)(外星生物现邪恶真身，极致惊悚无尿点),999,9.99,院线大片
10891,11040,20170729,【NEW】摔跤吧！爸爸(高清)(燃中带泪！三傻男主再出高分神片),999,9.99,院线大片
10891,11040,20170910,【NEW】新木乃伊(高清)(“黑暗宇宙”揭怪物序幕),999,9.99,院线大片
10907,10246,20170721,小猪佩奇 第四季(26)(高清),99,0.99,动漫剧场
10910,10425,20170716,【NEW】拆弹专家(高清)(刘德华边拆炸弹边“告白”),999,9.99,院线大片
10929,10703,20170805,【NEW】速度与激情8(高清)(雪地飙车，竞速潜艇),999,9.99,院线大片
10929,10703,20170903,【NEW】银河护卫队2(高清)(漫威史上最佳续集，解星爵身世之谜),999,9.99,院线大片
10929,10703,20170905,【NEW】悟空传(高清)(彭于晏版悟空成暴走猴子),999,9.99,院线大片
10929,10703,20170910,【NEW】新木乃伊(高清)(“黑暗宇宙”揭怪物序幕),999,9.99,院线大片
10935,10146,20170709,【NEW】摔跤吧！爸爸(高清)(燃中带泪！三傻男主再出高分神片),999,9.99,院线大片
10935,10146,20170820,美女与野兽(高清)(赫敏、大表哥，魔法古堡禁室培“爱”),999,9.99,院线大片
10936,11219,20170825,【NEW】速度与激情8(高清)(雪地飙车，竞速潜艇),999,9.99,院线大片
10936,11219,20170828,【NEW】银河护卫队2(高清)(漫威史上最佳续集，解星爵身世之谜),999,9.99,院线大片
10936,11219,20170925,【NEW】新木乃伊(高清)(“黑暗宇宙”揭怪物序幕),999,9.99,院线大片
10944,10781,20170701,博人传 火影忍者新时代(03)(高清),99,0.99,动漫剧场
10944,10781,20170701,食戟之灵 第二季(03)(高清),99,0.99,动漫剧场
10944,10781,20170718,十万个冷笑话 第三季(02)(高清),99,0.99,动漫剧场
10944,10781,20170810,在下坂本，有何贵干？(03)(高清),99,0.99,动漫剧场
10944,10781,20170810,在下坂本，有何贵干？(02)(高清),99,0.99,动漫剧场
10944,10781,20170811,在下坂本，有何贵干？(06)(高清),99,0.99,动漫剧场
10944,10781,20170811,在下坂本，有何贵干？(04)(高清),99,0.99,动漫剧场
10965,11092,20170706,【NEW】摔跤吧！爸爸(高清)(燃中带泪！三傻男主再出高分神片),999,9.99,院线大片
10965,11092,20170909,【NEW】三生三世十里桃花(高清)(刘亦菲版“白浅”美出天际),999,9.99,院线大片
10965,11092,20170923,哆啦A梦：大雄的南极冰冰凉大冒险(高清)(回到10万年前),999,9.99,院线大片
10994,10115,20170917,拆弹专家(高清)(刘德华边拆炸弹边“告白”),999,9.99,院线大片
11002,10652,20170807,【NEW】速度与激情8(高清)(雪地飙车，竞速潜艇),999,9.99,院线大片
11021,10010,20170730,【NEW】摔跤吧！爸爸(高清)(燃中带泪！三傻男主再出高分神片),999,9.99,院线大片
11021,10010,20170903,【NEW】雄狮(国语版)(高清)(奥斯卡六项提名，“平民窟”男主寻亲路),999,9.99,院线大片
11031,10777,20170807,【NEW】速度与激情8(高清)(雪地飙车，竞速潜艇),999,9.99,院线大片
11039,10460,20170820,神兽金刚 第一季(03),199,1.99,少儿乐园
11039,10460,20170820,神兽金刚 第一季(02),199,1.99,少儿乐园
11040,11310,20170702,神兽金刚 第一季(06),199,1.99,少儿乐园
11040,11310,20170702,神兽金刚 第一季(05),199,1.99,少儿乐园
11040,11310,20170702,奥特银河大怪兽之战(03),499,4.99,少儿乐园
11040,11310,20170702,06月01日 超级飞侠三,49,0.49,精彩点
11040,11310,20170702,神兽金刚 第一季(02),199,1.99,少儿乐园
11040,11310,20170702,奥特银河大怪兽之战(02),499,4.99,少儿乐园
11040,11310,20170702,06月06日 超级飞侠三,49,0.49,精彩点
11040,11310,20170729,07月28日 神兽金刚,49,0.49,精彩点
11040,11310,20170729,06月23日 神兽金刚,49,0.49,精彩点
11040,11310,20170729,07月10日 神兽金刚,49,0.49,精彩点
11040,11310,20170813,07月07日 疯狂小糖,49,0.49,精彩点
11042,10767,20170705,06月06日 超级飞侠三,49,0.49,精彩点
11042,10767,20170705,奔跑吧兄弟 第二季(12)(高清),99,0.99,精彩点
11042,10767,20170706,06月07日 熊熊乐园(高清),49,0.49,精彩点
11042,10767,20170706,07月03日 熊熊乐园(高清),49,0.49,精彩点
11042,10767,20170706,07月02日 熊熊乐园(高清),49,0.49,精彩点
11042,10767,20170712,06月28日 新大头儿子和小头爸爸(高清),49,0.49,精彩点
11042,10767,20170723,07月21日 熊熊乐园(高清),49,0.49,精彩点
11042,10767,20170727,07月23日 大耳朵图图彩色小世界,49,0.49,精彩点
11042,10767,20170730,07月26日 小猪佩奇(高清),49,0.49,精彩点
11042,10767,20170730,07月25日 小猪佩奇(高清),49,0.49,精彩点
11042,10767,20170731,07月29日 小猪佩奇(高清),49,0.49,精彩点
11042,10767,20170731,07月23日 大耳朵图图彩色小世界,49,0.49,精彩点
11042,10767,20170803,08月03日 小猪佩奇(高清),49,0.49,精彩点
11042,10767,20170803,08月02日 小猪佩奇(高清),49,0.49,精彩点
11042,10767,20170806,07月25日 小猪佩奇(高清),49,0.49,精彩点
11042,10767,20170806,08月06日 小猪佩奇(高清),49,0.49,精彩点
11042,10767,20170806,07月26日 小猪佩奇(高清),49,0.49,精彩点
11042,10767,20170806,08月05日 小猪佩奇(高清),49,0.49,精彩点
11042,10767,20170806,08月02日 小猪佩奇(高清),49,0.49,精彩点
11042,10767,20170806,08月04日 小猪佩奇(高清),49,0.49,精彩点
11042,10767,20170807,大军师司马懿之军师联盟(03)(高清),99,0.99,精彩点
11042,10767,20170807,08月07日 小猪佩奇(高清),49,0.49,精彩点
11042,10767,20170807,08月03日 小猪佩奇(高清),49,0.49,精彩点
11042,10767,20170808,07月29日 小猪佩奇(高清),49,0.49,精彩点
11042,10767,20170808,07月28日 小猪佩奇(高清),49,0.49,精彩点
11042,10767,20170808,07月26日 小猪佩奇(高清),49,0.49,精彩点
11042,10767,20170808,08月01日 小猪佩奇(高清),49,0.49,精彩点
11042,10767,20170808,大军师司马懿之军师联盟(04)(高清),99,0.99,精彩点
11042,10767,20170808,08月08日 小猪佩奇(高清),49,0.49,精彩点
11042,10767,20170809,08月03日 小猪佩奇(高清),49,0.49,精彩点
11042,10767,20170809,08月09日 小猪佩奇(高清),49,0.49,精彩点
11042,10767,20170809,08月04日 小猪佩奇(高清),49,0.49,精彩点
11042,10767,20170810,08月10日 小猪佩奇(高清),49,0.49,精彩点
11042,10767,20170810,大军师司马懿之军师联盟(07)(高清),99,0.99,精彩点
11042,10767,20170814,08月04日 熊熊乐园(高清),49,0.49,精彩点
11042,10767,20170814,08月05日 熊熊乐园(高清),49,0.49,精彩点
11042,10767,20170814,07月19日 熊熊乐园(高清),49,0.49,精彩点
11042,10767,20170814,07月18日 熊熊乐园(高清),49,0.49,精彩点
11042,10767,20170815,08月08日 小猪佩奇(高清),49,0.49,精彩点
11042,10767,20170815,08月06日 熊熊乐园(高清),49,0.49,精彩点
11042,10767,20170815,08月09日 小猪佩奇(高清),49,0.49,精彩点
11042,10767,20170815,巴啦啦小魔仙音符之谜(45)(高清),49,0.49,精彩点
11042,10767,20170815,08月07日 小猪佩奇(高清),49,0.49,精彩点
11042,10767,20170817,07月25日 小猪佩奇(高清),49,0.49,精彩点
11042,10767,20170817,巴啦啦小魔仙音符之谜(12)(高清),49,0.49,精彩点
11042,10767,20170817,07月31日 小猪佩奇(高清),49,0.49,精彩点
11042,10767,20170818,憨豆先生动画版 第二季(04)(高清),49,0.49,精彩点
11042,10767,20170818,憨豆先生动画版 第二季(05)(高清),49,0.49,精彩点
11042,10767,20170818,巴啦啦小魔仙音符之谜(30)(高清),49,0.49,精彩点
11042,10767,20170818,巴啦啦小魔仙音符之谜(31)(高清),49,0.49,精彩点
11042,10767,20170823,06月24日 棉花糖和云朵妈妈(高清),49,0.49,精彩点
11042,10767,20170823,08月12日 小猪佩奇(高清),49,0.49,精彩点
11042,10767,20170824,憨豆先生动画版 第二季(26)(高清),49,0.49,精彩点
11042,10767,20170824,憨豆先生动画版 第二季(25)(高清),49,0.49,精彩点
11042,10767,20170828,憨豆先生动画版 第二季(22)(高清),49,0.49,精彩点
11042,10767,20170908,08月13日 汪汪队立大功(高清),49,0.49,精彩点
11042,10767,20170908,07月16日 汪汪队立大功(高清),49,0.49,精彩点
11042,10767,20170910,大头儿子和小头爸爸(04)(高清),49,0.49,精彩点
11042,10767,20170910,07月23日 大耳朵图图彩色小世界,49,0.49,精彩点
11042,10767,20170910,大头儿子和小头爸爸(03)(高清),49,0.49,精彩点
11042,10767,20170910,大头儿子和小头爸爸(05)(高清),49,0.49,精彩点
11042,10767,20170917,08月19日 汪汪队立大功(高清),49,0.49,精彩点
11056,11282,20170811,【NEW】速度与激情8(高清)(雪地飙车，竞速潜艇),999,9.99,院线大片
11076,11233,20170803,大军师司马懿之军师联盟(23)(高清),99,0.99,精彩点
11085,10224,20170813,【NEW】摔跤吧！爸爸(高清)(燃中带泪！三傻男主再出高分神片),999,9.99,院线大片
11121,10230,20170813,卡斯波和丽莎(30)厨房大灾难,199,1.99,少儿乐园
11207,10352,20170828,【NEW】银河护卫队2(高清)(漫威史上最佳续集，解星爵身世之谜),999,9.99,院线大片
11220,10299,20170820,盖亚奥特曼(02),49,0.49,动漫剧场
11222,10195,20170731,地狱男爵(高清)(痴情恶魔弃暗投明),499,4.99,精彩点
11239,10040,20170730,【NEW】速度与激情8(高清)(雪地飙车，竞速潜艇),999,9.99,院线大片
11239,10040,20170820,【NEW】摔跤吧！爸爸(高清)(燃中带泪！三傻男主再出高分神片),999,9.99,院线大片
11239,10040,20170826,【NEW】女间谍(高清)(“火辣尤物”爆笑救场),999,9.99,院线大片
11244,10133,20170823,我们的爱(24)(高清),99,0.99,精彩点
11244,10133,20170823,我们的爱(23)(高清),99,0.99,精彩点
11244,10133,20170824,我们的爱(01)(高清),99,0.99,精彩点
11244,10133,20170901,那年花开月正圆(04)(高清),99,0.99,精彩点
11244,10133,20170901,那年花开月正圆(01)(高清),99,0.99,精彩点
11244,10133,20170901,那年花开月正圆(03)(高清),99,0.99,精彩点
11244,10133,20170901,那年花开月正圆(02)(高清),99,0.99,精彩点
11244,10133,20170902,那年花开月正圆(05)(高清),99,0.99,精彩点
11244,10133,20170902,那年花开月正圆(06)(高清),99,0.99,精彩点
11244,10133,20170903,那年花开月正圆(08)(高清),99,0.99,精彩点
11244,10133,20170903,那年花开月正圆(07)(高清),99,0.99,精彩点
11244,10133,20170908,那年花开月正圆(16)(高清),99,0.99,精彩点
11244,10133,20170910,那年花开月正圆(21)(高清),99,0.99,精彩点
11244,10133,20170910,那年花开月正圆(20)(高清),99,0.99,精彩点
11244,10133,20170912,那年花开月正圆(22)(高清),99,0.99,精彩点
11244,10133,20170916,那年花开月正圆(32)(高清),99,0.99,精彩点
11244,10133,20170916,那年花开月正圆(31)(高清),99,0.99,精彩点
11244,10133,20170920,那年花开月正圆(38)(高清),99,0.99,精彩点
11244,10133,20170920,那年花开月正圆(36)(高清),99,0.99,精彩点
11244,10133,20170921,那年花开月正圆(39)(高清),99,0.99,精彩点
11244,10133,20170926,那年花开月正圆(49)(高清),99,0.99,精彩点
11244,10133,20170927,那年花开月正圆(51)(高清),99,0.99,精彩点
11244,10133,20170927,那年花开月正圆(52)(高清),99,0.99,精彩点
11244,10133,20170929,那年花开月正圆(56)(高清),99,0.99,精彩点
11260,11258,20170807,【NEW】摔跤吧！爸爸(高清)(燃中带泪！三傻男主再出高分神片),999,9.99,院线大片
11262,10265,20170902,【NEW】京城81号2(高清)(四亿鬼王震撼归来，东方巫术触禁忌),999,9.99,院线大片
11270,11276,20170710,【NEW】摔跤吧！爸爸(高清)(燃中带泪！三傻男主再出高分神片),999,9.99,院线大片
11270,11276,20170718,【NEW】吃吃的爱(高清)(林志玲狠狠“掌掴”小S),999,9.99,院线大片
11270,11276,20170803,【NEW】拆弹专家(高清)(刘德华边拆炸弹边“告白”),999,9.99,院线大片
11270,11276,20170803,【NEW】速度与激情8(高清)(雪地飙车，竞速潜艇),999,9.99,院线大片
11270,11276,20170804,生化危机：终章(高清)(集结最强，战力升级),999,9.99,院线大片
11270,11276,20170814,【NEW】摔跤吧！爸爸(高清)(燃中带泪！三傻男主再出高分神片),999,9.99,院线大片
11270,11276,20170828,嫌疑人X的献身(高清)(王凯开解迷局，中国版结局谁是凶手),999,9.99,院线大片
11271,10782,20170723,【NEW】嫌疑人X的献身(高清)(王凯开解迷局，中国版结局谁是凶手),999,9.99,院线大片
11271,10782,20170803,春娇救志明(高清)(好久不见，好救不贱),999,9.99,院线大片
11325,11248,20170715,【NEW】血狼犬(高清)(狼犬大战震慑心灵),999,9.99,院线大片
