R29494,R28882
R98551,R69456
R27162,R38787
R50768,R69778
R87452,R41224
R13888,R83735
R94329,R82271
R23856,R70137
R47998,R53079
R25907,R57410
R26085,R53791
R69120,R32326
R24074,R76810
R75375,R46927
R23903,R14611
R47568,R47600
R75178,R39870
R78134,R82325
R20624,R74110
R70642,R71774
R19233,R14352
R98687,R46750
R44010,R69795
R70838,R22040
R45226,R14750
R41285,R97581
R69720,R26810
R80500,R78973
R40587,R42110
R71242,R84123
R40967,R69111
R29788,R11207
R46123,R70795
R21102,R11013
R31370,R97220
R88940,R23434
R57872,R94279
R67788,R72550
R18546,R33660
R40036,R99186
R58484,R29839
R16410,R75191
R55407,R84194
R99508,R90072
R58728,R99589
R45833,R65448
R87949,R68017
R88046,R40421
R94954,R28382
R69141,R47891
R21324,R69751
R38281,R97604
R92144,R45846
R16287,R10294
R42428,R43846
R58440,R42676
R26832,R60533
R73616,R28040
R23533,R15027
R30350,R26755
R72225,R99272
R80664,R16512
R77592,R84653
R92490,R95896
R68027,R35249
R76892,R78261
R41725,R14895
R61879,R66350
R68681,R31999
R67111,R69304
R33883,R79985
R45161,R89217
R69281,R29836
R71108,R89836
R59993,R90601
R14324,R59907
R24314,R27884
R25800,R81698
R76746,R56698
R16728,R80873
R84002,R40467
R28405,R19974
R95426,R65742
R75920,R59424
R50749,R72542
R22943,R59147
R99028,R33943
R65622,R13467
R28360,R93538
R77210,R34170
R36090,R48863
R51592,R78816
R12596,R66368
R19500,R39420
R16345,R94564
R14022,R90148
R23994,R29076
R82280,R15075
R86072,R82589
R54702,R48627
R48634,R19710
R19892,R87658
R19510,R23504
R71208,R21104
R38216,R62866
R46600,R51319
R43497,R91969
R78366,R60830
R11747,R93768
R29235,R59704
R13821,R66627
R30599,R87547
R23832,R34381
R97573,R56120
R75625,R44408
R85406,R23721
R90149,R16556
R55303,R13959
R94023,R21616
R58836,R53147
R24342,R46460
R67128,R91227
R64093,R31201
R74296,R40604
R17420,R10407
R56007,R57020
R12370,R12152
R57541,R78115
R71218,R31264
R82182,R55733
R71788,R70667
R33007,R17476
R37397,R53036
R82583,R47350
R37288,R44980
R20607,R37842
R11585,R48312
R56279,R44975
R90811,R34345
R12668,R47766
R63635,R45674
R67755,R39133
R74610,R30641
R35311,R44792
R11377,R51457
R61563,R98152
R80473,R19781
R11852,R88475
R54774,R23425
R37177,R52305
R39136,R22652
R69255,R57879
R52645,R51942
R72275,R75569
R81901,R19202
R41996,R83973
R61431,R64063
R18820,R29274
R42402,R31951
R68244,R25572
R10129,R91803
R52151,R47663
R35546,R77235
R31165,R63757
R60484,R68376
R11018,R94631
R56371,R10577
R28101,R32997
R67083,R12268
R92701,R37178
R87052,R76113
R85224,R34061
R62129,R23320
R66349,R96173
R26761,R21003
R41785,R15968
R61612,R29069
R38633,R75846
R79953,R81929
R88102,R56460
R28931,R64705
R70157,R43942
R66565,R91857
R91373,R60095
R78636,R92779
R87952,R46180
R89617,R70920
R67045,R97866
R14439,R73128
R61705,R91966
R30751,R67443
R29620,R85723
R24738,R19654
R74083,R43074
R34415,R94623
R98588,R33413
R43115,R89080
R55244,R73364
R19110,R82136
R90211,R53965
R65888,R92557
R75912,R72474
R63557,R56162
R42021,R84242
R64752,R24733
R98282,R35267
R58584,R76362
R91976,R58694
R78979,R77447
R31838,R57683
R99224,R31154
R11496,R25388
R14841,R43543
R26594,R65189
R15362,R85818
R63940,R12495
R82626,R55516
R19609,R27704
R72901,R14130
R90454,R19442
R48298,R62046
R57043,R48832
R54482,R89140
R55872,R55792
R52930,R93420
R40570,R16933
R22638,R35583
R43863,R72623
R48951,R12626
R61342,R11230
R37791,R12578
R41354,R24869
R24307,R38157
R88026,R84434
R81661,R71053
R70541,R25233
R62408,R23961
R24518,R17700
R51680,R36891
R89990,R25512
R68662,R74414
R76767,R24601
R96412,R66162
R94778,R18243
R56359,R88991
R30726,R80521
R53315,R14691
R58862,R51282
R41677,R16043
R30434,R72523
R96069,R18101
R85950,R15251
R16133,R84231
R17343,R54336
R84359,R43096
R34695,R47066
R28876,R75750
R14436,R14847
R15966,R12299
R83167,R30190
R96846,R95699
R65614,R98670
R45851,R38916
R78840,R41104
R41891,R86307
R77010,R58193
R19011,R16855
R96558,R41012
R14499,R43703
R92830,R15788
R10343,R74259
R17552,R83816
R82403,R25479
R50041,R87404
R12101,R22681
R11727,R60531
R54968,R70341
R23699,R60324
R62778,R50638
R46471,R83956
R62217,R50690
R15543,R81700
R26777,R33988
R38256,R34949
R52655,R75939
R57649,R71748
R33241,R12430
R82698,R85984
R90232,R56771
R77708,R99914
R46638,R99148
R67106,R10151
R72037,R91822
R97789,R87882
R24867,R89049
R41719,R19933
R48682,R17840
R56765,R21483
R17797,R12937
R31724,R75421
R45840,R34676
R77343,R63768
R63290,R53762
R82189,R15861
R84363,R53469
R82287,R89101
R79383,R64124
R39189,R92564
R15482,R52760
R84944,R41569
R77482,R88057
R52338,R69477
R10200,R18823
R11177,R36450
R15573,R66322
R17850,R19768
R62995,R30558
R44178,R25425
R81365,R15587
R89349,R34101
R47787,R53629
R29070,R23326
R11266,R51593
R16814,R74893
R46262,R28807
R66039,R42233
R57739,R51514
R77462,R51733
R61488,R21590
R84894,R71923
R41175,R16353
R34878,R41563
R48533,R70162
R38959,R91768
R73605,R46261
R34181,R25230
R55589,R43778
R39997,R56741
R57967,R38166
R44840,R63468
R93596,R88864
R12575,R79754
R50507,R88660
R95694,R69871
R45472,R61392
R40732,R98874
R36899,R47708
R69077,R51000
R26758,R44455
R71765,R33244
R10975,R41099
R17338,R77037
R19008,R61422
R65675,R45283
R16343,R48822
R11709,R70488
R72307,R38445
R60408,R37236
R24638,R58950
R44953,R26432
R26446,R47948
R55738,R24067
R68586,R75167
R60353,R60354
R40807,R18425
R44802,R72158
R73832,R60219
R50598,R78653
R11932,R60547
R88182,R70808
R70959,R19286
R62042,R77759
R57542,R51965
R23055,R61692
R95834,R85264
R35341,R31898
R54425,R65219
R14145,R22815
R20868,R60791
R31622,R97560
R61101,R32771
R93412,R94615
R63307,R81568
R80074,R31651
R30781,R93911
R57694,R50288
R78322,R86453
R72039,R63052
R42325,R48152
R24018,R28582
R87754,R62883
R97971,R66651
R46309,R35263
R65295,R63298
R76519,R53821
R34500,R29293
R43141,R17471
R36186,R56651
R70228,R57323
R83709,R82878
R79729,R95497
R17916,R90139
R25885,R51210
R66418,R53721
R35444,R36779
R84251,R67649
R60431,R85839
R86036,R50146
R31207,R62075
R28776,R11836
R62063,R52450
R20046,R80104
R29066,R64854
R72040,R46772
R37483,R13835
R95398,R90337
R52959,R95548
R60228,R32881
R73088,R56857
R17176,R11825
R67236,R66820
R61868,R58633
R17277,R46187
R97939,R26852
R66397,R56907
R20007,R43083
R31276,R84488
R77631,R51818
R39955,R79465
R62050,R38857
R49551,R72457
R14085,R43139
R39204,R71663
R20454,R12113
R35190,R73290
R45556,R81797
R20176,R42137
R87358,R99818
R17098,R58967
R21444,R23102
R91627,R69994
R65199,R18005
R34391,R43279
R92563,R52454
R85552,R82675
R66151,R83141
R81675,R46312
R97397,R24442
R40767,R98544
R32109,R66934
R25169,R41633
R23878,R13772
R70719,R48124
R59027,R93798
R67112,R64678
R12619,R39112
R95736,R75997
R81833,R80056
R58745,R97697
R91780,R13478
R52418,R31336
R13920,R13791
R16777,R48653
R46548,R97124
R47330,R43255
R24977,R88521
R49658,R30551
R13793,R85907
R20683,R86138
R45997,R22545
R82107,R53038
R52798,R35668
R96475,R22060
R96009,R53982
R55789,R70258
R85992,R57984
R68355,R89136
R21769,R72729
R15812,R84122
R43381,R44456
R53875,R61904
R14250,R83587
R34080,R98281
R70929,R69031
R92051,R17463
R71565,R49448
R33456,R83524
R15878,R24888
R14174,R39258
R97790,R10336
R73673,R55377
R60858,R88765
R11069,R93810
R68331,R16910
R47420,R60478
R98040,R55277
R47429,R33677
R75362,R96211
R83479,R87490
R52730,R21928
R82941,R90339
R60471,R27494
R98664,R37813
R38811,R30222
R42762,R97451
R17029,R54404
R64253,R36243
R38593,R96322
R98114,R53229
R74538,R18019
R93861,R71670
R46051,R98811
R84853,R68036
R55276,R99695
R32052,R57279
R45735,R78433
R99298,R40306
R20656,R79499
R67860,R81272
R50300,R41606
R72760,R89698
R72658,R87986
R55127,R83775
R24722,R16854
R71189,R47644
R50948,R35504
R34474,R76013
R66072,R93369
R80264,R15031
R49115,R14295
R76337,R93616
R31159,R18423
R20382,R30832
R17082,R11486
R31296,R31333
R62317,R60739
R37152,R68983
R82804,R45014
R16753,R48087
R20301,R95467
R32815,R10548
R26109,R10969
R25077,R75614
R11404,R89840
R10575,R99284
R41230,R50251
R61560,R22455
R35534,R59699
R65930,R21339
R71638,R35172
R42073,R20578
R86979,R96078
R80976,R91618
R99617,R35593
R88585,R36616
R42345,R49223
R17544,R22776
R29055,R78451
R84922,R22150
R39838,R22658
R20014,R20833
R74187,R70683
R51257,R42080
R71505,R17571
R10093,R77612
R91460,R88987
R10057,R17255
R95951,R16781
R82926,R75109
R48138,R12625
R58152,R89091
R35665,R69444
R73074,R59587
R23252,R79927
R43828,R24516
R21311,R24886
R39271,R64332
R11511,R11143
R12225,R13980
R70230,R24698
R42948,R97552
R50461,R33832
R77991,R67597
R45920,R13144
R49981,R11154
R79331,R17038
R91646,R69667
R21685,R71403
R30399,R50748
R63849,R77982
R93586,R96785
R81228,R37951
R95030,R53818
R84934,R14813
R76943,R18258
R96232,R82738
R35464,R93415
R59716,R50395
R32209,R51718
R21247,R23917
R78014,R37297
R78166,R60078
R11005,R72313
R62716,R89510
R85119,R76367
R41268,R42216
R73066,R48340
R48166,R86021
R73890,R58195
R34527,R68262
R17891,R83428
R89409,R99819
R29660,R54048
R81366,R44854
R73899,R49018
R39958,R59878
R73407,R84126
R44452,R19761
R58687,R71118
R44668,R51357
R52524,R97373
R45232,R81083
R39822,R70237
R95012,R82520
R85276,R41509
R28605,R38386
R39390,R62755
R49708,R98182
R40420,R20887
R65768,R25532
R89152,R72952
R38100,R65363
R70164,R23641
R76106,R18151
R17777,R48232
R16888,R54576
R40889,R56000
R22431,R14219
R85684,R36745
R18108,R97342
R93811,R88985
R62307,R73572
R76026,R16145
R79624,R35152
R96519,R71056
R64688,R46006
R61518,R76040
R38353,R61034
R34194,R88748
R92361,R78827
R48943,R56085
R61401,R16162
R28568,R38681
R37471,R72123
R66583,R48496
R30032,R54906
R71432,R20482
R30351,R15045
R87365,R57107
R57744,R45863
R95677,R11000
R66153,R52993
R22717,R46260
R83855,R30133
R92282,R87855
R28645,R99178
R47727,R20238
R68151,R19536
R94135,R80725
R21171,R47501
R49370,R31994
R33018,R69661
R71246,R44276
R51945,R84600
R13194,R96778
R49691,R49739
R54018,R10405
R36400,R35641
R39803,R68016
R14952,R72020
R27372,R40366
R92338,R37055
R93623,R97149
R62988,R96960
R16328,R74533
R26957,R20944
R49852,R58680
R97225,R47116
R69921,R93693
R99561,R33503
R92158,R11015
R34004,R76486
R93038,R58039
R83436,R90970
R79968,R73157
R67952,R30461
R97798,R54925
R56769,R34261
R78694,R77283
R33692,R59912
R19769,R22841
R22797,R48555
R96011,R32074
R57093,R67004
R16696,R85262
R46535,R22016
R45190,R45721
R85800,R13261
R97607,R42373
R45308,R17547
R27469,R85971
R68258,R49268
R24812,R90566
R37329,R66158
R87844,R65819
R66703,R72624
R11255,R70132
R18984,R40617
R59050,R37638
R27127,R52659
R70003,R16462
R54249,R68394
R44308,R90179
R60971,R24116
R90937,R54113
R19596,R60712
R32969,R67639
R18321,R36152
R54860,R85790
R98105,R65845
R82778,R73860
R85236,R54602
R54550,R86601
R36289,R74352
R98091,R69895
R67407,R78497
R17742,R11620
R19868,R93166
R78414,R99871
R42077,R21521
R55972,R69428
R49889,R72844
R80797,R76408
R74280,R97714
R85812,R20638
R79791,R96288
R65612,R13126
R10906,R79828
R46824,R30809
R60731,R70165
R99498,R41625
R12666,R89637
R63327,R15896
R78185,R21753
R63155,R83464
R50719,R38114
R59319,R48041
R33091,R76318
R28406,R61902
R42511,R28254
R83196,R88000
R49408,R41422
R71885,R20592
R71373,R86957
R61411,R78425
R85282,R55890
R55443,R32491
R42915,R21250
R68940,R86685
R81451,R86257
R38171,R57248
R10153,R27491
R52483,R68076
R66395,R27200
R58406,R25095
R41407,R36699
R44529,R83175
R62771,R41645
R84419,R48209
R46340,R41676
R42291,R72741
R31927,R67429
R96255,R39879
R79496,R35299
R12431,R93885
R35649,R54551
R16582,R35863
R61310,R63332
R66836,R42081
R86763,R75895
R94828,R23574
R31575,R96797
R73621,R42280
R74712,R28990
R15528,R27060
R94638,R45540
R36382,R65545
R91162,R35851
R84495,R68045
R99054,R93743
R90316,R18366
R62554,R61348
R42956,R21711
R66497,R49566
R81829,R38759
R89501,R24617
R98098,R60337
R36482,R58795
R62264,R11200
R43402,R47299
R25568,R24356
R34166,R41546
R49513,R11828
R54426,R48971
R12881,R68746
R93766,R77533
R44423,R35386
R12876,R37653
R91138,R68824
R82721,R17536
R75381,R68765
R79641,R27330
R48646,R81147
R59403,R38128
R30774,R84106
R31080,R35348
R82635,R67306
R41528,R78129
R55259,R29367
R87110,R42979
R48112,R27288
R80354,R44578
R21825,R13223
R57535,R22665
R28560,R24027
R78259,R91793
R92740,R91668
R76641,R13176
R80539,R15488
R23827,R61438
R44177,R70703
R32919,R10380
R43960,R14203
R51569,R91419
R18229,R37541
R57989,R63045
R72286,R75536
R93195,R14371
R12560,R61779
R43553,R29982
R38514,R34600
R38025,R87997
R91347,R99634
R70092,R70072
R65535,R73704
R31627,R69174
R91268,R79381
R84340,R74797
R66494,R91663
R44117,R65409
R17124,R88501
R81631,R47526
R91311,R96522
R30869,R21894
R22787,R63452
R95898,R48170
R79316,R11841
R13215,R69953
R52731,R95947
R73387,R20247
R26735,R94989
R82602,R92986
R30319,R49358
R26818,R29187
R83543,R27758
R40709,R93626
R25831,R16963
R11327,R24685
R91411,R84769
R51785,R70039
R11745,R97169
R77756,R20542
R89863,R37275
R96795,R51122
R67058,R30964
R27597,R93173
R56622,R99792
R47072,R75754
R41244,R93088
R61166,R16454
R67036,R26250
R95179,R28073
R93375,R17178
R64756,R37884
R51410,R86674
R59559,R19784
R42310,R17324
R90987,R83107
R85411,R38497
R27577,R30059
R13343,R47705
R27278,R18794
R34402,R56079
R67946,R20205
R51062,R22421
R55621,R99365
R39031,R97026
R62119,R30371
R84676,R75024
R17332,R61570
R45268,R50470
R63139,R77083
R43493,R57438
R55137,R66714
R85612,R59486
R91374,R87616
R98889,R72355
R67861,R78023
R94728,R57153
R98044,R41084
R28972,R10941
R33767,R40618
R17774,R32657
R15859,R38481
R23276,R35333
R83879,R97349
R34662,R68232
R47962,R80405
R92987,R27110
R76656,R93691
R84978,R34514
R42463,R13153
R88416,R45979
R32151,R75274
R10716,R66019
R24390,R26422
R21193,R91181
R98410,R48840
R28572,R83498
R39851,R99478
R58758,R16182
R61863,R28753
R81687,R37555
R86409,R74833
R21834,R16633
R61594,R89992
R23232,R62831
R90004,R36959
R83255,R66716
R96001,R22130
R93892,R24459
R47427,R88938
R28027,R65652
R18172,R61465
R68979,R41852
R93143,R25337
R15230,R33045
R75679,R22836
R33135,R70744
R10755,R43739
R82172,R18411
R62829,R78141
R60486,R12671
R47238,R40528
R32608,R10331
R40259,R86635
R88070,R50521
R18632,R60494
R58509,R85664
R16890,R74308
R22369,R91608
R18606,R34671
R66802,R34967
R21071,R82489
R84285,R23172
R16424,R98579
R69008,R67930
R49412,R55907
R83121,R19111
R21746,R62478
R22266,R83170
R68634,R39575
R27332,R34488
R43984,R60679
R97240,R53726
R76610,R84328
R26964,R54081
R57561,R72712
R78615,R58426
R96889,R68683
R59804,R93039
R73550,R51405
R69242,R12021
R57335,R85773
R40442,R74649
R42672,R30261
R48632,R54614
R81048,R12471
R95423,R22494
R63301,R98433
R51628,R56594
R76725,R26221
R84777,R79556
R42613,R21649
R41147,R73734
R69487,R11837
R27044,R58211
R18461,R30640
R19035,R44706
R77261,R80484
R20069,R36958
R44708,R54092
R70639,R13903
R76215,R15392
R76175,R20792
R95099,R11205
R23926,R41943
R85143,R71763
R67108,R90364
R64743,R32764
R83842,R54763
R75729,R89184
R11465,R26771
R61135,R27169
R15252,R50087
R32728,R97886
R41259,R49932
R15449,R91235
R42406,R83389
R73143,R18522
R89751,R96935
R99350,R89310
R65464,R72722
R43366,R47227
R62279,R11665
R39099,R80917
R72830,R40511
R43633,R99250
R76427,R30429
R93949,R55770
R54638,R95441
R71365,R84791
R84019,R30292
R61622,R62654
R85908,R44471
R87773,R26728
R48959,R82817
R25580,R74931
R17233,R17131
R47500,R58411
R11741,R93178
R28082,R25254
R66967,R40953
R16052,R67238
R56577,R71120
R48032,R73565
R94694,R70398
R77130,R32279
R74539,R57846
R75348,R64458
R34871,R62887
R35787,R55561
R58912,R21038
R82074,R45352
R63869,R26576
R23509,R85195
R42250,R62626
R75854,R14635
R54090,R17138
R25041,R14901
R73109,R97198
R74889,R30194
R99989,R45189
R64492,R46814
R44886,R89846
R12831,R83351
R37385,R36981
R53768,R69258
R17775,R91926
R17342,R99791
R70597,R93024
R33964,R60959
R96857,R29310
R55827,R31956
R14035,R82687
R31083,R77503
R48992,R38808
R89328,R75138
R14894,R47788
R53132,R14741
R89700,R99661
R95431,R59721
R67260,R40505
R55663,R37090
R85623,R96400
R90840,R11948
R96483,R89899
R11861,R55594
R50737,R47655
R54093,R28962
R21803,R96484
R73936,R82889
R81947,R69441
R14234,R57840
R48248,R31500
R95606,R75176
R64227,R86788
R74076,R36109
R82314,R27178
R79044,R77118
R61801,R87654
R94098,R45904
R99806,R96321
R69069,R72534
R84396,R96850
R60320,R85080
R60224,R37784
R11943,R13568
R50349,R18373
R11236,R62159
R83252,R92695
R67891,R95968
R18339,R23495
R84891,R91396
R39321,R83098
R60493,R11185
R55842,R74036
R77127,R63952
R97880,R56029
R74491,R56759
R12675,R19648
R86556,R98364
R92532,R61748
R39745,R93026
R22117,R49887
R94957,R46819
R78596,R80278
R90484,R30373
R51003,R21088
R11499,R34420
R68704,R53884
R16100,R99398
R37665,R51510
R88123,R38208
R33402,R87843
R46781,R68401
R39674,R31212
R45431,R30239
R89707,R36535
R63207,R61798
R67251,R74370
R39318,R14581
R18795,R54218
R84132,R54361
R51093,R56691
R99519,R68548
R66110,R77441
R27133,R51016
R50363,R85661
R47056,R56499
R47581,R32493
R14060,R39170
R78489,R15907
R54886,R63223
R91893,R93525
R58339,R69845
R79812,R90683
R93271,R84953
R82846,R88005
R76303,R25436
R26581,R12608
R51179,R38700
R96534,R77825
R53780,R10060
R59113,R41761
R27303,R15067
R94045,R64748
R39064,R57738
R59485,R58048
R11430,R31246
R26074,R11227
R37817,R99835
R45819,R97584
R73883,R99155
R85953,R73982
R80071,R17864
R94495,R30114
R13600,R46191
R75267,R42680
R66858,R90487
R67040,R27521
R91309,R90693
R68812,R92668
R38798,R93372
R60900,R26317
R22608,R64339
R46567,R13012
R22527,R34197
R80486,R62732
R57757,R78552
R19017,R26706
R13895,R49964
R69618,R72515
R28831,R29500
R94742,R79769
R16085,R22420
R98775,R61568
R21937,R89215
R69788,R76004
R79877,R64444
R42232,R83238
R87792,R13596
R74774,R13222
R39981,R98960
R20900,R97984
R32653,R87077
R49876,R89584
R79957,R45405
R92239,R41736
R91998,R83322
R33685,R16711
R97088,R59977
R32106,R33421
R96756,R39275
R17809,R64343
R76305,R94205
R34221,R42287
R22581,R63049
R40841,R36498
R80833,R11786
R41562,R77044
R28091,R76964
R71807,R99138
R32912,R95300
R57636,R28859
R26158,R49879
R77831,R88651
R35043,R37556
R59669,R22978
R33330,R95642
R58787,R56364
R50549,R62232
R39328,R40204
R46307,R88078
R52868,R24404
R67826,R35146
R57269,R50481
R39217,R23892
R63956,R71206
R83776,R71308
R77781,R16755
R81305,R35060
R10908,R21600
R50360,R81578
R23548,R75171
R95247,R50767
R11546,R19476
R93989,R23009
R96352,R15817
R60277,R87860
R81658,R10804
R77721,R56190
R83449,R77013
R98095,R56167
R19370,R49765
R69303,R22955
R38371,R59754
R13232,R38869
R68128,R54553
R13265,R69581
R58545,R86735
R11035,R93136
R97614,R48772
R38184,R62341
R26028,R61635
R54515,R36340
R62074,R19457
R29040,R69125
R59152,R95137
R25273,R90098
R26940,R77547
R81664,R84095
R75787,R25570
R22473,R24536
R13968,R64980
R18988,R70621
R82305,R66383
R84878,R57720
R86116,R80803
R23469,R73293
R27738,R53511
R54758,R39077
R54116,R49083
R40371,R84360
R54347,R34411
R28095,R59377
R30502,R35737
R85296,R78109
R30020,R26010
R61254,R70521
R49882,R48567
R32284,R13854
R23058,R26668
R97403,R33109
R40646,R86342
R25159,R28246
R84880,R76996
R34647,R46273
R26066,R13110
R26412,R13423
R38321,R42813
R50784,R62251
R68576,R89257
R71732,R45992
R49202,R50905
R56926,R96729
R97594,R11722
R88902,R93214
R83326,R22424
R88595,R13016
R31608,R27931
R62759,R68627
R65827,R26598
R84523,R40484
R13598,R52216
R34410,R74812
R47846,R98603
R66862,R87227
R33369,R41511
R39926,R21244
R55558,R78903
R67182,R42894
R42346,R27800
R54633,R74252
R77500,R73234
R68000,R79899
R45192,R49185
R19417,R77727
R32623,R15586
R41317,R55913
R22756,R43971
R74847,R58941
R74079,R85538
R72524,R11169
R71192,R17877
R52167,R43037
R70969,R79130
R51860,R56150
R10692,R80101
R19005,R19377
R40298,R31534
R86680,R55509
R30322,R82029
R50145,R29541
R54281,R23251
R25716,R45982
R10320,R83625
R85624,R47523
R61308,R23621
R96776,R23830
R76027,R83406
R49896,R17113
R20925,R55010
R27281,R95974
R86456,R78254
R90106,R10317
R53302,R88499
R66049,R60199
R20457,R18808
R86373,R94693
R70136,R55475
R43825,R76114
R82924,R31932
R53446,R67118
R96138,R35111
R60383,R50687
R74773,R82453
R50261,R30631
R52384,R81421
R15210,R16954
R78198,R67666
R88656,R89817
R40857,R53756
R65599,R87256
R69023,R15290
R40783,R60602
R63230,R25020
R72935,R51381
R66649,R52677
R62258,R25719
R20469,R92352
R59686,R52857
R54489,R27089
R23454,R93494
R38843,R80609
R26425,R57261
R61683,R15506
R49709,R12172
R74943,R31167
R27686,R86814
R12033,R53871
R77675,R53273
R92080,R16316
R91782,R44553
R55286,R43631
R57591,R94972
R72742,R77964
R45057,R18775
R56649,R30966
R61722,R94570
R79819,R17154
R55506,R28903
R81827,R54829
R96414,R15666
R88564,R32602
R65036,R10840
R24070,R18309
R97456,R27522
R33499,R40482
R52356,R18793
R85980,R71160
R77813,R25751
R33395,R74039
R73348,R47173
R40501,R59970
R18399,R57916
R81868,R10142
R12165,R21630
R81703,R25199
R54929,R73732
R66357,R59141
R37191,R63959
R14979,R28251
R89171,R47618
R91137,R42169
R18610,R64488
R75738,R70616
R26522,R98698
R40864,R39680
R89602,R12327
R45348,R11146
R79719,R74856
R81638,R46838
R53126,R55911
R75962,R70463
R35420,R18748
R29014,R31358
R93359,R98018
R47317,R33270
R29870,R48105
R92893,R84364
R72660,R18030
R35383,R97152
R59610,R18578
R91088,R77961
R86764,R53632
R68734,R11276
R54310,R61771
R47180,R24082
R18000,R65460
R32934,R90853
R45363,R31790
R77614,R58189
R27019,R52797
R41158,R41447
R81765,R62595
R31690,R45615
R32742,R31033
R75435,R51534
R12664,R29081
R93851,R55795
R96304,R50730
R87314,R52155
R59169,R11484
R41033,R84059
R63738,R51930
R26282,R41077
R91023,R37803
R40555,R12269
R68971,R39655
R22199,R58094
R66605,R23532
R88447,R65835
R26571,R74306
R46421,R96804
R68508,R80771
R22981,R77075
R84504,R46981
R37098,R79001
R85047,R54224
R24231,R54588
R88458,R11766
R65118,R54115
R62503,R31771
R80795,R74760
R98641,R48741
R88689,R40983
R65531,R41548
R36178,R19278
R87426,R89033
R38837,R43583
R15958,R23090
R66289,R11142
R57423,R12714
R98918,R70007
R67199,R47904
R11483,R66209
R71238,R23679
R63807,R91341
R15634,R50695
R33155,R90404
R18888,R79144
R86283,R35777
R18583,R43854
R61929,R49522
R36617,R40483
R11410,R82755
R98967,R63544
R74858,R84736
R23987,R55235
R97496,R42712
R70875,R54279
R35243,R17467
R32566,R70090
R93745,R34626
R61200,R14802
R50751,R33288
R94216,R63599
R41180,R95476
R39960,R15157
R49429,R46220
R81653,R67624
R95790,R35074
R60313,R52131
R62257,R31436
R91909,R34146
R16416,R79514
R69292,R52734
R53088,R82549
R54565,R91386
R29720,R23410
R93635,R61195
R82116,R31194
R43482,R14227
R90976,R69982
R34718,R47678
R29713,R75903
R48407,R58813
R44101,R92277
R85088,R59288
R44939,R54234
R51895,R35582
R78513,R53496
R41588,R91251
R75785,R93389
R30093,R88305
R49454,R63413
R99682,R11851
R14964,R70520
R46830,R12886
R21016,R77145
R57161,R32886
R18115,R17087
R35763,R80194
R14028,R17251
R68329,R13523
R97644,R95121
R62376,R94759
R66647,R52492
R61673,R36904
R36246,R43271
R71619,R71481
R12170,R31406
R58780,R93484
R74955,R15208
R36896,R79889
R85572,R12080
R83216,R93699
R30948,R78377
R47690,R23070
R41380,R41853
R25255,R42945
R62226,R25975
R56241,R59325
R13822,R82896
R18925,R42833
R12307,R45471
R42742,R46832
R38195,R40749
R21741,R64620
R14308,R54953
R22935,R44460
R86400,R93240
R55515,R24796
R40154,R52682
R34589,R82830
R42303,R44504
R26891,R39529
R49657,R80902
R10873,R86156
R67348,R66242
R33536,R81409
R93595,R96779
R33008,R30530
R35160,R39038
R42831,R72927
R91315,R18634
R63403,R40829
R18361,R89552
R71721,R48300
R54144,R53568
R37763,R96967
R18337,R42344
R32750,R35151
R58298,R59336
R65859,R72463
R28302,R82890
R33067,R81316
R41651,R89553
R29084,R65543
R69742,R29837
R12528,R98422
R29019,R29787
R27335,R24577
R62751,R93172
R48980,R80292
R74341,R75774
R96734,R89329
R22309,R77374
R25505,R79260
R65582,R46767
R30661,R99809
R49931,R20867
R27172,R79487
R11591,R73182
R70705,R70175
R40120,R89407
R17035,R21446
R73158,R90921
R58187,R94943
R79056,R22053
R58910,R92818
R61394,R70399
R96765,R61479
R80904,R17149
R22615,R37105
R65589,R12762
R82915,R15960
R69333,R59628
R72362,R44847
R59090,R31379
R36632,R26607
R40405,R52885
R62619,R88138
R31686,R43440
R58383,R47099
R75764,R35537
R25710,R81378
R11259,R86153
R53228,R71636
R28361,R25368
R40116,R34782
R94561,R91541
R29396,R24763
R74535,R54732
R41536,R90880
R16859,R57227
R78869,R10977
R11487,R83788
R28864,R46144
R94149,R76710
R53098,R73047
R19656,R71442
R92618,R33225
R94110,R18303
R35154,R56280
R50844,R95174
R74928,R59589
R10512,R15407
R25967,R31116
R66440,R85785
R40322,R87394
R37678,R33948
R29878,R19281
R75181,R48874
R42957,R97750
R28242,R15028
R83278,R37434
R55289,R42491
R52921,R86981
R75140,R71003
R44304,R89318
R79259,R78468
R65136,R77062
R59565,R83507
R88483,R35441
R57692,R62451
R96179,R51269
R49414,R91749
R83995,R26460
R16852,R35584
R15665,R54165
R64710,R57277
R95547,R55170
R97380,R42231
R46059,R24642
R46873,R71309
R59997,R40278
R57272,R37375
R47685,R48254
R37002,R97354
R78691,R17922
R68317,R81923
R51603,R27814
R99749,R21618
R65746,R75779
R76185,R20002
R87690,R99083
R84074,R58109
R83312,R14041
R70730,R76818
R85906,R16216
R49557,R91020
R77137,R54813
R98771,R75550
R61527,R90254
R67432,R23057
R45760,R32534
R19221,R49782
R43055,R20609
R61882,R14990
R85208,R85770
R58288,R38038
R58850,R91296
R87088,R55079
R26512,R71740
R30031,R82233
R75677,R30229
R74678,R20164
R34438,R12895
R17294,R85593
R48326,R57783
R96962,R95219
R87104,R99976
R19707,R17637
R28922,R18039
R51671,R63335
R58721,R77117
R88315,R92107
R84606,R64828
R72349,R19630
R78342,R56738
R98888,R88806
R26488,R40846
R95539,R17316
R19992,R19211
R65847,R66336
R14271,R80062
R66108,R75602
R67047,R51310
R97432,R43561
R98461,R77763
R49035,R37601
R66762,R92909
R33163,R85502
R80140,R49109
R62569,R34075
R84588,R74621
R55394,R34957
R72315,R97292
R84738,R65278
R80701,R58842
R66915,R47755
R83733,R33412
R16125,R64670
R22479,R80922
R48871,R62828
R23452,R13339
R13204,R99547
R81473,R19939
R62276,R80975
R26731,R44826
R96783,R83396
R82523,R69537
R95891,R91530
R18646,R56113
R34332,R42514
R97401,R41669
R85686,R29833
R29108,R97317
R77144,R59054
R39437,R10803
R35103,R31998
R68813,R21886
R29595,R51206
R28111,R69049
R10371,R54511
R55078,R36659
R25949,R24592
R77251,R64449
R48878,R49492
R15567,R72169
R90792,R73101
R58560,R89797
R23303,R38531
R21506,R28369
R43352,R36294
R22735,R84433
R86883,R71819
R98841,R54128
R24661,R19368
R53890,R42650
R88814,R90953
R40146,R31127
R15805,R21046
R19501,R80547
R27040,R38225
R28338,R64960
R16841,R99458
R38103,R26670
R65173,R14456
R83937,R91642
R73172,R75821
R31390,R13660
R93473,R71102
R69227,R54330
R72843,R57502
R36154,R35624
R44828,R37305
R25544,R38373
R32791,R70680
R48383,R13984
R70213,R50351
R96198,R94421
R66255,R61301
R16361,R96654
R18441,R28682
R81816,R30489
R67159,R29744
R80261,R73281
R88118,R39027
R36302,R82509
R80265,R71686
R63402,R79227
R62578,R99964
R36925,R34282
R45179,R61418
R24755,R66682
R50207,R33353
R46385,R58591
R58924,R69197
R68620,R70246
R16945,R63721
R53138,R72328
R89126,R33463
R79503,R94312
R64872,R51709
R75744,R57990
R62494,R53007
R77700,R16455
R87233,R84394
R99291,R93056
R83512,R87270
R15112,R23262
R86682,R36991
R99042,R27745
R79866,R43636
R25284,R81837
R87807,R35039
R28188,R91833
R54147,R15751
R89211,R89943
R67589,R12426
R42003,R49835
R86419,R81068
R10655,R37438
R20027,R70048
R37754,R11822
R88756,R68483
R18082,R76041
R99104,R79603
R78745,R22544
R63138,R15315
R24525,R27585
R13354,R16591
R46748,R87694
R36344,R12279
R70507,R98198
R81930,R64807
R20577,R24990
R65685,R41254
R20970,R65808
R19228,R10114
R54737,R52271
R66489,R10559
R81657,R55833
R42679,R57625
R18628,R34812
R13925,R85300
R66805,R31561
R42192,R44403
R74467,R78891
R74161,R21947
R55105,R97003
R68412,R85011
R98583,R25590
R97996,R31791
R20884,R83357
R38560,R12594
R22068,R86432
R38069,R46782
R64223,R72264
R75731,R31605
R41003,R46925
R36329,R73255
R63072,R37854
R40591,R27619
R23638,R52533
R79795,R56228
R42343,R20653
R95785,R92356
R32215,R41685
R11032,R27280
R65183,R56717
R52555,R63076
R20990,R82146
R39035,R78769
R13707,R91841
R50759,R26187
R85475,R18763
R43287,R85898
R93406,R77048
R53609,R99069
R98676,R42243
R98958,R73345
R13485,R97176
R71532,R53220
R62200,R66911
R14919,R90197
R67499,R43591
R56543,R98499
R43223,R27293
R26082,R88966
R58154,R69497
R80268,R34281
R29913,R44257
R78952,R39647
R86304,R48665
R51549,R23073
R66630,R99953
R84587,R65674
R23312,R19353
R98825,R43205
R31140,R28566
R47423,R60174
R36395,R57412
R55232,R35483
R55191,R16098
R70288,R33455
R15076,R96273
R27258,R24232
R37354,R89575
R60870,R79186
R38173,R29773
R89262,R73809
R78216,R98784
R16658,R91576
R23845,R10243
R57824,R72126
R67049,R81985
R31388,R32512
R46725,R41890
R66520,R93797
R49979,R19972
R20854,R72862
R55108,R36210
R96209,R94796
R83659,R53365
R38452,R63030
R38030,R21532
R52592,R18918
R42032,R99723
R43672,R38106
R38544,R81033
R78671,R54857
R61567,R54267
R18403,R28232
R20543,R33995
R37291,R60780
R31472,R65929
R39222,R81528
R83722,R38104
R32476,R52805
R63489,R15689
R55345,R16970
R92980,R40296
R17216,R50935
R93816,R86618
R88030,R29292
R93984,R27387
R96049,R79419
R30712,R23330
R61427,R84370
R44091,R91691
R93424,R17197
R29409,R37470
R12816,R85049
R32499,R31503
R77067,R36870
R46551,R88175
R80581,R22325
R67728,R10936
R80408,R89183
R13226,R69257
R40337,R85001
R10752,R33876
R69672,R93478
R90045,R86574
R19923,R26948
R72171,R53237
R18011,R74536
R17674,R67539
R82334,R54622
R93286,R61234
R18016,R50722
R53770,R97020
R79154,R46185
R28431,R93879
R97168,R55046
R64787,R33863
R54241,R92020
R77173,R45151
R23646,R20820
R95017,R41464
R50801,R22535
R71069,R49810
R71744,R14757
R72725,R79147
R10399,R16902
R55174,R96539
R20409,R25517
R90356,R16893
R62037,R23241
R73851,R16686
R28701,R50518
R71546,R50913
R46146,R72846
R26537,R46996
R26140,R64953
R63239,R52335
R25296,R23691
R22174,R99562
R99443,R65451
R43214,R24006
R20809,R14013
R50064,R25399
R85911,R85587
R43844,R77449
R94849,R27177
R44911,R51749
R68055,R93197
R35269,R76949
R22467,R48139
R88816,R23740
R20860,R64811
R96424,R58243
R29915,R53887
R22531,R86306
R14840,R93106
R37980,R74709
R49025,R22345
R85764,R92634
R10855,R39448
R59527,R81438
R19958,R76081
R37396,R81466
R46352,R54903
R20273,R74770
R95414,R55136
R73324,R33958
R55724,R66437
R52908,R76283
R58428,R86206
R50017,R39302
R33895,R88308
R69128,R45330
R56935,R58570
R82976,R43043
R17660,R46213
R65803,R29630
R63758,R58102
R89504,R85504
R46687,R92293
R38235,R17515
R92097,R99046
R57312,R53096
R39707,R90556
R43676,R62004
R91874,R56131
R24573,R10232
R42960,R47018
R83542,R70031
R80197,R43479
R68794,R45758
R95881,R80963
R92327,R85878
R72548,R40307
R20097,R60169
R22691,R73090
R41468,R93838
R23941,R59693
R52662,R61939
R23140,R88376
R27603,R19965
R48521,R79824
R21657,R63605
R48510,R96019
R54095,R13899
R96757,R95684
R39641,R34073
R69467,R95013
R54460,R72955
R86479,R70908
R90610,R87929
R69999,R59450
R78545,R11343
R33260,R93604
R20461,R89154
R52071,R63104
R95759,R49706
R10887,R56602
R69673,R66046
R28954,R90223
R87609,R83318
R53127,R91917
R60504,R52915
R67720,R16577
R61191,R94162
R61776,R37907
R11823,R85437
R40897,R45796
R34737,R30385
R34334,R83723
R21827,R11157
R78665,R69717
R28774,R98650
R72928,R77361
R11395,R33448
R73025,R63387
R96655,R35032
R33622,R99919
R67192,R30909
R58719,R32702
R68296,R99847
R56506,R32760
R17071,R79065
R85966,R25328
R73699,R14914
R91503,R93822
R78399,R43275
R29731,R58204
R81535,R66648
R71867,R38231
R12658,R56114
R98023,R10077
R89977,R19512
R26710,R34314
R45731,R76635
R33362,R52511
R73205,R39234
R82388,R50610
R85871,R11677
R77355,R21203
R74576,R22410
R57638,R39034
R97085,R43302
R74505,R22873
R20401,R95592
R29559,R69718
R10009,R60485
R14541,R31672
R83432,R37777
R50783,R78411
R53774,R17468
R72753,R27373
R84026,R84412
R27888,R14596
R10659,R58811
R58369,R92234
R75766,R96465
R31163,R95373
R94724,R23309
R44692,R18204
R64108,R84185
R35320,R87496
R74572,R44603
R33052,R38601
R60427,R44930
R13462,R51451
R99285,R51883
R75890,R88666
R13516,R24951
R40607,R53423
R36918,R17594
R14820,R34991
R73452,R74415
R77021,R19878
R98832,R56154
R36404,R54207
R16957,R73223
R38623,R97165
R85638,R64772
R18240,R77889
R71284,R62332
R59860,R51204
R91524,R17506
R15601,R59431
R30795,R23975
R60090,R49067
R52903,R98807
R48154,R43741
R97454,R80790
R99546,R32516
R75072,R29658
R18665,R15767
R71377,R39197
R21241,R83678
R99506,R14084
R98324,R99831
R46084,R54729
R88953,R66214
R11325,R69438
R13108,R92103
R37596,R36003
R97792,R85973
R49855,R60746
R67978,R46998
R11867,R96472
R85270,R88003
R88090,R53765
R30071,R97582
R44612,R73555
R27936,R25198
R64151,R63367
R38102,R16503
R75811,R24502
R78539,R71871
R53212,R10841
R68265,R89174
R79097,R26383
R84977,R68958
R44748,R82547
R13534,R80633
R16292,R28186
R62822,R18033
R20798,R88098
R22430,R78928
R31046,R51308
R95835,R50591
R80033,R63078
R36862,R41163
R47361,R60124
R19104,R31612
R18718,R66765
R15880,R84787
R49031,R40375
R20778,R65923
R81243,R39073
R69288,R87567
R39303,R29550
R44020,R83677
R20201,R58634
R39675,R47323
R13972,R60453
R90881,R42453
R10942,R52243
R95183,R69017
R50803,R55854
R63090,R63308
R14413,R52038
R15925,R38631
R71297,R19440
R14933,R18644
R19402,R30771
R42401,R57409
R40256,R15516
R47220,R87460
R68299,R68877
R62064,R30421
R88108,R43989
R86268,R82998
R36485,R55081
R81838,R37746
R77170,R70046
R31877,R84801
R91973,R91321
R72343,R33932
R30773,R92213
R30235,R81107
R96200,R35850
R96064,R45683
R87368,R53707
R93804,R53411
R17788,R60209
R24549,R78804
R73335,R33971
R85081,R17389
R17479,R61783
R81178,R98685
R55207,R62334
R52025,R41379
R65555,R70360
R35858,R49638
R21576,R78519
R79475,R43531
R69785,R91912
R91209,R78886
R36077,R51736
R66943,R21926
R40691,R46912
R96982,R17588
R62557,R45008
R77081,R21439
R52568,R52013
R83666,R15906
R48924,R54658
R42764,R69037
R90495,R15074
R82063,R65995
R63794,R53690
R46265,R44767
R40886,R15870
R45661,R19919
R54507,R12481
R35485,R53631
R57870,R74031
R60643,R85493
R43690,R54541
R88276,R82420
R34907,R39611
R38336,R96165
R50649,R44716
R95953,R93232
R61258,R92919
R89384,R57313
R11113,R52929
R85258,R24045
R89757,R69678
R16563,R39545
R92380,R66512
R29593,R32706
R57220,R85691
R53278,R77976
R19863,R43011
R53658,R71162
R16426,R39767
R37286,R49162
R80293,R53067
R57813,R18619
R23439,R67679
R85394,R29988
R13814,R99585
R51416,R58944
R76849,R22868
R73024,R10427
R51620,R44705
R94043,R86102
R62601,R64937
R50131,R57364
R87522,R26000
R13740,R43705
R55026,R23595
R99324,R61496
R58511,R78761
R32730,R23787
R33048,R89485
R37421,R63232
R40129,R82858
R54054,R32332
R35078,R78033
R81377,R17580
R61351,R24128
R96627,R92435
R62080,R39606
R72083,R89075
R22599,R76548
R78530,R13915
R11101,R60460
R53279,R71019
R33544,R50142
R16737,R96814
R63537,R71191
R75603,R64400
R49867,R25177
R39294,R23114
R85126,R27031
R12844,R93034
R34423,R75022
R38191,R28081
R25398,R10619
R45166,R78240
R37856,R28472
R89534,R67609
R13312,R20735
R48126,R30378
R24544,R83001
R22700,R96253
R74545,R91027
R89718,R24198
R10790,R92407
R33521,R70095
R92864,R92438
R21484,R80151
R81904,R29128
R56283,R17410
R77332,R81819
R61826,R95566
R17498,R78686
R91913,R23636
R68504,R15591
R49098,R53529
R93035,R10985
R84844,R74226
R51230,R60311
R46172,R13221
R73325,R51693
R35978,R44870
R72146,R69208
R51817,R15016
R13996,R50490
R47839,R54356
R16876,R85715
R35192,R86441
R91409,R37897
R51483,R71769
R34749,R59938
R13026,R72062
R94879,R76231
R10781,R94428
R90785,R28936
R28968,R40148
R51606,R30200
R58072,R82550
R87794,R58920
R98829,R66933
R62633,R78470
R92777,R31204
R58599,R53712
R65302,R29641
R64741,R50944
R74645,R65849
R40113,R90432
R84960,R41650
R47701,R36020
R87580,R84352
R61333,R57124
R35206,R97089
R40179,R47779
R80684,R10187
R86566,R15786
R12994,R96506
R37495,R16660
R21744,R10878
R14507,R24505
R80032,R72688
R11895,R82451
R21996,R85085
R40976,R81666
R10402,R70635
R51699,R17259
R69584,R14633
R60128,R68078
R26384,R79616
R48438,R38174
R79141,R72168
R68205,R11938
R98703,R45557
R18635,R20472
R42822,R47561
R53889,R37520
R64650,R84277
R18437,R54798
R65180,R28165
R67525,R87734
R76112,R75983
R11780,R72130
R80573,R55083
R97855,R39656
R18999,R94191
R69341,R56466
R81716,R94018
R48991,R29898
R61210,R94812
R64258,R48511
R19856,R72447
R68992,R87568
R86244,R77120
R20818,R69029
R78413,R34333
R43006,R92910
R69144,R35110
R19873,R32361
R85749,R81037
R87584,R85546
R27470,R28388
R81821,R58073
R19503,R91119
R67524,R15927
R97653,R16968
R63822,R30714
R41340,R47053
R12823,R57580
R79101,R43481
R21114,R49903
R11615,R98214
R56056,R50574
R32197,R58491
R38991,R65753
R94941,R79830
R62551,R71828
R64589,R96006
R30616,R13167
R15771,R88843
R14970,R34615
R85913,R51495
R24552,R79063
R37201,R16475
R63769,R18311
R96751,R87423
R95107,R18335
R48141,R22169
R60728,R98002
R27218,R18376
R56226,R82173
R87318,R43969
R67885,R77140
R92700,R29981
R78566,R25698
R12413,R83581
R48370,R85892
R53803,R40537
R88374,R29193
R21770,R92567
R10489,R51076
R76496,R73093
R73969,R19504
R56347,R76606
R13475,R71553
R87099,R61506
R80920,R78931
R19741,R56012
R45463,R36396
R58544,R98550
R49251,R82682
R17065,R25157
R24406,R10286
R15404,R55622
R51264,R62209
R34843,R33160
R50898,R27808
R42460,R13185
R64011,R47070
R47532,R79437
R67147,R55462
R27243,R98947
R79814,R60161
R45452,R18456
R17798,R28484
R66635,R74504
R65679,R55297
R99923,R35812
R43273,R89606
R32464,R23405
R73070,R29957
R92412,R61349
R95274,R44777
R76877,R16211
R65203,R75296
R65997,R78614
R55085,R89970
R71944,R19671
R25122,R43832
R76264,R18377
R64553,R14264
R98556,R44079
R84459,R40170
R44875,R71378
R26986,R52520
R77187,R93853
R11390,R58066
R47893,R82237
R60362,R70538
R65067,R24554
R66114,R26720
R97703,R33976
R60988,R13901
R20279,R22484
R60990,R88948
R33308,R36975
R18774,R36778
R65506,R33595
R76126,R50628
R28475,R95853
R33745,R83384
R21190,R83408
R64781,R59765
R26262,R14708
R56916,R66751
R72667,R21547
R77479,R31066
R30646,R74807
R38543,R49218
R90039,R89573
R28099,R93640
R92976,R21296
R46639,R93913
R98022,R40734
R74092,R59449
R89783,R53361
R10329,R27206
R20899,R84291
R10297,R48860
R44876,R86710
R56223,R78381
R42577,R70681
R26936,R31068
R65415,R59715
R20810,R69399
R77716,R21793
R46796,R39508
R45292,R62678
R50296,R95397
R70242,R93870
R97239,R52415
R33882,R90434
R66759,R66746
R47266,R20066
R51984,R42728
R54385,R66891
R69221,R96204
R54069,R82669
R49327,R71633
R60528,R69134
R25838,R48078
R49213,R63551
R89497,R67880
R87258,R50189
R68098,R48647
R32329,R67870
R74027,R37317
R21382,R98480
R57651,R52148
R94829,R14563
R47630,R97831
R60139,R10883
R76560,R76817
R28157,R62126
R20623,R49334
R38046,R62265
R38778,R91743
R23628,R24945
R39632,R56519
R54215,R15355
R98064,R69719
R36030,R94204
R38092,R25420
R56099,R72880
R91666,R96867
R71977,R77399
R82404,R74890
R73796,R14851
R79676,R75448
R25181,R26464
R85657,R44506
R21572,R33197
R20304,R86844
R42299,R87140
R20429,R81726
R36843,R95462
R24746,R62030
R91022,R88482
R90577,R48556
R99571,R19498
R90738,R93561
R35506,R68926
R42236,R72420
R83355,R20947
R62511,R51450
R84107,R21200
R71584,R51776
R77840,R40707
R78728,R86570
R92148,R93432
R17822,R33182
R15741,R67839
R67168,R76994
R89369,R83490
R57146,R54051
R97781,R43399
R76613,R52590
R27957,R67065
R55848,R87685
R99484,R65127
R25969,R54314
R75714,R26227
R72015,R87597
R41136,R12251
R82424,R38725
R19120,R10235
R26821,R32554
R13285,R53758
R13142,R49125
R60928,R96274
R54161,R79807
R29432,R22722
R30874,R62381
R42258,R30129
R40163,R89663
R14181,R24932
R49702,R91508
R85565,R63777
R30275,R74297
R91029,R36608
R50763,R78688
R75793,R40899
R55050,R89062
R42309,R63652
R79975,R37634
R22321,R37050
R41883,R53549
R40356,R63947
R13435,R72071
R71398,R25817
R21637,R55226
R65629,R21375
R88044,R88064
R40908,R49863
R39051,R63043
R29308,R96496
R12206,R50331
R49028,R60593
R95352,R17162
R63106,R25559
R68566,R24981
R76678,R95771
R25350,R56659
R99161,R60751
R80273,R66607
R16682,R90584
R25888,R27852
R67465,R82207
R92896,R55322
R70210,R53356
R56781,R17965
R40856,R95166
R84610,R12429
R14472,R17664
R28471,R48593
R55324,R22414
R39521,R85901
R95418,R34998
R50681,R11933
R76875,R42610
R68060,R92461
R36722,R38828
R56410,R49503
R39785,R72536
R16724,R73334
R20938,R65856
R87863,R83710
R96526,R72958
R42633,R49684
R80914,R25475
R21588,R65406
R28418,R44575
R12205,R73542
R45391,R40627
R66869,R90243
R14211,R26256
R29179,R24826
R35329,R27265
R96294,R56322
R45709,R71390
R40413,R16486
R11610,R77806
R54245,R89391
R27633,R29099
R52680,R75803
R14288,R99875
R62196,R72495
R12295,R14059
R93139,R85212
R85949,R14716
R97007,R16077
R16183,R35436
R25961,R27141
R64477,R77112
R93832,R76446
R69960,R59016
R92774,R64136
R87297,R29174
R65152,R45236
R14736,R30476
R80353,R21534
R87376,R32835
R20032,R18408
R91834,R56290
R86771,R93874
R40551,R14475
R44461,R44063
R81884,R19494
R25552,R74934
R91951,R43680
R60299,R29623
R55903,R63042
R99988,R10157
R99392,R43308
R69065,R15755
R45380,R87973
R65743,R14177
R51876,R64122
R27404,R84295
R38076,R97539
R38847,R70159
R28017,R29759
R32813,R21698
R93230,R52490
R89864,R33715
R50008,R49331
R90824,R23527
R12738,R94194
R94549,R93033
R63705,R97190
R96700,R91208
R22295,R16816
R22589,R71195
R87049,R86502
R32306,R63481
R18289,R84799
R44264,R84387
R36067,R11559
R76829,R58729
R14178,R17516
R75030,R43663
R71621,R14076
R13702,R70356
R25776,R86177
R52159,R51214
R74158,R77899
R95370,R50245
R21804,R55577
R41921,R78638
R99182,R86795
R92991,R33210
R18778,R35872
R89861,R28250
R91180,R87206
R23986,R49262
R50871,R67406
R24365,R39182
R34722,R87559
R36104,R84982
R86510,R35334
R72965,R81926
R21188,R17566
R19983,R46786
R68919,R33910
R77188,R21475
R20684,R99205
R97551,R15400
R59772,R82930
R56133,R26566
R52032,R51575
R35722,R15101
R41611,R51522
R19721,R48502
R47293,R77793
R53957,R71274
R52912,R62604
R49816,R29298
R87995,R28353
R44026,R13427
R99758,R97864
R21343,R99882
R26951,R13050
R38400,R86332
R86759,R53326
R66801,R84745
R96645,R65755
R51349,R62166
R11412,R15632
R97623,R34795
R31579,R55955
R79625,R33117
R16294,R10745
R88602,R50020
R45855,R45752
R54302,R14926
R88239,R34375
R20048,R57966
R29332,R39902
R50404,R23044
R14365,R23813
R79890,R63703
R85331,R45543
R96835,R18713
R52502,R19636
R61603,R89536
R68203,R40432
R17281,R75002
R60752,R93257
R35058,R72789
R64865,R12710
R21024,R90842
R29743,R58723
R14516,R14932
R57774,R64417
R56589,R20172
R19041,R34141
R10582,R79774
R48364,R57822
R19898,R74877
R15769,R20552
R87511,R92299
R54266,R75258
R69039,R20169
R24923,R58589
R87062,R59038
R83496,R59035
R81441,R50914
R89135,R73858
R45558,R80886
R34632,R84442
R46065,R22232
R69820,R31327
R13251,R61961
R99551,R30475
R62470,R46494
R80397,R99016
R71653,R74413
R43628,R64420
R70993,R12914
R24098,R58550
R41699,R56920
R63732,R42340
R45274,R95933
R16164,R43861
R72751,R50779
R51755,R32995
R47310,R30504
R69376,R65097
R30917,R21251
R94468,R44081
R31487,R21553
R84372,R95626
R69336,R17489
R65148,R48169
R73960,R60530
R70275,R13795
R65075,R29324
R15012,R28255
R14034,R63868
R61859,R74408
R15227,R50150
R55368,R86010
R67621,R55065
R98343,R68064
R44383,R66905
R49504,R87493
R36132,R97531
R78205,R43638
R74766,R48495
R33796,R28613
R13145,R59029
R89878,R67413
R61395,R34153
R12449,R94577
R70313,R52322
R87488,R73881
R23601,R48913
R20425,R38885
R13811,R34431
R50617,R47778
R37874,R27183
R34847,R37338
R13373,R68034
R39764,R32463
R73443,R66054
R83200,R80432
R16594,R46839
R60146,R47717
R38303,R78073
R13715,R17079
R41907,R91214
R34584,R55160
R58254,R78373
R29990,R55734
R13460,R14377
R52696,R91146
R52745,R44021
R29071,R16076
R17283,R71468
R99625,R48698
R64888,R18065
R80114,R16465
R36546,R55089
R69760,R28641
R62923,R77998
R36150,R69902
R36910,R88892
R58381,R28501
R14874,R55053
R28685,R51361
R42020,R85959
R10244,R28522
R26676,R47692
R32177,R45629
R12894,R97260
R13681,R15867
R36901,R22105
R41934,R27093
R65485,R17237
R40918,R19559
R91684,R55188
R47790,R18836
R96431,R26955
R55343,R11737
R41249,R92368
R69394,R21513
R79737,R54106
R37153,R65171
R83720,R88973
R64798,R47743
R98232,R53651
R42911,R30999
R79596,R13414
R64862,R70665
R77457,R49062
R32496,R24484
R25547,R89989
R88531,R90283
R26807,R54616
R87277,R30989
R82501,R90506
R84852,R26477
R45749,R71081
R31220,R54131
R95093,R29313
R57676,R60569
R29939,R86063
R41358,R59374
R30967,R57474
R55182,R22895
R28227,R51002
R83618,R90440
R70019,R37332
R31087,R90099
R45689,R16006
R93044,R99374
R30400,R91933
R96565,R17136
R45294,R22091
R26342,R39013
R84581,R77733
R44364,R23107
R15916,R58011
R72917,R69787
R65852,R97179
R33178,R71900
R48044,R63024
R58786,R65214
R13876,R70528
R67209,R48945
R63860,R29289
R36631,R45936
R20320,R12730
R54253,R95632
R67309,R81774
R93013,R84815
R14935,R99023
R73490,R74192
R28674,R11554
R90854,R47707
R58060,R95899
R72164,R45398
R81055,R41038
R18105,R39057
R53899,R87933
R72847,R23867
R73174,R16167
R90844,R45291
R88867,R72797
R64602,R82658
R36426,R94114
R89448,R75701
R51343,R76437
R44451,R14509
R92969,R95941
R69862,R39863
R37864,R72951
R12041,R44709
R34821,R66908
R99336,R56597
R94206,R75805
R32904,R18277
R66077,R94542
R47055,R77601
R75782,R69413
R55139,R87777
R41111,R84717
R52624,R96662
R68970,R82104
R22168,R35240
R70847,R39174
R26629,R17246
R64200,R58034
R40384,R28004
R42549,R85102
R22715,R12211
R37007,R41909
R45880,R15277
R54744,R68776
R11799,R19736
R43664,R81356
R51842,R68047
R82814,R20307
R71271,R84415
R71688,R54412
R70776,R56409
R56424,R64232
R76584,R71134
R34377,R65914
R32955,R55185
R38282,R19024
R83057,R50013
R26485,R12517
R87971,R97322
R61803,R95571
R51337,R90585
R69941,R93901
R22276,R88615
R55269,R71275
R77040,R45385
R31467,R36206
R25049,R81427
R79391,R99056
R53717,R30025
R19643,R89787
R10616,R19871
R24946,R96043
R58872,R20660
R17385,R44375
R16944,R49303
R45341,R28893
R83063,R42569
R31879,R13900
R28379,R60867
R24218,R41121
R81510,R38585
R67792,R43931
R88659,R94308
R52968,R18863
R68398,R82266
R81157,R37933
R42162,R19466
R51580,R53993
R61219,R55152
R50254,R32378
R97263,R19887
R12328,R94709
R73744,R13989
R66113,R52890
R19594,R88510
R69853,R15397
R37492,R56786
R78146,R96427
R25750,R49598
R81759,R93419
R37735,R98439
R58654,R84562
R64697,R73799
R59144,R16327
R54999,R41530
R33392,R30728
R90464,R16329
R91093,R35070
R11639,R90095
R22807,R67900
R76468,R92023
R79256,R22258
R64681,R35700
R32606,R16074
R55263,R72205
R39364,R32690
R74614,R27747
R81728,R31458
R52724,R33310
R54043,R42118
R64188,R46201
R32344,R86630
R69684,R19414
R45052,R45355
R13447,R29129
R33719,R97187
R45442,R93160
R94192,R46298
R93800,R32938
R56484,R49610
R61453,R49802
R48299,R12884
R17319,R18841
R96418,R80286
R80616,R68787
R34323,R95683
R44697,R19101
R35896,R95600
R28606,R19901
R72529,R42189
R14156,R80475
R44310,R53742
R64493,R99112
R54709,R14870
R61870,R59648
R87045,R43338
R21766,R35540
R50770,R86157
R54167,R55183
R29050,R25022
R78650,R26189
R20325,R14689
R64706,R56631
R11878,R71395
R52532,R19107
R95527,R67845
R70358,R26847
R22897,R18545
R25883,R13322
R54469,R17445
R60913,R44349
R35082,R30178
R55009,R34591
R70440,R94513
R40468,R63863
R70706,R23622
R26069,R50744
R72079,R80694
R37442,R58386
R97449,R73425
R26164,R95806
R17526,R12640
R14057,R20390
R97909,R79078
R73779,R62853
R41102,R16197
R79178,R53842
R18930,R38212
R85497,R95284
R32127,R91135
R67687,R58212
R80450,R37306
R93285,R18253
R11557,R81591
R16554,R73175
R15595,R31825
R10877,R77554
R98934,R32445
R22695,R42740
R32084,R39463
R83703,R80798
R18815,R91388
R47732,R72167
R99642,R50910
R24112,R81239
R51477,R82284
R76983,R44695
R15542,R95117
R25721,R94544
R19744,R55662
R76289,R74373
R29987,R27195
R74396,R67310
R26520,R95243
R42455,R46718
R20081,R13272
R92955,R24439
R90059,R82855
R71276,R43076
R87508,R50043
R61601,R53514
R75877,R84464
R75861,R54350
R79134,R89461
R75911,R64823
R59574,R59214
R27856,R33404
R85398,R13084
R82749,R55058
R61067,R70080
R33537,R74754
R62540,R31689
R54027,R12294
R98713,R11971
R64534,R72592
R57253,R79352
R37118,R51019
R25746,R65537
R54243,R47332
R57214,R66488
R60625,R19198
R73818,R23120
R33618,R33728
R40623,R33756
R81212,R63955
R32286,R89104
R17001,R46958
R75110,R82166
R46332,R56567
R67322,R47771
R99612,R76271
R70746,R28596
R79229,R81391
R42367,R76480
R65396,R74234
R16764,R24489
R21245,R91889
R51043,R47464
R17782,R77241
R50709,R69933
R47964,R87223
R50147,R69506
R11790,R95494
R58359,R86865
R80303,R82898
R43795,R86834
R43216,R22164
R61398,R16393
R14546,R13998
R65439,R13214
R43801,R12420
R65529,R54429
R82609,R93501
R17575,R58632
R89145,R68836
R43117,R67651
R22385,R38290
R95740,R85707
R49314,R60474
R32395,R10899
R47577,R54630
R77942,R31809
R35178,R40308
R21975,R18479
R93215,R53759
R59872,R64134
R27396,R60193
R33829,R99769
R78313,R67944
R52529,R59167
R22880,R58434
R73520,R35615
R23183,R52972
R92426,R33600
R79464,R21033
R19810,R33887
R47973,R47761
R65981,R45693
R17075,R49011
R27205,R96234
R13691,R48631
R68929,R21754
R72577,R21881
R27399,R11713
R14748,R59236
R94443,R70121
R70572,R66722
R13743,R72149
R18083,R28340
R38013,R81399
R37231,R26496
R57397,R96691
R33399,R39336
R50266,R36208
R60248,R12354
R11824,R94614
R17380,R60280
R58317,R62440
R25960,R31976
R42050,R48465
R78698,R91754
R31635,R43905
R25500,R88440
R12436,R21911
R31535,R38769
R65717,R94891
R77244,R97771
R20376,R67897
R78057,R98673
R49078,R64885
R24134,R56266
R20583,R57049
R88443,R87447
R54039,R64301
R58843,R90220
R78631,R96723
R85865,R99400
R39923,R59001
R56440,R17816
R33935,R68695
R61407,R29819
R49000,R11268
R17686,R61423
R26628,R75380
R19360,R77380
R15612,R80953
R31110,R50044
R87260,R20156
R52790,R97125
R98378,R40612
R79236,R98236
R17645,R40744
R69889,R34657
R86127,R83592
R99719,R18123
R18944,R35252
R10650,R81712
R23712,R96417
R52187,R10599
R43907,R38432
R93427,R49440
R42391,R94676
R13117,R14362
R94454,R83042
R20549,R93094
R53580,R83126
R79415,R31105
R63581,R57336
R13749,R14372
R53363,R91511
R86729,R92721
R97162,R76213
R22411,R12305
R39233,R98679
R58869,R80113
R79898,R80751
R57114,R16532
R71766,R19116
R31032,R88734
R61873,R80756
R47735,R97783
R39964,R89500
R21524,R87361
R36437,R42173
R14536,R81159
R80046,R31545
R45085,R87747
R17512,R26072
R39823,R49934
R49808,R62344
R75919,R56042
R17495,R43824
R64717,R49407
R41067,R56278
R30038,R44390
R31153,R13576
R36125,R71052
R16977,R51047
R45286,R23490
R17652,R90101
R32204,R49277
R99169,R46686
R77562,R43578
R45816,R87519
R67590,R91647
R91774,R99861
R18845,R67007
R30010,R46630
R95168,R55862
R51520,R82494
R57202,R80381
R13785,R74672
R75716,R41675
R23864,R94005
R84987,R54150
R22856,R34092
R57527,R65798
R63917,R99845
R95368,R94296
R40714,R38720
R64720,R11183
R24567,R35539
R62390,R28225
R85285,R81783
R78824,R91851
R72386,R90778
R68486,R45498
R50854,R10983
R83516,R60105
R29575,R24207
R11460,R28273
R22708,R90190
R78212,R21494
R57280,R13241
R17111,R35569
R95682,R26314
R18558,R22356
R40535,R51858
R17673,R62575
R40565,R97518
R21527,R13337
R18326,R92298
R95582,R29000
R27774,R87459
R11832,R67645
R90276,R49024
R27653,R95554
R63650,R77668
R70402,R62498
R77269,R92638
R67628,R78309
R79151,R64820
R19400,R85779
R91155,R94265
R84541,R62428
R86139,R52372
R28719,R32131
R85654,R98575
R37022,R49270
R20527,R34838
R17068,R63960
R55614,R38322
R34705,R43082
R37304,R98371
R57019,R83154
R84678,R75546
R29417,R34778
R35048,R32420
R46840,R16661
R32250,R85703
R91269,R18699
R16590,R14460
R59615,R69375
R71312,R71059
R95821,R28625
R59621,R74522
R87101,R38487
R19084,R14322
R65729,R31918
R34038,R12494
R12386,R80731
R38084,R79782
R56983,R75439
R58640,R63019
R85569,R33532
R41481,R46315
R15253,R61206
R27268,R20403
R56045,R28810
R11765,R89099
R76671,R10749
R93678,R15047
R99772,R94134
R83513,R22923
R69724,R27252
R85523,R84175
R33990,R69044
R93876,R96908
R69858,R42123
R24194,R27673
R78004,R22146
R63293,R64057
R74093,R77823
R99533,R58323
R80108,R76043
R59703,R90251
R49603,R63297
R33328,R25058
R35820,R84904
R14527,R80289
R95304,R65310
R20524,R11443
R63216,R61243
R22767,R94625
R95058,R70361
R40740,R52753
R56100,R29033
R77203,R12335
R48378,R41321
R53266,R87255
R88727,R62861
R11991,R15115
R30787,R43252
R34636,R73872
R43403,R37223
R64929,R86548
R74512,R56952
R36562,R75269
R56642,R23603
R13143,R66193
R76120,R45043
R44630,R39884
R38062,R10014
R77643,R58648
R86084,R41253
R93999,R87914
R49686,R61088
R74907,R19021
R60615,R28926
R55057,R98529
R61358,R38080
R21843,R24559
R12617,R93592
R96854,R74381
R78476,R32225
R59409,R73456
R71393,R94855
R67835,R87920
R83334,R68240
R36265,R48021
R97066,R69244
R32856,R99853
R13656,R80670
R55492,R50048
R31493,R97504
R77228,R96401
R97199,R17436
R22507,R68573
R16951,R69775
R73967,R75572
R57400,R94979
R67721,R76782
R64094,R90722
R37424,R29201
R18035,R66750
R12374,R79780
R59075,R34827
R21638,R50193
R38634,R34464
R94669,R72586
R63182,R86475
R68516,R43250
R53689,R58893
R41243,R10549
R13950,R24127
R41176,R62562
R81744,R25389
R41006,R77053
R50447,R77368
R54285,R78842
R17884,R50152
R67793,R36828
R67094,R59536
R63451,R82479
R97637,R87890
R18374,R47978
R36293,R66045
R24304,R52556
R21677,R53136
R44087,R75239
R27624,R51171
R53959,R34256
R30576,R11474
R44097,R22570
R73961,R71369
R98112,R17802
R42451,R86666
R63048,R60483
R43855,R58232
R18810,R28201
R50949,R64593
R70589,R81573
R40658,R17956
R35690,R86590
R63130,R62954
R47797,R98788
R60725,R10565
R76239,R18594
R53272,R36263
R65353,R82098
R78896,R94445
R43711,R68666
R51527,R84827
R55307,R90124
R51961,R50328
R99859,R83488
R22772,R58710
R31711,R20853
R22782,R60017
R96037,R12281
R22427,R56815
R52869,R20265
R74686,R44261
R42056,R12005
R47392,R75275
R98945,R39862
R51794,R49350
R64041,R91785
R27626,R93647
R58425,R51103
R27313,R41658
R25977,R18876
R95504,R89792
R58899,R71305
R68515,R12056
R46231,R74203
R26938,R25833
R71707,R25446
R28915,R81505
R54591,R36660
R37316,R38774
R86997,R57244
R19823,R73869
R26153,R11215
R21309,R89837
R44989,R35479
R48219,R32773
R43772,R40529
R90608,R71028
R90583,R40616
R36728,R57688
R31291,R56010
R34787,R20975
R20856,R52185
R50685,R26811
R49084,R23214
R98629,R40728
R31126,R96699
R26842,R91937
R38101,R58588
R42637,R41190
R90217,R97759
R64918,R60384
R56487,R24956
R92006,R81921
R85333,R92632
R92489,R83174
R80065,R20087
R52080,R49222
R32120,R88664
R57665,R76836
R52236,R54976
R21925,R88880
R24561,R11425
R94644,R51294
R61769,R97848
R13243,R94991
R23835,R30875
R21606,R88300
R73810,R78398
R18027,R81836
R93159,R90414
R58638,R53949
R53244,R75984
R44382,R94540
R26733,R83116
R34311,R77818
R10483,R64428
R96135,R91185
R98805,R68799
R39954,R73566
R13564,R69414
R69824,R48431
R69319,R35422
R92579,R40698
R11391,R66146
R26904,R88775
R29454,R31996
R47114,R68291
R28373,R41075
R15615,R40506
R39300,R27289
R20674,R75917
R73041,R94081
R46322,R80364
R27984,R37224
R30121,R24557
R94576,R61854
R98869,R94878
R44206,R26921
R23084,R24975
R42944,R77248
R95463,R36594
R14893,R34307
R51599,R70548
R73592,R46301
R75699,R66711
R16663,R23513
R25454,R93667
R49849,R12962
R38190,R10924
R84143,R63088
R25497,R96905
R43077,R22663
R39749,R75643
R25017,R82720
R58246,R99189
R55669,R56955
R19383,R34064
R62676,R58191
R17223,R93689
R49283,R38292
R79764,R76713
R77385,R65412
R27230,R68157
R67859,R46939
R79177,R67593
R37366,R90789
R25569,R98388
R29488,R82186
R58625,R11704
R33464,R59738
R45088,R85476
R39319,R14675
R58433,R59558
R67503,R83621
R43875,R39041
R90512,R52801
R18905,R39514
R59096,R56782
R83191,R30362
R89589,R17047
R34714,R59663
R15467,R68166
R19020,R43749
R78139,R94432
R77537,R27018
R89690,R53647
R74713,R29483
R45950,R46565
R51583,R71346
R92095,R71050
R68896,R27561
R82329,R78192
R32718,R65678
R12407,R50999
R88022,R79996
R37091,R74065
R65435,R54044
R26911,R95212
R42079,R26431
R93610,R13508
R97002,R83360
R57973,R93435
R19038,R21298
R99100,R94342
R14619,R16073
R17887,R82159
R89560,R91764
R11130,R48932
R97986,R97721
R94654,R39814
R19279,R33390
R86327,R54030
R95910,R24807
R89039,R84770
R69204,R24401
R39359,R42681
R12233,R90157
R61817,R64308
R40299,R56256
R88594,R72572
R12344,R33560
R80245,R88053
R11150,R76789
R87182,R58358
R77711,R66668
R68626,R10890
R20766,R73283
R39006,R11691
R86462,R25996
R78203,R84264
R25825,R50629
R76198,R77195
R45060,R47691
R22160,R37014
R19629,R16884
R27551,R85548
R71998,R12306
R96801,R70657
R41279,R94822
R21666,R17760
R44360,R18681
R30689,R85210
R75168,R59608
R29472,R72957
R76747,R50978
R79878,R80874
R26068,R25474
R75003,R32001
R87908,R76897
R40474,R57965
R49516,R53613
R47085,R89857
R92511,R16456
R31654,R66043
R85683,R73254
R40792,R75471
R17986,R92309
R38760,R62073
R77801,R61111
R11885,R22024
R91257,R45751
R49601,R77189
R31289,R54050
R83168,R75023
R55908,R57828
R64858,R40688
R18135,R81076
R14776,R28686
R72216,R78167
R52044,R74267
R81878,R92604
R43259,R83958
R26202,R24600
R17126,R76627
R87717,R41768
R85796,R73192
R23365,R49149
R81882,R47897
R39895,R36664
R39577,R92415
R25759,R24477
R42018,R91967
R10554,R62092
R23887,R95310
R83808,R88327
R63870,R83258
R74998,R95223
R31826,R82243
R78440,R67585
R41826,R26410
R20751,R52076
R26249,R24202
R66068,R10809
R38539,R26307
R35823,R50566
R62204,R76741
R15364,R32711
R13515,R94603
R61819,R79312
R31407,R65994
R14782,R49797
R62061,R51672
R14213,R15269
R54442,R56877
R27444,R95729
R32620,R57712
R17886,R81175
R35196,R68512
R62463,R24597
R29637,R44306
R24453,R66215
R89515,R43469
R83867,R24721
R98434,R14388
R27175,R78908
R59286,R19811
R91177,R17855
R71355,R19787
R94660,R95655
R24499,R91434
R47479,R25112
R55745,R60941
R73648,R43170
R53225,R45075
R62537,R48844
R10255,R79510
R18564,R50827
R67823,R36127
R47298,R78211
R37094,R53719
R69752,R80990
R16446,R29458
R88163,R23923
R70817,R97822
R99891,R67427
R27566,R64631
R75212,R37468
R45086,R64709
R81143,R64684
R66883,R81552
R87142,R18264
R93905,R25596
R60202,R35887
R74782,R69998
R73373,R29093
R57949,R61541
R39248,R90510
R62789,R13952
R24547,R29422
R21723,R10748
R94934,R78170
R89749,R70262
R30348,R89798
R92015,R54132
R89077,R29588
R87021,R15395
R28979,R84800
R28350,R81682
R56618,R83157
R66684,R23336
R36392,R62316
R29346,R25671
R78630,R17521
R64268,R71659
R95481,R84776
R81515,R25185
R35266,R97590
R87302,R98882
R88336,R81266
R20099,R51034
R23976,R88131
R66902,R66992
R37067,R15625
R60326,R35598
R61606,R87293
R40246,R55398
R35427,R21464
R38604,R11141
R48244,R90111
R19922,R60690
R48277,R73034
R59069,R50920
R70892,R27440
R81532,R85140
R10996,R56788
R20422,R15006
R17108,R20547
R17656,R21864
R40309,R10875
R77481,R25228
R40357,R69005
R89917,R36327
R93328,R69342
R42973,R37292
R29073,R91942
R53939,R19945
R45053,R41225
R10750,R40066
R83279,R94634
R98243,R85650
R51018,R23803
R87634,R64921
R63286,R22402
R29612,R93355
R38823,R18391
R50832,R22415
R67960,R41600
R14976,R97708
R12985,R29025
R90862,R63426
R60099,R47986
R72369,R27336
R13329,R65569
R45733,R23623
R13934,R58965
R41327,R92898
R28916,R67426
R17310,R75944
R68679,R16063
R96504,R62285
R31385,R16919
R21968,R97147
R93734,R39125
R40651,R57354
R28564,R68837
R59348,R40803
R93606,R57489
R38939,R62417
R15555,R80306
R27579,R69776
R74310,R38320
R74778,R66632
R64704,R41258
R15086,R84335
R99866,R34709
R51104,R65807
R85407,R24654
R15724,R21888
R65559,R34609
R12454,R85385
R58774,R48784
R98638,R52637
R63056,R66576
R55730,R52122
R89545,R41807
R72156,R53257
R68538,R27574
R29032,R74257
R30265,R55350
R23093,R63258
R99086,R31027
R71117,R49643
R79068,R97497
R83926,R87886
R83885,R44214
R83205,R36133
R98628,R38683
R63728,R20775
R22436,R46818
R41634,R17229
R71079,R27558
R60687,R16907
R20494,R65162
R24386,R34093
R14012,R57922
R65311,R84470
R56694,R65442
R35250,R53798
R99616,R96748
R44336,R79160
R15515,R76304
R91192,R42919
R95427,R33758
R72782,R16564
R66825,R12035
R20636,R23345
R54615,R63177
R41076,R46116
R85867,R25561
R38044,R57960
R94467,R29632
R68570,R13327
R12135,R11181
R59210,R37957
R98283,R54653
R41828,R35275
R58158,R39129
R45919,R67178
R92049,R10372
R79962,R63379
R84757,R50265
R67369,R82977
R60863,R92004
R75543,R26447
R11810,R88527
R68478,R67783
R39461,R95958
R57952,R57772
R23972,R55212
R53167,R74577
R31540,R49485
R22055,R26817
R89951,R62418
R97203,R68663
R64208,R99238
R38536,R56851
R60987,R66803
R33206,R85240
R49313,R58261
R62032,R96603
R96072,R55290
R89095,R80282
R29655,R29862
R62228,R16008
R75502,R99299
R64385,R19100
R25915,R81172
R40316,R22755
R59851,R97640
R51903,R52835
R45257,R28238
R70329,R58666
R66398,R39432
R80168,R61073
R66853,R41728
R62134,R84594
R77940,R76163
R18814,R35893
R81286,R76942
R22672,R66551
R31175,R20719
R51241,R85272
R11180,R27443
R79872,R89582
R33875,R39156
R49832,R65112
R23421,R70434
R89382,R54955
R84699,R44169
R72379,R66298
R96016,R69148
R85220,R46167
R25735,R17992
R47291,R48743
R99912,R53285
R19036,R54371
R58430,R54291
R88009,R61399
R64806,R60595
R56336,R56959
R26290,R89137
R43858,R86049
R78233,R26805
R31598,R11075
R13066,R43400
R92971,R84386
R46745,R99131
R57024,R13356
R76229,R48605
R70285,R53437
R65581,R36188
R63521,R95784
R41492,R38424
R50820,R24485
R57797,R67922
R37712,R81127
R94036,R52193
R51121,R80926
R95188,R32173
R89185,R99517
R35364,R22004
R60155,R44998
R44559,R25121
R13002,R22637
R50419,R12067
R98941,R85434
R45649,R43041
R35917,R60584
R36374,R27320
R72302,R71863
R22022,R83620
R89788,R94477
R93182,R99620
R98651,R17662
R84078,R43835
R36299,R32487
R10880,R97805
R78583,R54085
R68046,R84395
R62687,R67224
R10571,R44830
R33396,R13581
R72201,R77059
R82121,R42198
R51791,R25941
R34172,R47215
R25834,R61847
R73558,R40558
R95676,R26946
R38708,R54538
R30682,R15473
R42193,R93146
R53607,R95267
R76097,R62229
R68029,R54600
R57653,R68623
R22015,R94248
R14751,R43147
R55831,R11921
R66810,R17900
R36641,R27356
R17520,R79630
R49562,R72085
R93940,R81051
R76076,R71994
R19044,R81287
R46339,R56997
R50104,R76205
R94998,R13299
R69587,R14649
R72003,R33587
R38861,R53214
R73260,R93379
R29089,R75285
R28834,R54319
R94779,R96244
R29493,R83302
R20260,R51633
R15254,R84009
R84225,R66602
R59419,R16004
R58678,R87244
R12563,R37452
R24767,R60677
R91586,R73428
R21721,R89187
R23473,R21108
R84809,R19803
R57732,R32693
R86326,R16778
R12969,R89060
R10214,R89204
R57771,R82739
R44538,R42191
R22180,R26414
R17296,R30826
R22151,R19259
R62517,R67694
R51684,R29700
R38014,R62805
R63505,R19549
R19521,R41068
R12554,R60222
R70586,R41110
R18725,R35140
R44495,R69746
R43188,R93675
R35574,R68506
R71718,R87191
R96384,R11734
R31236,R88747
R50666,R39037
R78345,R60221
R79931,R57366
R49823,R64951
R72597,R74895
R90701,R90509
R54463,R14294
R72287,R67232
R86602,R32882
R95952,R80592
R50636,R84467
R81954,R41073
R74604,R41678
R40392,R45282
R33991,R79273
R46373,R40923
R38270,R56298
R82408,R43206
R77807,R68328
R38188,R29699
R82008,R96107
R76403,R60407
R68609,R16309
R10708,R50091
R12390,R43575
R98678,R28593
R35145,R46636
R85895,R81569
R38656,R35472
R93210,R70656
R65588,R39447
R45022,R77955
R64883,R37112
R84389,R20380
R71656,R90319
R15628,R86317
R28421,R30836
R93304,R91224
R91292,R28495
R62010,R96320
R51944,R41831
R64498,R77985
R67747,R53804
R94548,R37053
R78137,R94847
R72000,R93302
R32723,R48347
R63667,R45678
R87639,R43168
R11662,R67259
R57383,R81120
R88508,R19205
R29786,R77041
R92292,R58929
R18828,R38904
R83254,R72643
R35071,R59196
R70458,R45574
R66800,R32384
R64371,R33484
R35094,R44773
R59998,R68572
R31084,R92886
R14634,R34469
R37514,R28949
R13582,R82768
R79233,R99694
R50868,R47329
R53422,R19817
R10848,R19825
R43458,R16372
R21763,R88518
R13713,R61895
R30937,R72792
R49660,R99129
R41114,R96038
R36707,R43779
R13055,R67991
R18973,R55636
R83277,R40304
R80327,R51573
R77928,R10697
R29017,R98520
R14090,R32607
R53432,R46008
R49183,R18873
R89812,R45059
R54316,R16877
R81376,R88952
R74282,R48926
R16431,R32338
R43001,R20219
R52112,R27379
R73842,R98973
R47975,R62690
R69860,R93603
R36160,R91915
R48387,R81760
R72718,R49801
R41255,R78190
R48048,R95416
R48270,R55895
R79413,R17939
R54059,R36619
R81625,R33035
R86372,R26550
R10968,R56453
R70486,R96269
R74490,R31576
R93799,R61590
R63194,R92221
R93929,R12369
R38637,R48522
R72318,R53372
R58529,R55686
R25920,R62029
R58245,R73694
R82117,R24126
R94784,R32949
R95309,R64891
R62214,R12196
R10245,R31621
R18959,R86545
R78935,R74478
R99674,R45372
R99627,R74174
R37080,R19254
R71510,R85246
R25081,R38563
R89541,R68577
R59422,R15036
R64832,R87080
R72107,R87803
R86938,R23075
R34932,R94259
R26299,R99305
R35807,R39277
R88093,R70857
R82685,R51329
R65772,R80631
R28975,R30545
R89144,R61143
R58936,R92908
R98557,R50016
R13065,R54564
R22917,R45893
R14661,R34461
R53937,R31718
R16139,R10089
R15552,R48111
R71804,R91329
R67494,R89521
R46511,R27811
R36600,R70864
R49755,R82670
R65350,R29538
R87172,R81139
R14106,R60336
R80082,R70012
R80801,R22753
R97513,R48307
R93637,R76852
R32233,R97953
R19632,R48477
R58887,R42388
R22625,R20357
R97719,R48130
R12441,R61652
R90943,R50121
R86597,R28036
R39538,R53035
R39721,R31255
R12142,R97262
R13528,R88955
R85366,R81546
R30942,R59555
R98373,R41679
R48925,R40772
R36353,R97178
R76402,R66671
R42592,R93157
R20140,R60347
R46364,R48004
R80532,R89121
R82036,R35511
R11749,R22044
R59972,R99406
R45930,R91681
R74494,R30327
R78946,R64106
R94547,R59650
R72941,R18792
R93458,R46582
R51221,R70201
R79353,R62964
R67030,R45996
R92949,R27267
R34667,R34788
R79206,R85798
R46762,R30745
R61752,R30330
R44176,R66134
R76056,R51106
R35400,R92858
R25006,R64689
R51835,R75107
R44787,R25863
R99160,R71524
R91145,R61199
R14107,R36697
R52604,R21363
R30201,R36578
R89227,R65024
R91672,R70328
R92036,R96547
R45156,R85997
R30204,R38815
R43627,R75125
R58320,R14230
R83331,R86942
R31104,R51810
R45077,R89359
R16159,R22745
R50053,R15008
R37554,R72151
R37815,R43073
R48781,R14978
R48586,R33200
R32720,R43853
R15618,R75891
R94604,R93331
R34547,R49679
R19433,R73208
R89381,R42045
R86837,R16040
R36593,R16693
R93570,R76204
R87991,R92167
R45015,R95182
R55619,R12712
R11739,R59028
R54359,R62301
R57352,R19954
R20195,R57006
R48597,R88116
R53677,R53928
R75999,R82705
R86396,R56923
R56351,R66484
R10237,R17582
R59381,R45020
R72626,R85563
R65521,R87516
R61983,R40925
R44447,R46532
R82336,R79280
R77817,R16176
R87339,R42383
R98449,R53744
R66553,R71384
R98038,R98245
R45165,R18974
R49587,R31817
R48474,R54941
R37327,R96959
R23145,R68230
R12090,R24470
R12364,R57479
R49894,R32431
R45620,R73957
R79954,R93118
R61712,R47684
R75845,R65457
R33656,R51060
R61130,R82951
R25787,R75025
R17366,R82493
R55251,R77967
R32874,R59439
R80887,R85454
R80020,R19675
R94002,R89774
R91203,R25785
R64834,R75294
R93316,R35723
R32489,R87957
R79548,R28513
R87409,R79857
R50872,R23219
R44520,R14770
R97005,R97757
R78669,R11835
R82419,R47391
R75417,R15782
R22176,R12785
R44786,R50631
R37246,R27662
R69796,R51228
R97061,R75237
R73406,R86006
R77455,R30024
R59124,R13331
R22629,R15246
R65351,R91808
R13389,R67599
R97780,R38522
R26675,R41200
R77796,R92273
R41458,R30991
R54452,R28755
R91122,R30854
R30438,R42589
R83823,R94060
R82574,R57707
R97438,R17979
R33132,R27542
R43046,R46942
R74717,R32875
R91036,R36798
R81069,R84309
R78853,R79910
R92669,R65595
R21389,R30218
R63538,R63976
R83226,R85518
R62282,R22554
R62212,R20353
R43022,R77551
R23431,R81416
R49428,R51971
R56778,R52077
R73843,R11753
R12088,R54939
R89896,R90662
R55296,R54155
R41232,R19354
R78584,R57326
R17044,R11574
R40835,R71666
R95857,R30565
R22871,R21372
R88798,R85052
R43300,R51553
R78919,R82661
R57134,R54803
R82350,R68723
R18004,R17776
R56840,R68289
R79635,R90539
R59698,R88733
R71662,R56839
R84890,R44599
R85040,R35543
R34463,R96411
R27859,R56342
R69117,R60491
R86420,R11594
R85432,R68517
R10301,R94212
R48116,R40943
R51893,R21799
R50158,R52656
R77894,R95744
R94795,R53249
R10041,R40201
R64261,R33013
R86260,R84501
R89205,R47286
R92698,R26918
R86288,R79348
R81618,R77710
R68364,R32268
R93598,R42818
R19676,R20642
R18544,R48798
R36061,R38406
R87769,R71583
R48145,R39339
R50821,R47134
R58351,R60869
R38830,R35212
R60140,R42692
R24210,R30223
R77875,R81757
R96360,R50889
R20060,R36691
R56841,R45943
R73919,R74853
R60366,R15278
R17684,R65796
R73151,R92951
R13173,R75050
R18322,R43941
R52514,R14367
R67693,R75784
R52937,R72606
R69193,R36650
R46099,R88619
R29341,R89312
R86841,R12156
R79955,R97720
R72452,R13770
R29775,R57597
R76872,R93894
R66206,R22758
R36834,R29852
R55238,R25078
R32696,R79987
R12238,R95266
R99207,R80190
R15204,R95162
R19677,R39315
R71112,R38638
R44232,R68080
R81456,R90579
R45728,R68229
R71472,R29907
R80495,R49528
R51499,R17453
R30221,R63192
R31513,R20710
R93765,R25896
R46661,R97620
R89244,R38010
R31558,R65895
R75264,R83235
R67474,R99389
R90170,R89393
R89446,R49506
R69068,R54960
R59426,R40085
R60100,R27264
R48808,R41216
R56414,R17421
R53620,R13170
R70718,R85189
R63464,R91471
R91421,R98313
R79264,R86789
R83403,R88760
R25401,R22062
R35594,R13362
R18430,R33870
R20568,R92218
R25758,R25814
R29296,R30918
R30516,R26302
R85067,R69714
R16026,R86571
R51201,R93962
R36181,R80404
R21081,R67270
R32622,R58953
R17950,R16908
R63843,R24154
R84409,R13810
R10379,R64293
R76166,R77943
R59008,R93868
R62309,R23042
R38447,R71446
R77973,R10817
R83343,R53971
R40824,R76689
R15228,R38999
R75342,R47728
R92916,R47183
R24777,R52394
R77350,R80316
R48173,R78013
R74814,R62019
R77393,R63195
R65209,R96777
R74618,R93967
R19891,R82695
R42721,R19210
R99497,R14734
R46959,R98247
R64126,R44641
R51624,R34355
R95329,R93780
R44897,R11675
R84076,R54431
R86219,R37721
R37633,R63108
R66313,R39776
R48443,R49075
R29039,R32311
R39743,R14425
R93188,R27464
R25713,R52204
R41449,R76567
R44626,R52918
R10105,R78462
R32810,R82478
R49128,R62241
R91693,R62102
R23678,R85789
R37753,R79696
R57456,R60708
R17765,R59800
R35576,R15904
R64213,R78943
R66244,R82689
R29709,R89885
R52379,R51825
R44492,R16784
R84999,R18883
R81124,R42808
R46458,R82157
R65371,R51199
R11303,R89744
R99711,R11699
R28542,R10858
R48207,R56905
R14268,R26341
R30278,R20601
R62469,R85851
R41090,R93324
R60665,R50679
R50769,R11477
R31230,R47133
R56906,R63183
R82068,R33474
R15282,R76855
R18688,R17095
R54519,R72365
R42208,R16115
R69997,R48346
R74105,R29320
R58316,R79355
R14334,R75488
R47803,R95756
R43929,R11877
R86892,R25153
R62467,R88569
R29528,R35377
R47414,R96307
R68039,R80481
R79166,R32924
R52862,R66886
R77892,R22472
R24774,R19235
R70239,R93527
R24282,R13612
R33144,R36598
R89975,R11471
R88485,R20103
R78034,R68810
R19514,R72987
R32888,R77832
R31387,R71961
R86193,R27866
R65352,R50671
R37119,R37093
R29012,R68207
R43269,R88150
R80972,R99598
R61062,R68077
R60798,R62454
R56026,R87167
R79076,R14719
R78405,R60962
R32896,R77281
R55450,R54713
R22408,R38048
R50023,R29112
R14902,R12126
R21624,R23039
R92914,R88965
R98773,R51614
R55635,R42368
R18428,R60227
R95711,R97572
R79979,R52548
R69964,R15412
R90108,R89683
R17612,R62115
R78783,R86225
R45622,R65103
R17976,R67378
R31439,R82445
R38924,R70455
R30277,R28858
R64908,R78934
R78571,R44482
R93584,R15005
R68114,R98666
R64839,R18957
R10467,R57071
R30467,R55674
R63716,R26021
R19393,R23500
R64677,R91964
R17354,R81754
R82881,R19131
R13271,R74970
R62811,R77180
R85014,R72920
R31531,R64846
R20972,R11302
R99584,R41982
R76098,R26360
R82412,R43197
R77060,R67759
R52589,R28098
R83679,R40037
R91219,R24798
R64326,R22066
R22443,R36906
R50586,R15094
R20767,R69706
R60967,R93334
R45397,R49825
R16898,R62589
R95235,R89092
R80687,R48519
R17527,R12464
R38727,R67315
R17848,R12842
R26734,R14528
R10615,R85159
R80626,R18960
R93594,R50355
R28973,R75554
R77975,R18211
R53342,R73224
R90767,R58823
R66457,R53090
R42176,R38032
R98153,R99509
R45230,R20227
R53725,R38834
R60426,R63935
R13335,R21421
R18670,R32164
R58605,R92271
R39408,R99908
R81349,R74518
R33023,R34127
R48683,R77039
R14703,R28465
R64952,R44221
R20748,R47603
R62686,R76757
R43737,R15178
R31258,R54367
R94347,R98766
R45973,R48324
R54375,R51757
R76926,R32229
R20373,R75580
R94648,R80072
R69915,R84093
R67509,R50138
R13526,R58504
R23744,R83726
R20243,R22463
R38696,R67121
R33506,R95750
R24058,R77665
R55272,R38119
R52146,R16596
R86992,R77211
R80938,R80586
R17531,R11136
R57558,R84941
R53393,R73271
R48514,R90480
R66278,R42433
R84083,R98912
R43635,R62938
R56511,R23891
R80718,R37181
R20264,R18580
R36424,R72646
R98155,R73635
R10608,R87432
R95580,R89279
R28202,R81825
R25493,R66868
R68850,R71711
R93793,R94139
R57427,R38359
R45103,R90338
R56845,R56494
R43751,R57491
R41802,R20738
R28434,R68762
R38547,R33397
R59074,R14848
R78659,R10982
R59002,R21153
R65526,R91588
R30346,R53892
R24620,R81012
R12395,R87210
R62497,R37609
R77929,R26901
