R10028, R10093
R10034, R21859
R10036, R49873
R10048, R95501
R10062, R37600
R10083, R60340
R10086, R21458
R10148, R39346
R10190, R88328
R10204, R71914
R10205, R99938
R10212, R49378
R10213, R81451
R10216, R81756
R10219, R82694
R10229, R87366
R10231, R33320
R10241, R11265
R10316, R91131
R10318, R61840
R10327, R83392
R10335, R69846
R10367, R96668
R10372, R24906
R10374, R52433
R10381, R36554
R10393, R47873
R10415, R78277
R10418, R93115
R10466, R83183
R10479, R80535
R10485, R69455
R10568, R76680
R10572, R66824
R10576, R24889
R10611, R27944
R10641, R88073
R10674, R38556
R10691, R42205
R10723, R47599
R10765, R24142
R10789, R93634
R10836, R62584
R10838, R69227
R10876, R85670
R10914, R36040
R10928, R89813
R11031, R99275
R11032, R53426
R11058, R60072
R11086, R15514
R11102, R66043
R11103, R52198
R11245, R65000
R11269, R79336
R11302, R37817
R11311, R26587
R11313, R41691
R11314, R99377
R11405, R56392
R11413, R65165
R11425, R40414
R11437, R84972
R11445, R80405
R11504, R95627
R11553, R36856
R11612, R19710
R11624, R18562
R11698, R37625
R11730, R99746
R11802, R92040
R11878, R78935
R11887, R63273
R11902, R64609
R11906, R27970
R11972, R68193
R11993, R48310
R12038, R31839
R12072, R30052
R12076, R56257
R12089, R48698
R12121, R39100
R12129, R77894
R12141, R26723
R12202, R85286
R12203, R21052
R12246, R97341
R12251, R54942
R12284, R52336
R12299, R45008
R12308, R89540
R12313, R46418
R12335, R26231
R12396, R85861
R12398, R64251
R12415, R10875
R12425, R52115
R12632, R61212
R12685, R50314
R12779, R52214
R12782, R96440
R12811, R47276
R12816, R80588
R12818, R91314
R12820, R39896
R12944, R35080
R13063, R49738
R13065, R25024
R13091, R79082
R13116, R47565
R13129, R70295
R13137, R69691
R13183, R74306
R13232, R60097
R13269, R90537
R13309, R55754
R13436, R65938
R13450, R64127
R13465, R88436
R13496, R42790
R13507, R56907
R13535, R84433
R13547, R51700
R13569, R68253
R13637, R65070
R13640, R68433
R13642, R16164
R13652, R82188
R13761, R65191
R13849, R57947
R13857, R80927
R13877, R61037
R13957, R84240
R13977, R38928
R13981, R74781
R14004, R39098
R14030, R29670
R14049, R30487
R14117, R33447
R14126, R13681
R14205, R78917
R14235, R89007
R14273, R99149
R14296, R61643
R14310, R98502
R14440, R80323
R14450, R35296
R14461, R72317
R14502, R99781
R14537, R51202
R14567, R42899
R14576, R35806
R14580, R27152
R14603, R17034
R14673, R89243
R14696, R95893
R14777, R11816
R14782, R14003
R14822, R39481
R14874, R40807
R14886, R58420
R14922, R95548
R14964, R38678
R14992, R43914
R14994, R55274
R14996, R62974
R15034, R83165
R15041, R11149
R15053, R92085
R15073, R88297
R15086, R25635
R15117, R63736
R15127, R71690
R15129, R52510
R15174, R34963
R15178, R91711
R15198, R26644
R15253, R23343
R15260, R82459
R15287, R37907
R15358, R46968
R15384, R31942
R15412, R64541
R15423, R76658
R15477, R31848
R15488, R20569
R15522, R33450
R15527, R47489
R15562, R58817
R15572, R53632
R15703, R91187
R15778, R65923
R15813, R97397
R15854, R86341
R15905, R51423
R15955, R35332
R15991, R39541
R15996, R95611
R16003, R53931
R16008, R90548
R16058, R25148
R16069, R88958
R16106, R62217
R16135, R38536
R16139, R86017
R16185, R89852
R16190, R80563
R16253, R73356
R16286, R42964
R16300, R20200
R16352, R99558
R16413, R54702
R16415, R59632
R16418, R63342
R16430, R17804
R16490, R10208
R16495, R22587
R16586, R46832
R16628, R86876
R16642, R61703
R16653, R72634
R16668, R42646
R16680, R51092
R16685, R75601
R16706, R46975
R16718, R18641
R16736, R62424
R16856, R31545
R16860, R45230
R16863, R45318
R16890, R95869
R16952, R26617
R16957, R35405
R17074, R58557
R17086, R13756
R17087, R52830
R17120, R78855
R17138, R89754
R17167, R32359
R17173, R35915
R17202, R69187
R17209, R78712
R17215, R82814
R17268, R64499
R17269, R79562
R17377, R91158
R17407, R92444
R17421, R26241
R17424, R81311
R17452, R47324
R17456, R11237
R17468, R49318
R17479, R49213
R17494, R77623
R17497, R38629
R17511, R82000
R17541, R29603
R17636, R67736
R17637, R45049
R17670, R57173
R17700, R72021
R17734, R55428
R17741, R32200
R17796, R59090
R17811, R73058
R17815, R10078
R17824, R56714
R17850, R48927
R17863, R65861
R17879, R60405
R17912, R53879
R17939, R10629
R17960, R32363
R17962, R96145
R18034, R37740
R18039, R54817
R18046, R28371
R18091, R22910
R18099, R51385
R18139, R85532
R18148, R83895
R18168, R23416
R18214, R86548
R18218, R15099
R18260, R80084
R18262, R44615
R18273, R76419
R18324, R94148
R18354, R17703
R18368, R81874
R18443, R80741
R18471, R24396
R18534, R29128
R18543, R76718
R18637, R51733
R18665, R88194
R18709, R95368
R18730, R79701
R18734, R80944
R18753, R82162
R18778, R25777
R18833, R68067
R18846, R36955
R18850, R62553
R19009, R47973
R19020, R39540
R19022, R90432
R19047, R81007
R19174, R79119
R19231, R88444
R19238, R18930
R19260, R19352
R19269, R31119
R19303, R49673
R19318, R44891
R19382, R54118
R19413, R71064
R19445, R65907
R19447, R67419
R19454, R10166
R19468, R19219
R19511, R81904
R19522, R27518
R19537, R53982
R19558, R15482
R19562, R55106
R19615, R19218
R19637, R82111
R19693, R66674
R19758, R37736
R19771, R92673
R19776, R31237
R19819, R64635
R19831, R21877
R19870, R56004
R19889, R97763
R19918, R11069
R19929, R60923
R19933, R96714
R19980, R86279
R20000, R25211
R20022, R67679
R20050, R70709
R20056, R15379
R20075, R55595
R20128, R29905
R20141, R84055
R20169, R51563
R20209, R89779
R20234, R41975
R20240, R62805
R20260, R23709
R20261, R50270
R20287, R79604
R20308, R41242
R20318, R82669
R20374, R82785
R20396, R71834
R20399, R32957
R20481, R77108
R20501, R15609
R20532, R81505
R20583, R81429
R20606, R96713
R20695, R27431
R20712, R80368
R20728, R86090
R20733, R27220
R20830, R77299
R20855, R61086
R20863, R10808
R20915, R25118
R20938, R74459
R21043, R11714
R21048, R99924
R21078, R16567
R21080, R75036
R21109, R93412
R21139, R89733
R21140, R24833
R21154, R77717
R21275, R28595
R21331, R67071
R21350, R48535
R21400, R86591
R21422, R68564
R21434, R19836
R21441, R45154
R21532, R89862
R21544, R72883
R21553, R37109
R21559, R50571
R21566, R79175
R21588, R86170
R21625, R64862
R21656, R86686
R21659, R80751
R21758, R93868
R21772, R67108
R21804, R21995
R21967, R14541
R21972, R72279
R21974, R31171
R21996, R70723
R22016, R40440
R22032, R52582
R22041, R20453
R22094, R79841
R22095, R41333
R22101, R17769
R22104, R63552
R22120, R98007
R22123, R94897
R22169, R51079
R22204, R48517
R22247, R88550
R22272, R41142
R22313, R80852
R22346, R33765
R22385, R38546
R22402, R23388
R22423, R97858
R22438, R49861
R22444, R34038
R22457, R54476
R22528, R65343
R22578, R93951
R22679, R35742
R22703, R81249
R22715, R63061
R22750, R92142
R22781, R47165
R22825, R28963
R22831, R74415
R22832, R26886
R22842, R19945
R22900, R80761
R22926, R69478
R22955, R67769
R23012, R38680
R23016, R28113
R23042, R87135
R23066, R38102
R23071, R93604
R23087, R18942
R23114, R95473
R23231, R23451
R23284, R29315
R23311, R21014
R23336, R24831
R23354, R87456
R23361, R77619
R23364, R56086
R23366, R27344
R23391, R22157
R23431, R99645
R23508, R88520
R23620, R82888
R23636, R51742
R23669, R90156
R23680, R93188
R23829, R39210
R23837, R60112
R23853, R95843
R23928, R24702
R23956, R16218
R24006, R70053
R24008, R18319
R24014, R71418
R24037, R44332
R24064, R97590
R24068, R44207
R24165, R38032
R24203, R82028
R24227, R25538
R24388, R78901
R24415, R16859
R24417, R72807
R24466, R47397
R24488, R68407
R24552, R71720
R24573, R28098
R24617, R32126
R24620, R73074
R24623, R58947
R24624, R24751
R24663, R24414
R24669, R22387
R24673, R32274
R24747, R84920
R24779, R14427
R24807, R77260
R24827, R68410
R24854, R84815
R24866, R90506
R24912, R67600
R24925, R96680
R24937, R43450
R24946, R70702
R24979, R77036
R24987, R25186
R25050, R63568
R25057, R36590
R25107, R91481
R25113, R86229
R25154, R82135
R25178, R75566
R25206, R64822
R25260, R57213
R25289, R57638
R25299, R19993
R25311, R65258
R25349, R30168
R25351, R96676
R25365, R51540
R25385, R17095
R25447, R63972
R25449, R36751
R25469, R98364
R25509, R40296
R25583, R70191
R25585, R92296
R25588, R25378
R25615, R59819
R25626, R10137
R25650, R51012
R25679, R93434
R25748, R67696
R25809, R56197
R25836, R45880
R25874, R90823
R25881, R14280
R25905, R91036
R25912, R51897
R25938, R61908
R25949, R21345
R25963, R20206
R25968, R14441
R26016, R57552
R26017, R29570
R26021, R31815
R26023, R47134
R26030, R81660
R26035, R63108
R26052, R52581
R26060, R42681
R26078, R89508
R26125, R64455
R26194, R75302
R26216, R75519
R26227, R44573
R26229, R29279
R26263, R28535
R26266, R25033
R26306, R50906
R26315, R53374
R26346, R20250
R26352, R35704
R26454, R40049
R26465, R78457
R26468, R47194
R26473, R35337
R26474, R88244
R26485, R59979
R26507, R91397
R26671, R53821
R26712, R86222
R26737, R77960
R26785, R71282
R26789, R67306
R26852, R93778
R26892, R10697
R26921, R36971
R26967, R60934
R26984, R88191
R26988, R61022
R26998, R82476
R27003, R20916
R27004, R87696
R27012, R74439
R27024, R15407
R27028, R13118
R27047, R25458
R27061, R92573
R27063, R94769
R27182, R48882
R27185, R28062
R27221, R19431
R27245, R26705
R27301, R88139
R27329, R35215
R27414, R90254
R27445, R96094
R27471, R12541
R27488, R22971
R27541, R38446
R27604, R46579
R27669, R91651
R27686, R33612
R27804, R47763
R27853, R42463
R27854, R41958
R27868, R37378
R27902, R27546
R27905, R19645
R27994, R12211
R28015, R51034
R28020, R24433
R28046, R53602
R28055, R26567
R28077, R58144
R28117, R46320
R28121, R69538
R28148, R35975
R28175, R48334
R28188, R49089
R28190, R53706
R28225, R98923
R28246, R39354
R28268, R51532
R28272, R63936
R28292, R56875
R28304, R55638
R28386, R65458
R28418, R96942
R28449, R75462
R28479, R47972
R28507, R75575
R28530, R75148
R28550, R90569
R28558, R54770
R28612, R89818
R28637, R54848
R28655, R51592
R28674, R22421
R28680, R54675
R28695, R83334
R28705, R83966
R28733, R99822
R28738, R78949
R28743, R39297
R28802, R26989
R28829, R95670
R28844, R25879
R28869, R84188
R28887, R93233
R28907, R70563
R28910, R35210
R28922, R80652
R28929, R90544
R28997, R18404
R29013, R18545
R29033, R42089
R29034, R62996
R29053, R90721
R29076, R96071
R29092, R66405
R29114, R53011
R29120, R33479
R29130, R43178
R29160, R16924
R29187, R56969
R29220, R29525
R29240, R81790
R29268, R97438
R29272, R24684
R29284, R83311
R29329, R92716
R29334, R89948
R29341, R75449
R29344, R50829
R29361, R37630
R29461, R24499
R29474, R29352
R29482, R99067
R29493, R17720
R29500, R19271
R29511, R86604
R29551, R78902
R29585, R30637
R29637, R65777
R29654, R61062
R29699, R50008
R29707, R88782
R29776, R46665
R29793, R55193
R29829, R11694
R29846, R65803
R29871, R48238
R29873, R58114
R29957, R96271
R30034, R20146
R30046, R55762
R30047, R76676
R30077, R16395
R30091, R90221
R30139, R28650
R30155, R28477
R30158, R22596
R30159, R64941
R30160, R39908
R30204, R18171
R30223, R44006
R30303, R88018
R30328, R66819
R30361, R67589
R30382, R89939
R30402, R16626
R30404, R99448
R30423, R39111
R30462, R79645
R30465, R87936
R30488, R91622
R30496, R46606
R30513, R89460
R30527, R64684
R30536, R38086
R30675, R97879
R30727, R42747
R30824, R20485
R30843, R32304
R30845, R60920
R30858, R91873
R30895, R50558
R30904, R48830
R30953, R93818
R30974, R25326
R30996, R91749
R30998, R66621
R31030, R96386
R31070, R85219
R31100, R65275
R31134, R22559
R31136, R56118
R31251, R81775
R31356, R29407
R31372, R43747
R31424, R33124
R31446, R88805
R31460, R62350
R31474, R84527
R31483, R71595
R31488, R66509
R31491, R21313
R31497, R76609
R31516, R24883
R31584, R23483
R31621, R61299
R31663, R58654
R31752, R89457
R31820, R58811
R31893, R38799
R31929, R29326
R31969, R94972
R31970, R40764
R31995, R87446
R32025, R37640
R32038, R97070
R32050, R40357
R32056, R74823
R32076, R86786
R32099, R24178
R32172, R77250
R32185, R62778
R32292, R95734
R32297, R93909
R32309, R55729
R32343, R43765
R32357, R92338
R32369, R55191
R32387, R24236
R32413, R53038
R32426, R84462
R32435, R79444
R32465, R26108
R32483, R50425
R32501, R68509
R32594, R84410
R32616, R90301
R32671, R24583
R32675, R87349
R32694, R61568
R32719, R80061
R32768, R71975
R32780, R41581
R32811, R11512
R32823, R78783
R32838, R55713
R32882, R18556
R32896, R43837
R32917, R41766
R32980, R34235
R32982, R39364
R33004, R16278
R33054, R87422
R33072, R72526
R33139, R46653
R33172, R84046
R33211, R98537
R33222, R58434
R33227, R38770
R33234, R52782
R33237, R90753
R33242, R64356
R33278, R57558
R33282, R30325
R33377, R97728
R33404, R90742
R33415, R87056
R33484, R64411
R33541, R66172
R33557, R79224
R33613, R47301
R33629, R37837
R33667, R81190
R33679, R29164
R33692, R97715
R33769, R76679
R33782, R99780
R33805, R42081
R33811, R48780
R33816, R70884
R33826, R61468
R33834, R21576
R33848, R56876
R33877, R82318
R33878, R10766
R33906, R42259
R33983, R25971
R34028, R46976
R34104, R89596
R34106, R52394
R34117, R76783
R34156, R33874
R34194, R58125
R34220, R50965
R34231, R72525
R34257, R71518
R34259, R69400
R34260, R56774
R34278, R60476
R34296, R91082
R34310, R83556
R34318, R38520
R34338, R81575
R34395, R41146
R34398, R72723
R34440, R61296
R34444, R59316
R34478, R68581
R34494, R46365
R34502, R28357
R34582, R77850
R34592, R37095
R34653, R98026
R34689, R95908
R34766, R10296
R34784, R69929
R34786, R49236
R34885, R20912
R34949, R24437
R34993, R27609
R35003, R62707
R35034, R99111
R35087, R99627
R35201, R44254
R35204, R27279
R35226, R65963
R35284, R89667
R35330, R21324
R35336, R40469
R35384, R87679
R35385, R76874
R35454, R74479
R35469, R38106
R35489, R39281
R35505, R78667
R35561, R88844
R35632, R34985
R35649, R43342
R35667, R84714
R35675, R39435
R35682, R93340
R35695, R45212
R35816, R70306
R35857, R23187
R36055, R44842
R36087, R83140
R36169, R54780
R36177, R66124
R36236, R63309
R36242, R24836
R36263, R46006
R36286, R40714
R36289, R64036
R36303, R26238
R36312, R50515
R36325, R59050
R36355, R80296
R36360, R41826
R36371, R41059
R36373, R52736
R36395, R58657
R36459, R53809
R36505, R45832
R36508, R76784
R36528, R43867
R36542, R74688
R36552, R40665
R36641, R17980
R36674, R41155
R36678, R84706
R36692, R63329
R36759, R43219
R36798, R35918
R36800, R90178
R36809, R96786
R36813, R42449
R36855, R25173
R36875, R39893
R36881, R29675
R36909, R32588
R36986, R46717
R37002, R15361
R37005, R69346
R37022, R15272
R37033, R24846
R37045, R65058
R37074, R81169
R37081, R36139
R37207, R12411
R37224, R37764
R37242, R54240
R37267, R36685
R37275, R61743
R37332, R57748
R37358, R61259
R37363, R36862
R37364, R67645
R37366, R34520
R37375, R26207
R37442, R13587
R37488, R44637
R37581, R39020
R37598, R61440
R37602, R22532
R37603, R63777
R37628, R74824
R37649, R43912
R37653, R92767
R37688, R67135
R37694, R32393
R37768, R84488
R37772, R92122
R37803, R54396
R37811, R53158
R37845, R50432
R37846, R43221
R37858, R19660
R37882, R43945
R37903, R71884
R37941, R18313
R37954, R27209
R37958, R25523
R37973, R96798
R37985, R44197
R37986, R82022
R37987, R43264
R38001, R94744
R38017, R94011
R38023, R27760
R38041, R32212
R38114, R68611
R38134, R25573
R38138, R96181
R38140, R15458
R38166, R27881
R38225, R33495
R38239, R97612
R38362, R72692
R38385, R35263
R38410, R47102
R38426, R20429
R38454, R63648
R38501, R68198
R38506, R95336
R38514, R70086
R38562, R82783
R38579, R97278
R38593, R45500
R38661, R62314
R38716, R31721
R38749, R24140
R38776, R95308
R38802, R42784
R38803, R84727
R38821, R69879
R38876, R79647
R38898, R38228
R38906, R41067
R38927, R85616
R38968, R96965
R39055, R99135
R39067, R10884
R39069, R96480
R39077, R10921
R39087, R22224
R39089, R33943
R39113, R75478
R39127, R19335
R39186, R51045
R39232, R93218
R39306, R51305
R39318, R99175
R39323, R60038
R39345, R96439
R39355, R50803
R39388, R12117
R39394, R55059
R39407, R56308
R39454, R25386
R39476, R23646
R39477, R96043
R39507, R42596
R39523, R96862
R39548, R75555
R39607, R82671
R39657, R57002
R39678, R61613
R39697, R67675
R39741, R50050
R39773, R34785
R39775, R66113
R39776, R18025
R39790, R96033
R39875, R67866
R39919, R16773
R39927, R81179
R39954, R53080
R39956, R82287
R39969, R53834
R39992, R98048
R40005, R34274
R40024, R88153
R40059, R80778
R40090, R89809
R40096, R81180
R40110, R16949
R40121, R59075
R40205, R79928
R40234, R92841
R40245, R99726
R40264, R37806
R40267, R84255
R40272, R59428
R40295, R75262
R40311, R97054
R40336, R49941
R40431, R67237
R40480, R82807
R40487, R46706
R40497, R48525
R40538, R76641
R40614, R64403
R40622, R97008
R40673, R88807
R40682, R16609
R40683, R76175
R40724, R92825
R40808, R45661
R40825, R44679
R40830, R34591
R40844, R83644
R40845, R36194
R40890, R57966
R40904, R33063
R40933, R40416
R41023, R73658
R41026, R87302
R41096, R12484
R41123, R23835
R41168, R33457
R41225, R92896
R41241, R26099
R41254, R30616
R41256, R43644
R41269, R15385
R41291, R55534
R41358, R77587
R41366, R14048
R41421, R35453
R41461, R24113
R41468, R40978
R41477, R21858
R41548, R14620
R41561, R50335
R41592, R95912
R41594, R61956
R41605, R87806
R41650, R21283
R41809, R26156
R41821, R35377
R41888, R90647
R41913, R86250
R41917, R30426
R41928, R87996
R41935, R38020
R41946, R41457
R42017, R35891
R42064, R43059
R42073, R59162
R42085, R16535
R42090, R91819
R42110, R14279
R42113, R14581
R42127, R38862
R42211, R16322
R42245, R20489
R42257, R57737
R42282, R73449
R42283, R36799
R42306, R13765
R42337, R27010
R42388, R19963
R42407, R43627
R42439, R62911
R42442, R19263
R42448, R87775
R42471, R41807
R42490, R59241
R42515, R85872
R42590, R61048
R42710, R49405
R42785, R89355
R42797, R42077
R42821, R49517
R42952, R17940
R42956, R86234
R42974, R74564
R42992, R43677
R43084, R18378
R43092, R89409
R43116, R95794
R43144, R29634
R43159, R77934
R43162, R73332
R43170, R39695
R43270, R92646
R43278, R12111
R43306, R76399
R43319, R24246
R43408, R89385
R43434, R34676
R43460, R85207
R43494, R56653
R43531, R29518
R43545, R65710
R43562, R89082
R43647, R48088
R43726, R72333
R43732, R23822
R43849, R28503
R43853, R23139
R43929, R51427
R43947, R23281
R44023, R12746
R44119, R54936
R44168, R19030
R44174, R31052
R44184, R72342
R44192, R11152
R44194, R90931
R44201, R59040
R44227, R55886
R44239, R28693
R44273, R18251
R44277, R74513
R44285, R23796
R44286, R65812
R44412, R99322
R44416, R54511
R44448, R84159
R44457, R71208
R44458, R83246
R44472, R16676
R44516, R81076
R44571, R70911
R44704, R18874
R44757, R67044
R44825, R91244
R44836, R43328
R44914, R66408
R44931, R33131
R45044, R39666
R45083, R46411
R45091, R56961
R45125, R86953
R45132, R30334
R45143, R21957
R45180, R44961
R45187, R36265
R45211, R51839
R45335, R80049
R45450, R92367
R45469, R12164
R45539, R33369
R45540, R63167
R45565, R77949
R45578, R96615
R45620, R44535
R45642, R41640
R45687, R82166
R45711, R88187
R45712, R49696
R45748, R99314
R45762, R32765
R45805, R25298
R45890, R46312
R45910, R90067
R45925, R57841
R45926, R11547
R46094, R74973
R46125, R91556
R46186, R99474
R46251, R82487
R46265, R10308
R46275, R39430
R46288, R68800
R46289, R93680
R46302, R75610
R46304, R35421
R46313, R50305
R46326, R25227
R46525, R42856
R46630, R65988
R46674, R52765
R46702, R79547
R46724, R32395
R46778, R92533
R46838, R26057
R46857, R66770
R46872, R54774
R46880, R82573
R46889, R15306
R46917, R74641
R46920, R42846
R46943, R46960
R46969, R50895
R47029, R58230
R47097, R70837
R47147, R27733
R47159, R24895
R47163, R83368
R47167, R64567
R47203, R58577
R47210, R33523
R47248, R60804
R47253, R27345
R47277, R30305
R47282, R18848
R47290, R82469
R47295, R18165
R47308, R11769
R47328, R63762
R47349, R63831
R47392, R40841
R47416, R24584
R47438, R11881
R47477, R84884
R47482, R17365
R47484, R48617
R47492, R84763
R47567, R52082
R47655, R63825
R47705, R31611
R47755, R77146
R47772, R67164
R47774, R11397
R47797, R71925
R47799, R44539
R47822, R16977
R47847, R91453
R47872, R50427
R47891, R96193
R47904, R61589
R47909, R29222
R47926, R96745
R47957, R24595
R48008, R76192
R48018, R87750
R48042, R14604
R48084, R12365
R48121, R38129
R48171, R57334
R48223, R74804
R48227, R81173
R48230, R72346
R48240, R81936
R48260, R10739
R48285, R71950
R48286, R10827
R48341, R52789
R48388, R94632
R48432, R45785
R48443, R51681
R48471, R67977
R48476, R72950
R48486, R88703
R48502, R88910
R48545, R40837
R48558, R34703
R48574, R89220
R48598, R41867
R48669, R85789
R48685, R97176
R48717, R82986
R48726, R17596
R48749, R29225
R48836, R39080
R48876, R29193
R48892, R37131
R48898, R10427
R48913, R59208
R48999, R61785
R49071, R97960
R49095, R77975
R49103, R56625
R49128, R47458
R49146, R56478
R49230, R36617
R49231, R29154
R49347, R54664
R49394, R70700
R49412, R69995
R49421, R86357
R49435, R12363
R49447, R35623
R49477, R65001
R49500, R32579
R49562, R48798
R49569, R10738
R49614, R90901
R49627, R65750
R49691, R13585
R49743, R67139
R49746, R55318
R49767, R46246
R49817, R11337
R49865, R75501
R49875, R97380
R49935, R30634
R49957, R94650
R49973, R41066
R49993, R57722
R49994, R45756
R49998, R83195
R50000, R11809
R50047, R42020
R50048, R29404
R50051, R21031
R50092, R28500
R50101, R90400
R50135, R53688
R50184, R49237
R50186, R60183
R50189, R55539
R50195, R20370
R50208, R22924
R50267, R25960
R50344, R83529
R50366, R36568
R50418, R79802
R50420, R41321
R50490, R82386
R50596, R24443
R50642, R91856
R50645, R44926
R50663, R89356
R50719, R46609
R50785, R98421
R50797, R34772
R50820, R60916
R50864, R33013
R50989, R78717
R51058, R95519
R51069, R24077
R51095, R50412
R51102, R71632
R51111, R55375
R51212, R11134
R51216, R82423
R51227, R68288
R51314, R21239
R51342, R70961
R51433, R23687
R51470, R72703
R51494, R26630
R51501, R58387
R51509, R53526
R51535, R63255
R51550, R17028
R51565, R39889
R51602, R99705
R51624, R29456
R51671, R37789
R51674, R53266
R51757, R14492
R51834, R10150
R51856, R37981
R52002, R91707
R52055, R36640
R52078, R90695
R52083, R95642
R52101, R32090
R52119, R61551
R52125, R79766
R52147, R11251
R52159, R39412
R52170, R35178
R52194, R26045
R52210, R27781
R52226, R73569
R52248, R91233
R52277, R75891
R52325, R26622
R52411, R26533
R52476, R99644
R52477, R60223
R52521, R73343
R52535, R21875
R52597, R23958
R52627, R80313
R52632, R25768
R52676, R92339
R52886, R31304
R52947, R26795
R52959, R75839
R52962, R96976
R52978, R75278
R52988, R56275
R53012, R89605
R53075, R93064
R53227, R52842
R53237, R40509
R53247, R80134
R53339, R11868
R53342, R66044
R53345, R29613
R53348, R56673
R53370, R41331
R53410, R64734
R53419, R44839
R53423, R80222
R53492, R95704
R53509, R82570
R53574, R65752
R53611, R69701
R53637, R70545
R53659, R82860
R53678, R63106
R53699, R79815
R53700, R32813
R53703, R25302
R53739, R69778
R53748, R13314
R53790, R77375
R53837, R73621
R53840, R90797
R53870, R91951
R53885, R88180
R53890, R84484
R53904, R41727
R53945, R33766
R53976, R53047
R54012, R65981
R54081, R98545
R54089, R16001
R54125, R82148
R54222, R10651
R54223, R34343
R54280, R96282
R54284, R61005
R54294, R33512
R54301, R93332
R54368, R12690
R54376, R37382
R54391, R20910
R54484, R16408
R54485, R66719
R54509, R86628
R54556, R23175
R54557, R16355
R54570, R54115
R54577, R89720
R54582, R67884
R54589, R53289
R54590, R23459
R54597, R45403
R54637, R30079
R54653, R64832
R54654, R33696
R54661, R13236
R54726, R69986
R54783, R97961
R54866, R98422
R54867, R60302
R54910, R63324
R54912, R57498
R55046, R69716
R55053, R24334
R55164, R94922
R55207, R65704
R55316, R28952
R55332, R68841
R55342, R10421
R55397, R57567
R55408, R28755
R55416, R53498
R55480, R41446
R55483, R65493
R55490, R27869
R55498, R88467
R55520, R65177
R55589, R19491
R55665, R12931
R55673, R55047
R55684, R53119
R55685, R75741
R55697, R29421
R55749, R26904
R55753, R12197
R55766, R27596
R55789, R74077
R55794, R56726
R55827, R37605
R55842, R16976
R55859, R10516
R55890, R44526
R55908, R33855
R55921, R67078
R55941, R27477
R55971, R69969
R55979, R64870
R55994, R73669
R56087, R19636
R56140, R55054
R56147, R41150
R56161, R22250
R56178, R71046
R56194, R14742
R56209, R12621
R56234, R10280
R56239, R49143
R56241, R43976
R56242, R41022
R56254, R74907
R56277, R59348
R56282, R13677
R56283, R74065
R56302, R27903
R56304, R83207
R56322, R15502
R56345, R47985
R56395, R58065
R56414, R69144
R56446, R59171
R56449, R38502
R56469, R41712
R56474, R82255
R56490, R77287
R56496, R47932
R56529, R85569
R56530, R94119
R56601, R43421
R56621, R20498
R56624, R93130
R56639, R62593
R56642, R68518
R56651, R59747
R56688, R44438
R56696, R89104
R56711, R13714
R56766, R41393
R56783, R69833
R56793, R35374
R56830, R58725
R56836, R49101
R56852, R61936
R56883, R52539
R56919, R87171
R57006, R39730
R57019, R48401
R57029, R44702
R57068, R46704
R57121, R19388
R57130, R31853
R57147, R85866
R57178, R49470
R57251, R80116
R57263, R42874
R57266, R63683
R57271, R85767
R57304, R16597
R57311, R78493
R57348, R79162
R57388, R68094
R57468, R65512
R57505, R94300
R57539, R75037
R57542, R89763
R57652, R20172
R57682, R83160
R57704, R39895
R57742, R77356
R57785, R75057
R57864, R86555
R57952, R81132
R57955, R20068
R57974, R99022
R57982, R48627
R58014, R34918
R58026, R30029
R58093, R74833
R58153, R45396
R58161, R95462
R58191, R77381
R58199, R45586
R58223, R95749
R58296, R35676
R58332, R79905
R58334, R68470
R58335, R71116
R58398, R56881
R58509, R49824
R58539, R84695
R58596, R19056
R58599, R72661
R58611, R66110
R58672, R65871
R58707, R97587
R58791, R44439
R58799, R30828
R58804, R35674
R58860, R75055
R58938, R54529
R58941, R29947
R58942, R63054
R58945, R27127
R58960, R11966
R58970, R66175
R59033, R12618
R59067, R92294
R59073, R66530
R59094, R66979
R59097, R32938
R59103, R20055
R59190, R24047
R59218, R29878
R59227, R62738
R59260, R78424
R59271, R51660
R59311, R24326
R59347, R70302
R59411, R56520
R59460, R18361
R59492, R87883
R59658, R55152
R59663, R50779
R59689, R75524
R59712, R14624
R59736, R49002
R59841, R72406
R59856, R75562
R59895, R79048
R59912, R19266
R59970, R14888
R60018, R39656
R60022, R33465
R60103, R12333
R60180, R59204
R60285, R90202
R60372, R79938
R60407, R60275
R60421, R83917
R60507, R47710
R60562, R64004
R60595, R91116
R60602, R83497
R60704, R73064
R60710, R66502
R60931, R92944
R60939, R90665
R60953, R84389
R60963, R51294
R60977, R52430
R60978, R16539
R60980, R36408
R61001, R19177
R61115, R92396
R61189, R71204
R61195, R36924
R61199, R93568
R61206, R63274
R61219, R19043
R61229, R53606
R61237, R40211
R61256, R83607
R61260, R95577
R61326, R70056
R61338, R82160
R61361, R22015
R61470, R16524
R61493, R31800
R61498, R89993
R61504, R49622
R61513, R23559
R61531, R54906
R61539, R96614
R61553, R29288
R61554, R17328
R61616, R31535
R61664, R87157
R61697, R90620
R61805, R12427
R61898, R92113
R61903, R53783
R61904, R10073
R61957, R21613
R61962, R78168
R61975, R91803
R62014, R64743
R62022, R43054
R62111, R73066
R62117, R17721
R62129, R57330
R62138, R17444
R62223, R99947
R62233, R82421
R62239, R53037
R62242, R77323
R62259, R17546
R62268, R45982
R62273, R20942
R62308, R99810
R62309, R14087
R62329, R71218
R62333, R26591
R62348, R92949
R62390, R34880
R62393, R67780
R62414, R65044
R62454, R34679
R62483, R39084
R62516, R42547
R62540, R89875
R62576, R47744
R62580, R63173
R62610, R49964
R62635, R54507
R62733, R96673
R62857, R91666
R62881, R96572
R62888, R10222
R62903, R16927
R62913, R46408
R62947, R63315
R63075, R39078
R63080, R27312
R63081, R84115
R63090, R90229
R63116, R57745
R63161, R53200
R63163, R56630
R63203, R63485
R63209, R69422
R63223, R68187
R63234, R65051
R63260, R20099
R63319, R55952
R63334, R24970
R63392, R44545
R63398, R29639
R63451, R68044
R63457, R10720
R63513, R73010
R63530, R30512
R63561, R33175
R63573, R15489
R63583, R57210
R63591, R60425
R63605, R85155
R63607, R86433
R63668, R51751
R63764, R61617
R63792, R31179
R63823, R20878
R63847, R20190
R63896, R76081
R63940, R11476
R63967, R74600
R64023, R41212
R64035, R26163
R64037, R48044
R64039, R20329
R64073, R32108
R64133, R47648
R64148, R16012
R64193, R38826
R64246, R85138
R64261, R55067
R64305, R81503
R64447, R36509
R64454, R48858
R64490, R14248
R64562, R63067
R64591, R72252
R64633, R68631
R64728, R87377
R64751, R45615
R64778, R97868
R64826, R98569
R64841, R35302
R64866, R70217
R64869, R14106
R64876, R27611
R64884, R25709
R64936, R98535
R64974, R84060
R65024, R13893
R65046, R90985
R65068, R58148
R65091, R55329
R65176, R18411
R65244, R66553
R65256, R13012
R65357, R73243
R65375, R25694
R65379, R80117
R65386, R30420
R65388, R38916
R65410, R63433
R65416, R33483
R65443, R17583
R65449, R33374
R65461, R28380
R65471, R45313
R65477, R23977
R65494, R69947
R65537, R32870
R65608, R67208
R65610, R53690
R65636, R58343
R65647, R10894
R65650, R58469
R65663, R69492
R65689, R62966
R65692, R68472
R65707, R48154
R65741, R89700
R65802, R99600
R65830, R66731
R65842, R15428
R65844, R12393
R65875, R20157
R65909, R47027
R65927, R80277
R65955, R54264
R65976, R72125
R66024, R45859
R66104, R86414
R66111, R74042
R66191, R12368
R66251, R81247
R66276, R98755
R66358, R72988
R66395, R38345
R66396, R43392
R66397, R17604
R66400, R61992
R66416, R77259
R66431, R61899
R66447, R46529
R66464, R44664
R66473, R86050
R66525, R92211
R66566, R85577
R66577, R10103
R66610, R99871
R66619, R30980
R66620, R41948
R66623, R28204
R66686, R51735
R66691, R31216
R66707, R32493
R66708, R97293
R66715, R53846
R66725, R95921
R66743, R66545
R66750, R73209
R66767, R22824
R66797, R21723
R66805, R87450
R66808, R74965
R66855, R21751
R66868, R62603
R66872, R30277
R66895, R55426
R66919, R80858
R66959, R38319
R66960, R51680
R66980, R37268
R66983, R53055
R67024, R91877
R67070, R46383
R67113, R84486
R67143, R68142
R67172, R40983
R67186, R19906
R67226, R70831
R67285, R13812
R67311, R89261
R67315, R17803
R67372, R47795
R67423, R18083
R67464, R70386
R67520, R68825
R67544, R46170
R67725, R15411
R67797, R81225
R67810, R89416
R67812, R62092
R67875, R38657
R67919, R18310
R67945, R72796
R67960, R23177
R67966, R91191
R67990, R65374
R68097, R80933
R68149, R65505
R68150, R92905
R68182, R12110
R68226, R22027
R68310, R14871
R68316, R20254
R68334, R75609
R68399, R81894
R68405, R81195
R68487, R60553
R68517, R99131
R68546, R61604
R68560, R94835
R68574, R96498
R68576, R59102
R68580, R63192
R68591, R76757
R68683, R32672
R68692, R77851
R68708, R89455
R68714, R43129
R68726, R15115
R68767, R50871
R68834, R86894
R68917, R64898
R68944, R52846
R68980, R39731
R69012, R52636
R69060, R10477
R69106, R13541
R69107, R55855
R69139, R28958
R69161, R58352
R69189, R72776
R69259, R76777
R69263, R82193
R69281, R38873
R69340, R78856
R69393, R34905
R69486, R43302
R69518, R50119
R69536, R16930
R69542, R84758
R69545, R92355
R69594, R86704
R69610, R79769
R69611, R95411
R69621, R54948
R69628, R90311
R69662, R20219
R69697, R99533
R69760, R94590
R69761, R84499
R69804, R66333
R69811, R22306
R69874, R69142
R69895, R90363
R69906, R29692
R69961, R46362
R69980, R16842
R70054, R73138
R70069, R85093
R70078, R44734
R70082, R69532
R70084, R21884
R70145, R83816
R70152, R39206
R70167, R61141
R70181, R91464
R70207, R90092
R70224, R15283
R70239, R76688
R70307, R49200
R70335, R37574
R70343, R16740
R70361, R14339
R70402, R54408
R70451, R40457
R70463, R77345
R70472, R82040
R70530, R25476
R70580, R63775
R70590, R21872
R70594, R74580
R70627, R57772
R70670, R49364
R70676, R70380
R70714, R34911
R70753, R32125
R70877, R12742
R70899, R58846
R70926, R62009
R70962, R88402
R71042, R92510
R71059, R57543
R71061, R60370
R71098, R88707
R71101, R32298
R71124, R62720
R71141, R46837
R71142, R55591
R71144, R27732
R71183, R57015
R71185, R90030
R71189, R93236
R71195, R64523
R71205, R42791
R71325, R58264
R71342, R61204
R71363, R97642
R71367, R69728
R71442, R32720
R71448, R23286
R71460, R43881
R71492, R63170
R71519, R43942
R71535, R94325
R71538, R43920
R71601, R35889
R71716, R61197
R71780, R48404
R71792, R94222
R71819, R35868
R71848, R73089
R71870, R37728
R71902, R24638
R71923, R64183
R71938, R36472
R71994, R45110
R72031, R57932
R72040, R71709
R72043, R43366
R72071, R17510
R72106, R94416
R72163, R22885
R72197, R54682
R72221, R56398
R72226, R10681
R72277, R61329
R72303, R23993
R72304, R83443
R72341, R46406
R72395, R21812
R72411, R26869
R72433, R60805
R72436, R50153
R72453, R85410
R72459, R71723
R72464, R28506
R72470, R77908
R72484, R18349
R72529, R23502
R72571, R67111
R72602, R85795
R72609, R96222
R72682, R49043
R72748, R53800
R72811, R82630
R72817, R82871
R72834, R27287
R72873, R36824
R72888, R83670
R72921, R43583
R72969, R58448
R73034, R76799
R73044, R70286
R73145, R36484
R73161, R37120
R73192, R17868
R73206, R58553
R73213, R57518
R73254, R67709
R73255, R44001
R73341, R38570
R73467, R68746
R73481, R90213
R73509, R52050
R73531, R51912
R73570, R37691
R73579, R31185
R73627, R91148
R73638, R70486
R73696, R14589
R73720, R24782
R73745, R87803
R73746, R37915
R73797, R23769
R73821, R87733
R73857, R59490
R73870, R57641
R73882, R42720
R73892, R82451
R73934, R96941
R73995, R76826
R74023, R33112
R74047, R44171
R74118, R91868
R74141, R43330
R74156, R51665
R74162, R54164
R74164, R26062
R74305, R47422
R74333, R57123
R74351, R88164
R74358, R71781
R74375, R30115
R74401, R31004
R74455, R86378
R74487, R27863
R74554, R62148
R74631, R14559
R74730, R58874
R74768, R48802
R74771, R35214
R74792, R94432
R74809, R15400
R74890, R69086
R74929, R83218
R74946, R47738
R75019, R66421
R75024, R46370
R75170, R28689
R75197, R92820
R75235, R51631
R75239, R19750
R75274, R46452
R75345, R79094
R75360, R51225
R75410, R33760
R75429, R42196
R75467, R17436
R75494, R82695
R75586, R71944
R75680, R63297
R75726, R54671
R75745, R54186
R75791, R86682
R75792, R87148
R75862, R46695
R75908, R29836
R75929, R13113
R75942, R71746
R75991, R83296
R76007, R14175
R76009, R43456
R76016, R49488
R76066, R42203
R76111, R96833
R76188, R77750
R76199, R93712
R76228, R12409
R76315, R11199
R76345, R32587
R76500, R55670
R76511, R75890
R76518, R55858
R76530, R33719
R76578, R42117
R76599, R36905
R76652, R58493
R76687, R90391
R76694, R94981
R76721, R20414
R76835, R82251
R76844, R53040
R76885, R85993
R76887, R46495
R76945, R20775
R76997, R89765
R77028, R21016
R77063, R68701
R77092, R96416
R77111, R25518
R77124, R85988
R77129, R57830
R77184, R23144
R77224, R28228
R77274, R33185
R77326, R29915
R77343, R13725
R77363, R49705
R77390, R53155
R77457, R40727
R77535, R31095
R77541, R30532
R77559, R68505
R77586, R82075
R77599, R59604
R77624, R74408
R77642, R58344
R77669, R41611
R77683, R72233
R77768, R11093
R77772, R49963
R77773, R33087
R77782, R30770
R77819, R15070
R77901, R97637
R77912, R54534
R77927, R12561
R77931, R98815
R77952, R64983
R77992, R99440
R77993, R91317
R78044, R51575
R78048, R12095
R78119, R12314
R78128, R67741
R78208, R85634
R78243, R22788
R78250, R58080
R78305, R39952
R78314, R53172
R78334, R27243
R78337, R94355
R78445, R95417
R78446, R50172
R78448, R14741
R78479, R29647
R78483, R33574
R78490, R20935
R78502, R44154
R78514, R58057
R78524, R80095
R78535, R43449
R78546, R62977
R78552, R66006
R78598, R12705
R78692, R91056
R78721, R19199
R78752, R77136
R78817, R31194
R78862, R46394
R78939, R60807
R78963, R42685
R79015, R69510
R79065, R64913
R79068, R82960
R79116, R64309
R79174, R39880
R79207, R10428
R79211, R79642
R79219, R13153
R79220, R48236
R79273, R30111
R79284, R84500
R79288, R30189
R79297, R79973
R79340, R50207
R79364, R50892
R79367, R45209
R79402, R21041
R79404, R42863
R79411, R29877
R79478, R23944
R79481, R90849
R79522, R76667
R79557, R70927
R79574, R93728
R79580, R27436
R79595, R60024
R79624, R44863
R79644, R25479
R79660, R63478
R79672, R87104
R79721, R47334
R79738, R76960
R79767, R77845
R79778, R94979
R79803, R23614
R79832, R17654
R79842, R19004
R79867, R91643
R79881, R42391
R79914, R61013
R79915, R65152
R79933, R66237
R79957, R59575
R80010, R14113
R80012, R62736
R80065, R93160
R80087, R28009
R80089, R29006
R80114, R55557
R80120, R94781
R80138, R53926
R80140, R42948
R80151, R67643
R80164, R12183
R80219, R80100
R80261, R72335
R80285, R99528
R80320, R36525
R80328, R66065
R80391, R86829
R80460, R32206
R80465, R33174
R80473, R53392
R80500, R36127
R80514, R83423
R80585, R54005
R80595, R35018
R80596, R59530
R80649, R76555
R80677, R98121
R80703, R52996
R80721, R73262
R80752, R48199
R80794, R36433
R80832, R76627
R80835, R95274
R80879, R26284
R80884, R47560
R80888, R49051
R80893, R31495
R80907, R40318
R80963, R41440
R80970, R40585
R80999, R79117
R81025, R50830
R81085, R40751
R81136, R68134
R81141, R47849
R81211, R17554
R81212, R60510
R81245, R18309
R81246, R26639
R81250, R99151
R81252, R79456
R81289, R25411
R81299, R87966
R81340, R49469
R81355, R72427
R81437, R83613
R81537, R68166
R81538, R39046
R81551, R31664
R81565, R57783
R81571, R86969
R81573, R52044
R81600, R89728
R81653, R16386
R81696, R51544
R81781, R92280
R81817, R57476
R81819, R30202
R81848, R63141
R81857, R69309
R81892, R35015
R81900, R76253
R81962, R77429
R81972, R33714
R82005, R10530
R82027, R41670
R82090, R98992
R82146, R80004
R82170, R20925
R82211, R90155
R82240, R59966
R82302, R30471
R82315, R82803
R82340, R68930
R82391, R95354
R82401, R71087
R82416, R67230
R82431, R36698
R82443, R17532
R82452, R63670
R82478, R72884
R82491, R17267
R82502, R17434
R82518, R66322
R82523, R18939
R82563, R86395
R82614, R63730
R82621, R92882
R82651, R24661
R82658, R25857
R82659, R49391
R82687, R60137
R82688, R82565
R82692, R49323
R82709, R10870
R82716, R33715
R82765, R92622
R82795, R65425
R82796, R50273
R82819, R27005
R82832, R12713
R82834, R16066
R82839, R99876
R82857, R90556
R82941, R97350
R82981, R54569
R83018, R21460
R83055, R30280
R83071, R65212
R83189, R52053
R83227, R61312
R83236, R17885
R83273, R17913
R83374, R83593
R83475, R72173
R83489, R11942
R83507, R92921
R83544, R70762
R83723, R59455
R83729, R11651
R83744, R27022
R83754, R87764
R83766, R90293
R83791, R94659
R83835, R33290
R83974, R96633
R84062, R48863
R84074, R66810
R84081, R63422
R84101, R95348
R84106, R15335
R84132, R54317
R84133, R49768
R84134, R70770
R84175, R57734
R84243, R72663
R84328, R97100
R84351, R13512
R84370, R62291
R84390, R37122
R84406, R75106
R84532, R32093
R84548, R81595
R84552, R72732
R84579, R47668
R84582, R43064
R84600, R56800
R84627, R87886
R84633, R20069
R84724, R38435
R84765, R84366
R84791, R39920
R84811, R43751
R84844, R69448
R84845, R81693
R84871, R98254
R84923, R31564
R84928, R81364
R84942, R50211
R84949, R66832
R84952, R32642
R85012, R19042
R85070, R26675
R85118, R41609
R85139, R40548
R85143, R87039
R85163, R14778
R85173, R59573
R85196, R85312
R85292, R89456
R85337, R73610
R85340, R80775
R85371, R80559
R85384, R47432
R85393, R45467
R85421, R94434
R85422, R43815
R85492, R90536
R85501, R84526
R85517, R38397
R85552, R86902
R85572, R87251
R85676, R14896
R85703, R89695
R85753, R19361
R85759, R79188
R85766, R25955
R85788, R41685
R85832, R62366
R85853, R69955
R85869, R59236
R85971, R99032
R85983, R12702
R85984, R20614
R85994, R63983
R86027, R18645
R86042, R83632
R86043, R86800
R86048, R51101
R86057, R92517
R86059, R50870
R86081, R34284
R86101, R32571
R86109, R52698
R86131, R96248
R86181, R45913
R86184, R23147
R86204, R32427
R86231, R56421
R86251, R90096
R86278, R98151
R86290, R73693
R86390, R60717
R86448, R82745
R86464, R15426
R86489, R83461
R86511, R73942
R86513, R78429
R86667, R70602
R86680, R25027
R86728, R66534
R86745, R42642
R86770, R49969
R86771, R93883
R86790, R90368
R86797, R12989
R86820, R55711
R86822, R82142
R86856, R38545
R86877, R89264
R86879, R40561
R86918, R81310
R86970, R44135
R86974, R39818
R86997, R22618
R87034, R30362
R87049, R18423
R87126, R42825
R87143, R93785
R87150, R58525
R87201, R84794
R87238, R43227
R87270, R63531
R87346, R69342
R87363, R43718
R87393, R10559
R87423, R88595
R87441, R56385
R87458, R38634
R87479, R29253
R87523, R65643
R87566, R80025
R87615, R85591
R87655, R53059
R87684, R47605
R87692, R13406
R87698, R94962
R87748, R72491
R87760, R11774
R87769, R88929
R87781, R91563
R87785, R77616
R87791, R43922
R87824, R47028
R87881, R26187
R87913, R12016
R87929, R51571
R87939, R56978
R88049, R42001
R88066, R16992
R88072, R61593
R88102, R29048
R88162, R31234
R88167, R14359
R88185, R67774
R88231, R41417
R88257, R45972
R88263, R88492
R88270, R51876
R88284, R12965
R88304, R92210
R88329, R13276
R88330, R64150
R88340, R27289
R88391, R84358
R88396, R63199
R88412, R68989
R88421, R41883
R88494, R13072
R88531, R76703
R88539, R27947
R88542, R61159
R88552, R22324
R88567, R83809
R88600, R47609
R88733, R20837
R88849, R18773
R88880, R30339
R88926, R76023
R88965, R31056
R88979, R75320
R89001, R82281
R89015, R70050
R89047, R79200
R89093, R34603
R89209, R86453
R89214, R31904
R89215, R99060
R89242, R78748
R89357, R63990
R89381, R11666
R89383, R96436
R89411, R70618
R89441, R40249
R89445, R86292
R89475, R48943
R89500, R63322
R89530, R95556
R89547, R21514
R89574, R74064
R89578, R16820
R89584, R55131
R89614, R24295
R89645, R66985
R89701, R13645
R89773, R30835
R89802, R60520
R89807, R98156
R89836, R16884
R89842, R59731
R89904, R85587
R89922, R20766
R89975, R48722
R89990, R61942
R90007, R21220
R90020, R55848
R90024, R15657
R90145, R47455
R90149, R83434
R90186, R93521
R90264, R53660
R90302, R14051
R90315, R96854
R90326, R87633
R90327, R61742
R90357, R63772
R90365, R67611
R90402, R23526
R90429, R57139
R90448, R42374
R90465, R18935
R90492, R74933
R90513, R88256
R90531, R92910
R90538, R34852
R90561, R49163
R90571, R28597
R90585, R44753
R90600, R48270
R90618, R49217
R90623, R12510
R90658, R44534
R90722, R25089
R90769, R25030
R90819, R27984
R90830, R11385
R90844, R75581
R90912, R99615
R90959, R34405
R90971, R30394
R90990, R63456
R91001, R50739
R91011, R65387
R91051, R61138
R91053, R33859
R91054, R25019
R91067, R26556
R91147, R32615
R91288, R14428
R91318, R84219
R91326, R75348
R91343, R73699
R91433, R15786
R91448, R81699
R91461, R92202
R91469, R33073
R91497, R66500
R91533, R20320
R91540, R31801
R91573, R70214
R91599, R29440
R91611, R52036
R91630, R50246
R91638, R57048
R91758, R31024
R91773, R95187
R91811, R33053
R91818, R22303
R91872, R95364
R91899, R89030
R91902, R66203
R91918, R62074
R91966, R44037
R91972, R17911
R91980, R55625
R92011, R78010
R92101, R83705
R92159, R31675
R92169, R81119
R92209, R36347
R92231, R42396
R92233, R49079
R92283, R35502
R92321, R16847
R92335, R78336
R92384, R26321
R92390, R14523
R92412, R74462
R92440, R21006
R92476, R22099
R92562, R31436
R92563, R60734
R92568, R18578
R92589, R91460
R92605, R70925
R92606, R80614
R92642, R47237
R92690, R77310
R92708, R23501
R92718, R74753
R92727, R29939
R92740, R76863
R92813, R20953
R92836, R28433
R92923, R93513
R92988, R18063
R93090, R18986
R93167, R62241
R93171, R77849
R93185, R33764
R93246, R97305
R93290, R88100
R93291, R44049
R93308, R98656
R93331, R26359
R93333, R46693
R93335, R91684
R93346, R54262
R93384, R22174
R93392, R86857
R93400, R34215
R93470, R50237
R93561, R36963
R93571, R20165
R93577, R21286
R93630, R74943
R93659, R91076
R93735, R23410
R93796, R83348
R93832, R33301
R93869, R69087
R93877, R40495
R93939, R15145
R93961, R23228
R94051, R94507
R94114, R94585
R94150, R63001
R94194, R23713
R94207, R59850
R94260, R25995
R94277, R47252
R94323, R74056
R94324, R49703
R94377, R67065
R94393, R23691
R94409, R70771
R94429, R82087
R94454, R23052
R94551, R67206
R94607, R55929
R94641, R22445
R94708, R78815
R94755, R74119
R94774, R36022
R94776, R75155
R94796, R25112
R94804, R11009
R94815, R40954
R94855, R37359
R94908, R32299
R94969, R58531
R94971, R40662
R95010, R50825
R95054, R83603
R95141, R16104
R95168, R26260
R95281, R42343
R95328, R70081
R95345, R44469
R95382, R38458
R95385, R56165
R95418, R61039
R95444, R21811
R95496, R15776
R95550, R49657
R95560, R26908
R95567, R44706
R95569, R57017
R95573, R89435
R95615, R41299
R95732, R82215
R95755, R41438
R95768, R33247
R95773, R12496
R95777, R79542
R95778, R57833
R95792, R36421
R95802, R43464
R95806, R95647
R96046, R31684
R96065, R40739
R96095, R50714
R96115, R10022
R96170, R41959
R96185, R88791
R96251, R16878
R96343, R19886
R96348, R51475
R96377, R52651
R96422, R91276
R96463, R84907
R96466, R16049
R96477, R12031
R96495, R86957
R96503, R79344
R96507, R46673
R96517, R51635
R96541, R81278
R96543, R44128
R96579, R59157
R96605, R49056
R96634, R96997
R96657, R47566
R96684, R79385
R96699, R15299
R96718, R55275
R96734, R38658
R96741, R40916
R96748, R51697
R96753, R55619
R96758, R72294
R96766, R63035
R96784, R18467
R96815, R39637
R96840, R25295
R96841, R64819
R96861, R75401
R96866, R28231
R96876, R70237
R96877, R42182
R96880, R90350
R96886, R28083
R96909, R26629
R96915, R52838
R96949, R74227
R96974, R45678
R97042, R88234
R97090, R18102
R97122, R53842
R97126, R37562
R97213, R46081
R97217, R47289
R97227, R72521
R97236, R44255
R97243, R20468
R97330, R85674
R97359, R99260
R97377, R17837
R97442, R70797
R97480, R21263
R97492, R78421
R97524, R66336
R97534, R97813
R97563, R93310
R97572, R76875
R97576, R76866
R97592, R75285
R97607, R54938
R97651, R76067
R97653, R36665
R97706, R57112
R97712, R44772
R97719, R31704
R97814, R45703
R97852, R93002
R97929, R23599
R98017, R91507
R98058, R83049
R98099, R36806
R98102, R97650
R98127, R25348
R98281, R61036
R98317, R87113
R98369, R74464
R98461, R86533
R98489, R79779
R98563, R98206
R98635, R39218
R98693, R69104
R98712, R64294
R98800, R95366
R98806, R48532
R98808, R46034
R98814, R41878
R98851, R28898
R98856, R75513
R98953, R66717
R98970, R62403
R98973, R66645
R99010, R12545
R99061, R20883
R99065, R34061
R99083, R87368
R99088, R45694
R99092, R71523
R99143, R38482
R99167, R78702
R99201, R26762
R99213, R19229
R99232, R66683
R99236, R64188
R99263, R18940
R99281, R52123
R99328, R72787
R99342, R22300
R99385, R61123
R99389, R47855
R99496, R70535
R99499, R67360
R99552, R52973
R99656, R25613
R99693, R18729
R99694, R81720
R99707, R54786
R99731, R63724
R99755, R25463
R99872, R63438
R99898, R78114
R99946, R36119
R99959, R99789
R99961, R40980
R99977, R91275
